venue_id,overture_name,yelp_name,yelp_id,yelp_rating,yelp_review_count,match_confidence
238411,Upper Oso Campground,Upper Oso Campground,yFHFfDAnnrO6JQY-AgTgQw,4.0,13,100.0
238418,Upper Oso Campground,Upper Oso Campground,yFHFfDAnnrO6JQY-AgTgQw,4.0,13,100.0
238419,Paradise Campground,Paradise Campground,_j3bPrVniuj7zjLYtqndvg,3.0,36,100.0
238429,Red Rock Trail,Red Rock Trail,CTw1twYjlN4MvFBPaMxm7g,4.5,7,100.0
238430,Fremont Campground,Fremont Campground,WshEBfK1zO4Px2z7JpEb-w,3.5,51,100.0
238431,Los Prietos Campground,Los Prietos Campground,IpA_AqlvRfWL9IH-WRSLcw,3.0,48,100.0
238435,Rancho Oso RV & Camping Resort,Rancho Oso RV & Camping Resort,XIxRVknkLox7_Z9ppmHepg,3.5,90,100.0
238439,Fremont Campground,Fremont Campground,WshEBfK1zO4Px2z7JpEb-w,3.5,51,100.0
238441,Sage Hill Campground,Sage Hill Campground,OOlnM8jfJEBmSvapU9tP6A,4.5,6,100.0
238444,Sage Hill Group Campground,Sage Hill Campground,OOlnM8jfJEBmSvapU9tP6A,4.5,6,86.95652173913044
238445,Rancho San Marcos Golf Course,Rancho San Marcos Golf Course,hYlAyz4RM1kE7ErPhPQ2xw,4.5,33,100.0
238446,Rancho San Marcos Golf Course,Rancho San Marcos Golf Course,hYlAyz4RM1kE7ErPhPQ2xw,4.5,33,100.0
238447,Cold Spring Tavern,Cold Spring Tavern,0qu0fNTOsSmuREYVIMPuIQ,4.5,1018,100.0
238448,Cold Spring Tavern,Cold Spring Tavern,0qu0fNTOsSmuREYVIMPuIQ,4.5,1018,100.0
238455,Upper Oso Campground,Upper Oso Campground,yFHFfDAnnrO6JQY-AgTgQw,4.0,13,100.0
238458,Red Rock Santa Barbara,Rockin' Kids Santa Barbara,XCyjkJf-Abj6z4Aqe1fB1g,3.5,21,83.33333333333334
238475,White Lotus Yoga Foundation,White Lotus Yoga Foundation,Nbp6qquQh2MOaVE1HFQafA,4.0,12,100.0
238478,La Cumbre Peak,La Cumbre Plaza,qBTyG8JYYE8DWur0eBTYcw,3.0,27,82.75862068965517
238481,Santa Barbara Mountains,Santa Barbara Nails,GctpGtQPijpg3uTjzOrafQ,4.0,30,85.71428571428572
238491,Chumash Painted Cave State Historic Park,Chumash Painted Cave State Historic Park,mndXN5-DmwW3xzxK7XoMmg,3.5,48,100.0
238494,Winchester Canyon Gun Club,Winchester Canyon Gun Club,yQ2s6NUfRGQhq-lWIb3E_g,4.0,9,100.0
238502,Cathedral Peak,Cathedral Peak Hike,WgsLAKkx5XEi0sMH_E95RA,4.5,5,84.84848484848484
238506,Picotte Windchimes,Picotte Windchimes,hftQ9X-z816C1ikF8DgD1w,5.0,5,100.0
238510,Santa Barbara Wine Country,Santa Barbara Wine Country Tours,TvBxBjed-iX6_22SwEYEFQ,5.0,23,89.65517241379311
238555,Complete Care Santa Barbara,Optometry Care Santa Barbara,dO8mWdDY04Bxejg2AQ6mew,4.0,37,83.63636363636364
238561,Cold Springs Trail,Cold Spring Trail,UapYEoW56wKcS_NVc_AGhA,4.5,23,97.14285714285714
238566,Acme Detection,Acme Detection,cxwLQ1dhonl4Q3ektY_MTg,5.0,11,100.0
238568,Hot Springs Trail,Cold Spring Trail,UapYEoW56wKcS_NVc_AGhA,4.5,23,82.35294117647058
238579,Super Bee Rescue and Removal,Super Bee Rescue and Removal,dld9HhmtWlZwM-8evbtUlQ,5.0,14,100.0
238585,Jesusita Trailhead,Jesusita Trail,-QW-w0sgpjn9d6kADhk-cA,4.5,24,87.5
238587,Santa Barbara FNL,LF Santa Barbara,6zsdSFG86YXsgWK1wtU-3g,3.0,37,90.9090909090909
238607,Santa Barbara County Education,Santa Barbara County Limousine,2VhnG5W9n0mp9eTr38nzVA,5.0,7,80.0
238608,County of Santa Barbara,City of Santa Barbara,VafFgSte05Q2erUYIxINSQ,4.0,72,90.9090909090909
238611,Aa Appliance Repair,AA Appliance Repair,_PZGrevgQ_YBdX5CUl5IdA,3.5,13,100.0
238648,Westmont College,Westmont College,qBuAOvZxWwFLx0ECE7fdfg,4.5,13,100.0
238650,Santa Barbara Botanica Garden,Santa Barbara Botanic Garden,Kd2ldlgqcWP7drZ-ChG4Kw,4.0,266,98.24561403508771
238651,Sansum Clinic Foothill Medical and Surgical Center,Sansum Clinic Foothill Medical & Surgical Center,d6-qJAit1u9uIgujopt4tQ,2.5,8,95.91836734693877
238653,"Andrew Mester, M.D.","Andrew Mester, MD",k8QDx5cHoihhyzna5jEXPw,3.0,14,94.44444444444444
238667,Dr. Toni Meyers MD,"Toni Meyers, MD",Dg_PQvLqAWi0putGS4qBhg,3.0,6,84.84848484848484
238673,Caf 154,Cafe 154,0iLgVQpBeIYYwQZIblTTVw,4.0,10,93.33333333333333
238680,Cool Couriers Santa Barbara Delivery Service,Cool Couriers Santa Barbara Delivery Service,G2Mdyjts3zs8VKPi0jhLNQ,5.0,5,100.0
238682,Tucker's Grove Park,Tucker's Grove,se46OSoWF5GprhuXjM5eMQ,4.0,26,84.84848484848484
238684,Santa Barbara County Fire Department,Santa Barbara Police Department,PTGq3QNcnOfcddz35Wq5HQ,2.0,25,80.59701492537313
238706,"Toni Meyers, MD","Toni Meyers, MD",Dg_PQvLqAWi0putGS4qBhg,3.0,6,100.0
238711,"Scott Tobis, MD","Scott Tobis, MD",4sFyCJXxKGFfRaTC9XeVRw,4.5,9,100.0
238722,"Mark Silverberg, MD, FAAP, FAAO","Mark Silverberg, MD, FAAP, FAAO",_4N42lxdqnKFPKOOFhc0xw,4.5,19,100.0
238731,Dr. Andrew Mester MD,"Andrew Mester, MD",k8QDx5cHoihhyzna5jEXPw,3.0,14,86.48648648648648
238753,Fat Eyes Web Development,Fat Eyes Web Development,6U0DYIr-QUBJpahZwk3wVg,5.0,6,100.0
238760,Westmont Dining Commons,Westmont Dining Commons,vyxxsn2l6ELF2Yoxr6BWcw,3.0,7,100.0
238761,Market Forays,Market Forays,MsqmvxOvkOnofmLlFM1iHg,4.5,8,100.0
238768,Foothill Pet Hospital,Foothill Pet Hospital,L8Xd7I37rzXxblsmkiSGrQ,3.5,41,100.0
238775,Santa Barbara Event Space,Santa Barbara Dental Spa,45RoPYFvQu1GuqOAoIs11Q,4.5,22,85.71428571428572
238787,Santa Barbara Pools,Pour Santa Barbara,3hv0_BFbB32m_hay8zxfJg,5.0,14,86.48648648648648
238791,Mann Construction,MAC Construction,dIYGIJtF9PGlrtSF8Os63Q,5.0,20,90.9090909090909
238824,Santa Barbara Botanic Garden,Santa Barbara Botanic Garden,Kd2ldlgqcWP7drZ-ChG4Kw,4.0,266,100.0
238826,The Santa Barbara Botanic Garden,Santa Barbara Botanic Garden,Kd2ldlgqcWP7drZ-ChG4Kw,4.0,266,93.33333333333333
238833,St Mary Seminary,St Mary's Seminary,F1RcL9_4CG70UfqP2KDCGw,5.0,17,94.11764705882352
238850,Lucia Kiel Portraits,Lucia Kiel Portraits,8d_U3t_R7icctshEPjP_wA,5.0,8,100.0
238859,Saint Barbara Event Center,Santa Barbara Design Center,jQzW5TzidnTC_aU9nGFYHg,4.5,35,83.01886792452831
238864,The Cove Santa Barbara,Santa Barbara PC Tech,STMmqr8liHiphy18PQIUsg,4.5,11,83.72093023255813
238882,"The Ritz-Carlton Bacara, Santa Barbara","The Ritz-Carlton Bacara, Santa Barbara",8A5LSwsKK5vXDH1M3_Tf1w,3.5,1383,100.0
238883,Angel Oak,Angel Oak,Slg6Ec2D7vEBRmgVUfwkzQ,4.0,202,100.0
238885,The Bistro,The Bistro,ctVn7wMvJX8f4Z9SnOnrHw,3.5,243,100.0
238887,Angel Oak,Angel Oak,Slg6Ec2D7vEBRmgVUfwkzQ,4.0,202,100.0
238923,SERVPRO of Santa Barbara,SERVPRO of Santa Barbara,XaNaJg7W4BJEP0h06N00MQ,4.5,17,100.0
238931,Santa Barbara Nissan,Santa Barbara Nails,GctpGtQPijpg3uTjzOrafQ,4.0,30,87.17948717948718
238947,Santa Barbara Nissan,Santa Barbara Nails,GctpGtQPijpg3uTjzOrafQ,4.0,30,87.17948717948718
238952,The Dance Network,The Dance Network,pqseW6lN4AAOrrxZuA2oYw,5.0,9,100.0
238956,SERVPRO of Santa Barbara,SERVPRO of Santa Barbara,XaNaJg7W4BJEP0h06N00MQ,4.5,17,100.0
238962,Sansum Clinic,Sansum Clinic,VlalZF61Sz_uOwU4tAWeBQ,3.0,12,100.0
238968,Impulse Advanced Communications,Impulse Advanced Communications,bF4N8Y85dDjWHcWz_qM04g,2.0,5,100.0
238974,Lane Farms Produce Stand,Lane Farms Produce Stand & Patch,Y6WDt1LiVZNNDCN8dR_bZg,4.0,41,85.71428571428572
238978,Santa Barbara Plumbing Experts,Santa Barbara Plumbing,EbG-jN4fJqf2QDfiPwxZvg,4.5,11,84.61538461538461
238986,The Management Trust,The Management Trust,aWZoACRy903cX9EQQHdGhQ,4.0,5,100.0
238987,Cottage Hospital Emergency Room,Santa Barbara Cottage Hospital Emergency Room,YWkklfkQOs2RFAk52HzA1Q,2.5,12,81.57894736842105
238988,Santa Barbara Hope Ranch,Santa Barbara Chicken Ranch,eBxc95u_Gcs9bLST0UntOQ,4.0,378,86.27450980392157
238991,Tesla Santa Barbara,Santa Barbara Spa,QwYRo9G4GsSRG3zvxCuFHw,5.0,13,88.88888888888889
239002,Raymond J Johansen DMD Inc,Raymond J Johansen DMD,FulJcD87UMj77cThpfaVLA,5.0,6,91.66666666666666
239005,Pacheco-Medina Dental Corporation,Pacheco-Medina Dental Corporation,p6sqeSJIpZ-ylXNdBp_ksw,3.5,9,100.0
239017,Porsche Santa Barbara,Porsche Santa Barbara,3ZqShggSayVJ_OJ0DXpvHA,3.5,18,100.0
239018,Santa Barbara Auto Group,Santa Barbara Auto Group,j4xECU8RJb3zpanu3RSpmw,4.0,117,100.0
239019,BMW Santa Barbara,BMW Santa Barbara,rlwQdQl4TxRLhqrBN8f9gA,4.0,51,100.0
239020,Audi Santa Barbara,Audi Santa Barbara,7_xhzt0lODObLZaMUP_XLw,3.0,25,100.0
239021,Mercedes-Benz Santa Barbara,Mercedes-Benz Santa Barbara,geMnSp7xqInp9fVGWbelXQ,4.0,14,100.0
239022,Audi Santa Barbara,Audi Santa Barbara,7_xhzt0lODObLZaMUP_XLw,3.0,25,100.0
239024,BMW Santa Barbara,BMW Santa Barbara,rlwQdQl4TxRLhqrBN8f9gA,4.0,51,100.0
239025,Santa Barbara Auto Group,Santa Barbara Auto Group,j4xECU8RJb3zpanu3RSpmw,4.0,117,100.0
239026,Porsche Santa Barbara Service Department,Santa Barbara Police Department,PTGq3QNcnOfcddz35Wq5HQ,2.0,25,81.69014084507043
239029,Lexus of Santa Barbara,Lexus Santa Barbara,LM6pBWPuIuJJ8Y11RzlbPQ,4.5,261,92.6829268292683
239030,La Cumbre Golf & Country Club,La Cumbre Golf & Country Club,p-K5hbIUCgXYI-DtMnl-CA,5.0,6,100.0
239032,Metropolitan Theatres,Metropolitan Metro 4 Theatre,boTwyOpii_MfFwwo6gPp6w,3.0,60,81.63265306122449
239034,smart Center Santa Barbara,Santa Barbara Yoga Center,S5ZZdEHbEa2M0A5p1zX6gw,4.5,38,86.27450980392157
239037,Lexus Santa Barbara,Lexus Santa Barbara,LM6pBWPuIuJJ8Y11RzlbPQ,4.5,261,100.0
239043,Alexander Gardens Assisted Living,Alexander Gardens Assisted Living,u4kOWEZ2K08eUdWlE2YYwQ,4.0,9,100.0
239044,Santa Barbara Gym & Fitness,Santa Barbara Gym & Fitness,wRkY9ZbmD7UJ2zFVMekRpQ,4.5,16,100.0
239046,Santa Barbara Bowl,Santa Barbara Bowl,u09K1WNeI801wdd0NsSLoQ,4.5,314,100.0
239047,Renga Brothers Interiors,Renga Brothers Interiors,_ztIlSJYLa_Pzd5ak-xmXg,5.0,5,100.0
239049,Santa Barbara Chicken Ranch,Santa Barbara Chicken Ranch,eBxc95u_Gcs9bLST0UntOQ,4.0,378,100.0
239054,Nawbo Santa Barbara,Santa Barbara Harbor,TDXzJrOJTdja-3SIWZu6FQ,4.5,32,87.17948717948718
239055,Good Company Santa Barbara,Santa Barbara Company,nPzqScDSAXsqB1OwFK7Epg,5.0,20,89.36170212765957
239056,Yellow Belly Tap,Yellow Belly,q-1ICFSqs2MwDGfe5tX-SQ,4.0,337,85.71428571428572
239058,Santa Barbara Collective,Santa Barbara Collective,D5eQp0MHzKNfMVvOCoREWg,4.0,8,100.0
239064,Michael Renga Flooring,Michael Renga Flooring,5_dI2mAdaz7XnyhuyOXzzw,4.5,13,100.0
239065,Underground Hair Artists,Underground Hair Artists,Q8So7F6LuHCh2UGCbWkpMw,4.5,140,100.0
239068,Land Rover Santa Barbara,Land Rover Santa Barbara,U22eDdkE5xH-gKsDZcknGA,3.5,21,100.0
239069,The Natural Cafe,The Natural Cafe,lu2UpRHLBZfvLG_caNEHKQ,4.0,566,100.0
239073,Natural Cafe,The Natural Cafe,lu2UpRHLBZfvLG_caNEHKQ,4.0,566,85.71428571428572
239075,La Cumbre Golf And Country Club,La Cumbre Golf & Country Club,p-K5hbIUCgXYI-DtMnl-CA,5.0,6,93.33333333333333
239076,Santa Barbara Family Chiropractic,Santa Barbara Family Chiropractic,Awasq-hc1QjrYjvM13IRgw,5.0,34,100.0
239083,Acura Santa Barbara,Acura Santa Barbara,0bcrp5XdgxABZ4jZDjBwAw,4.5,12,100.0
239085,Santa Barbara Jujitsu Kai,Kaia FIT Santa Barbara,Zk_tKAMay086sf97j_l7mA,5.0,6,85.1063829787234
239093,Quest Diagnostics,Quest Diagnostics,XQEBvhMQk7qvZdIg8km1Fg,3.0,13,100.0
239103,Szymkowiak Anna DDS,"Anna M. Szymkowiak, DDS",yD1y4BkjalyzFLXGYW7kzA,4.5,8,90.47619047619048
239105,Jeffrey A. Stratford-Jones DDS,"Jeffrey A. Stratford-Jones, DDS",prcDE-bm463NIptThbYCIA,4.0,37,98.36065573770492
239106,Core Chiropractic Center of Santa Barbara,Core Chiropractic Center of Santa Barbara,cEui-VKduKYa0HqjimzuAQ,5.0,8,100.0
239109,Queen of Clean Service,Queen of Clean Service,Q4AFKwNVBto8mBcf-oEPMQ,4.0,47,100.0
239116,Union Bank,Union Bank,YW9bxMWQ3lUoi64lirtZYg,3.0,5,100.0
239122,United Studios of Self Defense,United Studios of Self Defense,WSJXOr-RVNJSgFqg1Iq-nA,4.0,7,100.0
239124,Gatl Santa Barbara Ca,Santa Barbara Gas,7YNFCvQcWMVYMAWbKSBDMg,3.0,19,84.21052631578947
239127,Maitri Wellness Center,Inner Wellness  Cente,UOj67HwLWdmCxereBvIlUQ,5.0,18,80.95238095238095
239129,"Dr. Steven W. Pearson, M.D.","Steven W. Pearson, MD",x7_JxtIkM4dbfTiz8nLGwg,3.0,10,87.5
239130,Ace Appliance Services,Ace Appliance Service,e-ta9u8aP3EuAsMwz8csAw,4.0,11,97.67441860465115
239131,sweet cheeks,Sweet Cheeks,OT4R5rZTUm97bdoT-VT-cw,5.0,82,100.0
239132,"John David Mccaffery, MD","John D McCaffery,MD",I9CcUo955h_e_coV3CHVlA,3.0,13,88.37209302325581
239133,San Marcos Parent Child Workshop,San Marcos Parent-Child Workshop,s_cGPAw71FeK1wgxXyD9kQ,5.0,9,81.25
239141,The Point Market at Walnut Shell,The Point Market at Walnut Shell,Cd-hiDiuj7TFv8b_Nln5aA,3.5,11,100.0
239144,Santa Barbara Internal Medicine Group,Santa Barbara Internal Medicine Group,gsJywZ_Blin0Yv_4cIDfXA,3.0,10,100.0
239145,Matthew Pifer,"Matthew Pifer, MD",ciHXZbhXifQSKPE4Ypc9vw,4.5,18,86.66666666666667
239149,ENT Associates of Santa Barbara,Neurology Associates of Santa Barbara,Pxkkb2ekNo2GIhnednnbfw,3.5,8,85.29411764705883
239151,Jackson Medical Group,Jackson Medical Group,MCTnEaQ18LABgdS1MiH_uA,3.0,29,100.0
239156,Aesthetic Center for Plastic Surgery,Aesthetic Center for Plastic Surgery,tc5K4YpRRZyBHG8a05Kgbg,4.5,12,100.0
239160,Dr Steven W Pearson MD,"Steven W. Pearson, MD",x7_JxtIkM4dbfTiz8nLGwg,3.0,10,88.37209302325581
239161,Aesthetic Center for Plastic Surgery,Aesthetic Center for Plastic Surgery,tc5K4YpRRZyBHG8a05Kgbg,4.5,12,100.0
239164,Liza G Presser Belkin,"Liza Presser Belkin, MD",tE2bjfTQ3rtF7nbyFoe-KQ,4.0,5,86.36363636363636
239170,Shell,Shell,FVu6kUpm_e8jj6pPj_DwvQ,2.5,14,100.0
239172,Santa Barbara County Limousine,Santa Barbara County Limousine,2VhnG5W9n0mp9eTr38nzVA,5.0,7,100.0
239178,Santa Barbara Tamales,Sears Santa Barbara,m1Z74PzxN8zFQlcfBI0qVg,2.0,51,80.0
239222,A & E Automotive,C & S Automotive,KOyZKyS6ybGNloICv1pg5w,4.5,12,81.25
239224,El Rincon Bohemio,El Rincon Bohemio,vi5xjfEhV6rnXrC_GbdhnA,3.5,87,100.0
239229,E Salon,Luce Salon,RvpM--0mCVEBGiPNTekxlA,4.5,20,82.35294117647058
239232,Santa Barbara Care Center,Santa Barbara Green Clean,tSvEHCTrL7lSGJm-2Q46Zw,3.5,12,80.0
239236,Habit Burger & Grill,Habit Burger Grill,-ipZBVF9nWm1vzrvQ3444A,4.0,131,94.73684210526316
239274,Fuel Depot,Fuel Depot,Vb-9SshcFWWDNcLYgCAtkw,2.5,6,100.0
239299,The Habit Burger Grill,Habit Burger Grill,-ipZBVF9nWm1vzrvQ3444A,4.0,131,90.0
239317,Velo Pro Cyclery,Velo Pro Cyclery,f5sQmbttj4pSvFSJTApcPA,4.5,49,100.0
239332,Blue Blossoms,Blue Blossoms,R1tpkYIMsvj4Amj-2NS5Kw,5.0,48,100.0
239336,Santa Barbara Catering Co,Maserati of Santa Barbara,g1b4_6-rdTKxvVl6OaAivQ,2.0,7,80.0
239341,7-Eleven,7-Eleven,_TEWOkqBWDtNigjujuPQfw,2.5,11,100.0
239360,Santa Barbara Aquatics,Audi Santa Barbara,7_xhzt0lODObLZaMUP_XLw,3.0,25,85.0
239373,O'Reilly Auto Parts,O'Reilly Auto Parts,KFUvV0ZGNpQqJqbJZoMutQ,4.0,30,100.0
239398,Enterprise Rent-A-Car,Enterprise Rent-A-Car,vTKvukNEAErW24Y6QxKDKw,3.5,17,100.0
239400,Tint Works Window Tinting,Tint Works Window Tinting,3Ekl1I4xBRR3Yf2hBqQFhQ,5.0,63,100.0
239416,Goodland Florist,Goodland Floors,EmSZpp6V0CTBrpXPjD6hvA,4.5,12,90.32258064516128
239417,Oriental Market,Choi's Oriental Market,OzGk7arJv6FPrWqaYSvyKQ,4.5,175,81.08108108108108
239431,Top Shop Automotive,Top Shop Automotive,9cJ9vOI-wmOBdfq_KyZnFw,4.0,87,100.0
239439,Santa Barbara Sub Zero & Viking,Santa Barbara Sub Zero & Viking,Alaor1SXjdIhPnO_03UzWA,5.0,19,100.0
239442,Starbucks,Starbucks,KiE0h68HGOO7ZXAqkMBdiw,2.5,35,100.0
239447,Magnolia Liquors,Magnolia Liquors,VOhZZ_8YhJ1mw8zmuw4k-w,2.5,7,100.0
239448,Bennett's Toys & Educational Materials,Bennett's Toys & Educational Materials,gu_MWdst37bRu_jX5MYQ8A,4.5,12,100.0
239449,Wolfe & Associates Property Services,Wolfe & Associates Property Services,R_idF34vAnYIBiTbRHMCJw,2.0,60,100.0
239450,Martin Family Dentistry,Martin Family Dentistry,fN78Oi_22vn7uaXk6XoZug,5.0,9,100.0
239455,"Jeffrey A. Stratford-Jones, DDS","Jeffrey A. Stratford-Jones, DDS",prcDE-bm463NIptThbYCIA,4.0,37,100.0
239458,La Sumida Nursery,La Sumida Nursery,Hswiw3cVLOgszw-Yy3nMPw,3.5,41,100.0
239459,Buena Vista Care Center,Buena Vista Care Center,Axnsh0Rq7ApNauBVMeRhjQ,2.0,11,100.0
239467,Castle Refinishing,Castle Refinishing,gLEUrKvFnu7EwUhlnloB0Q,3.5,5,100.0
239469,Del Pueblo Cafe,Del Pueblo Cafe,FE5R_F7svUphKeUWuxA0JA,4.0,206,100.0
239475,Waldorf School of Santa Barbara,Santa Barbara Surf School,XcMTtU_twdP_Zd7oWBkceg,5.0,22,82.14285714285714
239477,Magnolia Barber Shop,Magnolia Barber Shop,F4F-jm3vmeQ38nxXViw_hA,4.5,41,100.0
239481,Minhly's Nails,Minhly's Nails,FjakK7XY7VMeKzT_XwDxxQ,4.5,103,100.0
239486,Santa Barbara Realty,Santa Barbara Nails,GctpGtQPijpg3uTjzOrafQ,4.0,30,82.05128205128204
239491,Santa Barbara School of Music,Santa Barbara School of Mosaic Art,YsyHm5VNYMCx1wpuTaATmw,4.5,7,88.88888888888889
239499,Choi's Oriental Market,Choi's Oriental Market,OzGk7arJv6FPrWqaYSvyKQ,4.5,175,100.0
239503,Notown Tavern,Notown Tavern,A7Uwcr1BjasB6BWke1hrfA,5.0,6,100.0
239504,Angel Veterinary Hospital,Angel Veterinary Hospital,Mb4VcZyATLrEODhqVqYTkQ,2.5,7,100.0
239505,Supercuts,Supercuts,XtvbV1mOqzHIyZn8tFtcjA,4.5,79,100.0
239506,Woody's BBQ,Woody's BBQ,Oeaerj6kDDBRGnUh0wLAvA,3.0,286,100.0
239508,Tower Roofing,Tower Roofing,4ZDYnJs-tkPYLPFudiUbZA,3.5,11,100.0
239509,Alfred's Tailoring,Alfred's Tailoring,7OPE07TjAbctFTY17X3nhA,4.5,28,100.0
239514,Shear Envy,Shear Envy,zW9bvD2OoRNiCBCzIDvzvg,4.5,14,100.0
239515,7-Eleven,7-Eleven,_TEWOkqBWDtNigjujuPQfw,2.5,11,100.0
239521,Killer B Fitness,Killer B Fitness,2hKP7ECCK5IqnjSI0VKp3w,5.0,25,100.0
239523,Passport Health,PassPort Health,wDrqwHiQzjxII30jIuBEAQ,2.0,7,100.0
239532,Advanced Chiropractic Group,Advanced Chiropractic Group,wESxUpe3g1CVZ5VleisVLg,4.5,28,100.0
239538,Gladden & Sons Produce,Gladden and Sons Produce,f6eBJT2jiXXBkrlHdJMbcA,4.5,40,91.30434782608697
239541,Francie Naval Dds,Francie Naval DDS,q4cOHUA4-LYblwBmC5jM2A,5.0,8,100.0
239546,Eye & Vision Care,Eye & Vision Care,dSdW9-svQrc_QqPS_45xPQ,4.0,64,100.0
239553,Monty's,Monty's,sjP_8huVi91BiGB6dOBn1Q,3.5,13,100.0
239557,Chrysler Dodge Jeep Ram FIAT Santa Barbara,Chrysler Dodge Jeep Ram Fiat of Santa Barbara,dPxYrHqZOw_n_Ff7uEdS0Q,3.0,73,96.55172413793103
239558,Dodge Ram Jeep FIAT Chrysler of Santa Barbara,Chrysler Dodge Jeep Ram Fiat of Santa Barbara,dPxYrHqZOw_n_Ff7uEdS0Q,3.0,73,100.0
239564,Santa Barbara Chrysler Dodge Jeep Ram Fiat,Chrysler Dodge Jeep Ram Fiat of Santa Barbara,dPxYrHqZOw_n_Ff7uEdS0Q,3.0,73,96.55172413793103
239569,Santa Barbara Tire and Service Center,Santa Barbara Tire and Service Center,wK9fSzKe4QsavkXUT4PHIg,4.5,109,100.0
239572,GM Auto and Smog,GM Auto & Smog,uSNue_cXl17-UzEjyopxKg,4.5,96,86.66666666666667
239574,Santa Barbara Auto Camp,Santa Barbara Auto Group,j4xECU8RJb3zpanu3RSpmw,4.0,117,85.1063829787234
239575,Poor Clares of Santa Barbara,Optometry Care Santa Barbara,dO8mWdDY04Bxejg2AQ6mew,4.0,37,82.14285714285714
239576,Schneider Autohaus,Schneider Autohaus,f-wPvMxEiuA6xjw3kWOsyQ,5.0,30,100.0
239577,Monastery Of Poor Clare,Monastery of Poor Clares,C1l26GrZWGNobBHMGqjtag,5.0,12,97.87234042553192
239591,Melissa Musgrove Photography,Melissa Musgrove Photography,jL1GygZPsuvb0cTusr6MkA,5.0,21,100.0
239592,AutoCamp Santa Barbara,AutoCamp Santa Barbara,_yqopnN2FwpUrSQa-2PXXg,4.0,77,100.0
239595,De la Vina lounge,De La Vina Lounge,Nh2SVI9NCAS6STOKTrKLzQ,4.0,31,100.0
239596,Design Studio MZ,Design Studio MZ,bBl2LeT1nFCrq9fvTVe2jQ,4.0,6,100.0
239598,Mayo's Carniceria & Tacos,Mayo's Carniceria & Tacos,W7zCBDLFv13fDzRXJefrrA,3.5,34,100.0
239599,Edomasa Sushi Bar & Restaurant,Piranha Restaurant & Sushi Bar,07yUvKzFb-yPzJKoT0zamQ,3.0,6,83.33333333333334
239601,Bunnin Chevrolet,Bunnin Chevrolet ,6LTEo6BDunWrkcHRcNul8g,4.0,181,100.0
239605,Mulligan's Cafe & Bar,Mulligan's Cafe & Bar,ZRy4atrG3YHdb__qtE0FsA,3.5,71,100.0
239606,Santa Barbara Golf Club,Santa Barbara Golf Club,AgTPBMMz2Cmn11lbPe3K8A,3.0,40,100.0
239607,The Bar Method Santa Barbara,The Santa Barbara Art Foundry,YoHFJVHTyS5ZtrSTaXt6Jw,5.0,21,80.70175438596492
239608,Starlin Studio,Starlin Studio,inZWQcsBuq_DtOJJ6fuHew,5.0,28,100.0
239610,Gardens on Hope,Hope Gardens,QdYgvXSulfpwYT8NBadX_w,3.0,6,88.88888888888889
239611,Mishay Salon & Spa,Mishay Salon & Spa,tzArEcM0tA9fW5iI8gw57A,4.5,89,100.0
239612,My Gym Santa Barbara,Santa Barbara Rock Gym,i_VY8EEOxZlNnXrESAhmig,4.5,57,85.71428571428572
239614,Santa Barbara Audiology,Audi Santa Barbara,7_xhzt0lODObLZaMUP_XLw,3.0,25,87.8048780487805
239615,Nick Rail Music,Nick Rail Music,IGeZA-G7uUNpiX6LR9Yy8Q,4.5,10,100.0
239618,Handlebar Coffee Roasters,Handlebar Coffee Roasters,PWWGbkPC_agn-4s1Hv1W5A,4.5,1048,100.0
239620,Iyengar Yoga Studio of Santa Barbara,Iyengar Yoga Studio of Santa Barbara,fqm8MD9mJycpD9Lk7szjng,3.5,5,100.0
239626,El Sitio,El Sitio,2OJqIloZMAZXCW3uzF8jJw,4.0,37,100.0
239632,Presto Pasta,Presto Pasta,j-lxie7nEh3UeUTpiqekkQ,3.0,8,100.0
239633,WORLD OIL 056,World Oil,nSgyFaiLy10-XRvd2QQf8g,2.0,13,81.81818181818181
239638,Santa Barbara Limo Bus,Santa Barbara Salon,ZGTTTKEclsnoAPghqOaE5w,4.5,146,82.92682926829268
239639,Carroll Plumbing & Maintenance Inc.,Carroll Plumbing & Maintenance,SAYSrMGaJvLUbHfKZZ93eQ,3.0,29,92.3076923076923
239640,Santa Barbara School of Mosaic Art,Santa Barbara School of Mosaic Art,YsyHm5VNYMCx1wpuTaATmw,4.5,7,100.0
239646,Pizza Mizza,Pizza Mizza,-Fka99c-tJ-epWYNIobqyQ,3.5,169,100.0
239648,Plaza Deli,Plaza Deli,qdpdUjdkEUpzYDdce2yZng,4.0,188,100.0
239652,Sears Auto Center,Sears Auto Center,iGFGMP5x2PSbAZJudk186Q,2.5,57,100.0
239657,Jersey Mike's,Jersey Mike's Subs,qx2YTFXfVDwQUfOeWCFfbw,3.0,43,83.87096774193549
239660,Kin Bakeshop,Kin Bakeshop,12Gc4OFQ-WAW0fAk2hRZuQ,5.0,25,100.0
239665,US Post Office,US Post Office,PY7gfceCvj-e-dYJWIrmvA,2.0,18,100.0
239669,Santa Barbara Green Clean,Santa Barbara Green Clean,tSvEHCTrL7lSGJm-2Q46Zw,3.5,12,100.0
239670,SUBWAY,Subway,Hqz96v1ymucUKNzIWfEKXw,3.0,5,100.0
239671,Lassen's Natural Foods and Vitamins,Lassens Natural Foods & Vitamins,uwVKlJUxamf9NsDt0L1RuA,2.5,22,92.53731343283582
239672,United Family Association Thrift Shoppe,United Family Association Thrift Shoppe,Sf6I1wpzVAZFxCQSAUkbZA,3.0,33,100.0
239676,The Pad Santa Barbara,The Patio Cafe Santa Barbara,a9K3jxNUUe6jr1uh8FsakQ,3.0,65,81.63265306122449
239681,Killer B Fitness,Killer B Fitness,2hKP7ECCK5IqnjSI0VKp3w,5.0,25,100.0
239685,La Cantina Bar & Restaurant,Coast Restaurant & Bar,jZAU0OShjmcxIhkruFlZng,3.5,55,81.63265306122449
239689,Rusty's Pizza Parlor,Rusty's Pizza Parlor,C-aATB7SbuwMBPN5dgjghQ,3.0,127,100.0
239696,The Mail Box,The Mail Box,I9O11Grg84oxMg7gCmxULA,4.5,13,100.0
239701,Pacifica Suites,Pacifica Suites,kvvQoiwCk3TzyYGh9B7m_Q,3.5,183,100.0
239702,Eco Friendly Cleaners,Eco Friendly Cleaners - Goleta,Vtg5FQUaVJ79-1agkwIloA,3.5,36,82.35294117647058
239703,Cody's Cafe,Cody's Cafe,2YnQAJdeFrcgPa8MqIYcDg,3.5,294,100.0
239707,Taco Bell,Taco Bell,OdRkeCycTpMRow9XUXVNWw,2.0,5,100.0
239737,Helping Hands Group,Helping Hands Group,6FxMUTdTeCTJOrBKFDd-og,4.0,5,100.0
239743,SPARK Creative Events,SPARK Creative Events,Tc497XjwFufTZeFsFYcccA,5.0,24,100.0
239757,McDonald's,McDonald's,jshnKTsnoXLSez5XD1qo7Q,2.5,56,100.0
239767,Hazelwood Allied Moving and Storage,Hazelwood Allied Moving and Storage,pI4IEy0NxO4d1hxkhcqbWA,4.5,16,100.0
239794,Santa Barbara,Santa Barbara Jumps,Lxvr29nUFZUjW0vIXqvgyg,3.0,8,81.25
239819,Sansum Clinic Occupational Medicine,Sansum Clinic Occupational Medicine,b__47_m1sdfHorAoChqjiA,2.0,5,100.0
239827,White & Grube Orthodontics,White & Grube Orthodontist,IlsxlSUl9-s3PmiVzVKGzg,5.0,36,96.15384615384616
239828,Ferris Orthodontic Group,Ferris Orthodontic Group,uTM5frkl43QasktcP2--Bg,5.0,43,100.0
239831,Santa Barbara Center for Oral and Maxillofacial Surgery,Santa Barbara Center for Oral & Maxillofacial Surgery,-QUKuwoGTJRg-mOfHpM1hA,5.0,31,96.2962962962963
239835,Santa Barbara Center for Oral & Maxillofacial Surgery,Santa Barbara Center for Oral & Maxillofacial Surgery,-QUKuwoGTJRg-mOfHpM1hA,5.0,31,100.0
239840,Robert Brennan DDS,"Robert Brennan, DDS",mi9mVfoz1n6VnREfqbc3EQ,4.5,11,97.2972972972973
239842,Tad Suzuki DDS,"Tad Suzuki, DDS",903pLp_Yog3fxJswfUqnjg,4.5,10,96.55172413793103
239851,"Dentistry in Paradise: Kevin Miller, DDS","Dentistry in Paradise-Kevin Miller, DDS",lvV8nlpLcTADBni2tSSv7g,5.0,39,83.54430379746836
239854,"Stefanie Lopez, DDS","Stefanie Lopez, DDS",fAQMo4JtotRfWKNBw3Vueg,5.0,22,100.0
239861,Rusty's Pizza Parlor,Rusty's Pizza Parlor,C-aATB7SbuwMBPN5dgjghQ,3.0,127,100.0
239863,Family Barbers,Family Barbers,Ci5HqqB5xSfp-QGxIfqgjQ,5.0,11,100.0
239864,Cloud 10 Jump Club,Cloud 10 Jump Club,FN7Q17SLmJM353LudNPbxg,3.5,49,100.0
239865,CityServe Santa Barbara,City of Santa Barbara,VafFgSte05Q2erUYIxINSQ,4.0,72,81.81818181818181
239869,Dave's Dogs Grill,Dave's Dogs Grill,_ecVi-tVoaKHKYxNkxFj7w,4.5,365,100.0
239875,Vons,Vons,WQnjp_CEYTYKBBKJDME0bQ,2.5,24,100.0
239876,CVS Pharmacy,CVS Pharmacy,vPv4J9bgh7BDy-p6tAM0ew,2.0,25,100.0
239882,Play It Again Sports,Play It Again Sports,q8-HPf20m16_gTj6gx3p-Q,3.0,29,100.0
239883,Dallmeyer Physical Therapy,Dallmeyer Physical Therapy,VGFX-c2UCC4ZRwztCE1nzA,3.0,12,100.0
239884,Kim Nails & Spa,Kim Nails & Spa,UUsOgjn_TFaqbXlzgrwiPw,3.5,62,100.0
239885,Fitness 19,Fitness 19,YCus7sTuozlDJhIBf8szzw,3.0,91,100.0
239888,Sumida Gardens Apartments,Sumida Gardens Apartments,fHcXIgbrFdWqJ5G5bqVXcQ,2.5,15,100.0
239890,San Marcos High School,San Marcos High School,sAm1uIb1eeQpYRPqqv2rHQ,3.0,5,100.0
239894,GNC,GNC,630njXSiAryjnEjGc6FAhw,2.0,5,100.0
239901,Victoria's Secret,Victoria's Secret,jEVF4sl8ytf3lnKyfgnI8A,3.5,33,100.0
239902,"Go! Calendars, Toys & Games",Go! Calendars Games Toys & Books,OCeylb8A6O9wt2NrR9dB8A,4.0,14,88.13559322033898
239905,Salon Lucia,Salon Lucia,aJBM3fZWEy4wsZf_UYodGQ,5.0,13,100.0
239907,Love Culture,Live Culture,L9QTAucz_in5f-ufCrvb1Q,3.5,43,91.66666666666666
239908,Custom Built Lash Co.,Custom Built Lash,amq_E2C8Naa-iJp4eYMK-g,5.0,7,89.47368421052632
239912,Outfooters,Outfooters,1MwCF9XN-ayo9sQcQhCdpg,3.0,5,100.0
239917,The Bar Method,The Bar Method,5h8Lmp-gqguaUU3OV6FFkQ,5.0,21,100.0
239921,Starcycle Santa Barbara,StarCycle - Santa Barbara,AnXojlgb5m5R28VDyYIqag,5.0,16,95.83333333333334
239923,Kidaru Playcenter,Kidaru Playcenter,nTkV1n4aGrXmiGxEsVg3ag,4.0,11,100.0
239926,The Daily Method,The Dailey Method,7dFhlOIunJJJb9XbE6Srwg,5.0,18,96.96969696969697
239929,Los Agaves,Los Agaves,vj6AetpADpHOYtMRZsXX3g,4.0,807,100.0
239930,Yen Ching Restaurant,Yen Ching Restaurant,k27OsQ3Bwpkr_cZkS2BO2A,2.5,44,100.0
239938,Fatte's Pizza,Fattes Pizza,PBXFaKio7FJ-4JehJGh_gg,4.5,10,96.0
239939,Nicky D's Wood Fired Pizza,Nicky D's Wood fired Pizza,RDjtVGc0c04ZIR6em1hCbQ,4.0,117,100.0
239940,Soapy Suds Laundromat,Soapy Suds Laundromat,xrDE0wLTW1bB0tAx1YuYBw,4.5,29,100.0
239941,Plaza Liquors,Plaza Liquors,Q-ZqJY2AXNJIGj-DmlzRuw,2.0,6,100.0
239943,Mission Rose Gardens,Rose Garden Inn,-jXAkQIdZWq6i1Wwv8z1UQ,1.5,89,80.0
239950,Santa Barbara Mission Church,Mission Santa Barbara,2yHl6wl1iFa_Jo_SZcmSuw,4.0,321,85.71428571428572
239952,Santa Barbara Skin Institute,Santa Barbara Skin Institute,CzNJ4xs9Laka3_NI3vGXqQ,3.5,22,100.0
239953,Daily Grind,The Daily Grind,R_8S3Iuhpzoi3nM-xq3kcw,3.5,101,84.61538461538461
239954,The Daily Grind,The Daily Grind,R_8S3Iuhpzoi3nM-xq3kcw,3.5,101,100.0
239955,Mission Historical Park & Rose Gardens,Mission Historical Park & Rose Gardens,31Y97pzcMaVYqrAB5wU4Yg,4.5,15,100.0
239956,Santa Barbara Mission Church,Mission Santa Barbara,2yHl6wl1iFa_Jo_SZcmSuw,4.0,321,85.71428571428572
239960,Santa Barbara Carpet Cleaning,Santa Barbara Carpet Cleaning,888NNTv5hbXTb950RxjP6w,4.0,46,100.0
239962,Rose Garden,Rose Garden Inn,-jXAkQIdZWq6i1Wwv8z1UQ,1.5,89,84.61538461538461
239963,"Mission Park, Santa Barbara",Mission Santa Barbara,2yHl6wl1iFa_Jo_SZcmSuw,4.0,321,87.5
239964,Chubbies Hamburgers,Chubbies Hamburgers,crlk8kaurC4zrPUTt7BevQ,4.0,143,100.0
239969,Madame Tailor,Madame Tailor,tOMaEMFT6xhXZ3pJwIaq0A,3.0,9,100.0
239971,Santa Barbara Family YMCA,Santa Barbara Family YMCA,0Oyybjr6b142_t1GbmLLHA,3.5,36,100.0
239972,Papyrus,Papyrus,jnwvVUnLFlUwnflFoRAd6g,4.0,5,100.0
239973,Motherhood Maternity,Motherhood Maternity,JmpZs5_Su2PrM__p5yXQqg,4.5,5,100.0
239975,Williams-Sonoma,Williams-Sonoma,iIwnJPJJMVExGDwRE3UhUw,3.0,30,100.0
239983,SB Tax Pros,SB Tax Pros,0TUf7umM4WVppA1XaHlriQ,3.0,6,100.0
239988,Santa Barbara Quality Masonry Inc.,Quality Inn Santa Barbara,PvCCwun_1sD5Vg6GDguw3g,3.0,60,84.7457627118644
239997,The Buzz Hive,The Buzz Hive,jgd4xLWZ2_YEBiQgdvwztw,4.5,12,100.0
239999,J.Crew,J.Crew,IuuqQO1Yxyl5D9ERtLyGrw,3.0,9,100.0
240002,Conserv Fuel,Conserv Fuel,w9fhhGNDCSub7WiQqcixeg,3.5,12,100.0
240006,Tortilla Beach Santa Barbara,Santa Barbara Beach Yoga,4y-x55zF4GrCGXjtsAew0w,5.0,10,84.61538461538461
240007,La Cumbre Plaza,La Cumbre Plaza,qBTyG8JYYE8DWur0eBTYcw,3.0,27,100.0
240008,Islands Restaurant,Islands Restaurant,sxuv5uZU15UHGT_HB1xYxQ,3.5,197,100.0
240010,LensCrafters,LensCrafters,SSDFdt8SkZswZWJ9urp8rA,3.0,72,100.0
240013,Bahama Bob's Spa Service,Bahama Bob's Spa Service,jJv6kkQEfVo0-mt6V2YQyw,5.0,5,100.0
240014,Doggy Boot Camp,Doggy Boot Camp,QfSn3aWBRi96J1G0nEfF5A,4.5,17,100.0
240015,Green Taxi,Green Taxi,e31Rd2X0KYAS54ciEtsZyg,2.0,12,100.0
240016,The Habit Burger Grill,The Habit Burger Grill,9u79dIXLQzmt9rnOZEnBaQ,4.0,306,100.0
240018,A Crimson Holiday,A Crimson Holiday,64QeDPeBh1a8mlRQ4PaTuw,5.0,5,100.0
240019,Marmalade Cafe,Marmalade Cafe,3lty2YUwjp61iUqNgKVEMw,3.5,175,100.0
240020,Conserv Fuel,Conserv Fuel,w9fhhGNDCSub7WiQqcixeg,3.5,12,100.0
240025,Tiffany & Co.,Tiffany & Co,egTXKwNP39fsYb8df6paLw,4.0,15,96.0
240031,Dr. Jinny Chang MD,"Jinny Chang, MD",BMR7ctppZpYoRnxR6CB9zg,4.0,8,84.84848484848484
240035,Sansum Clinic Allergy & Immunology,Sansum Clinic Allergy & Immunology,1NJC2Tnlvfcu7MWvW8Xouw,2.5,34,100.0
240037,Sansum Clinic Pesetas Urgent Care,Sansum Clinic Pesetas Urgent Care,mZQbhFIGDC9cYasmZDfFHA,2.5,63,100.0
240040,H&R Block,H&R Block,4HMvO83RYKVWPMv6bwoLlg,2.0,13,100.0
240041,Starbucks,Starbucks,KiE0h68HGOO7ZXAqkMBdiw,2.5,35,100.0
240044,Santa Barbara Farmers Market,Santa Barbara Fish Market,sor6oj-nuslOcSx7di4urA,4.0,327,86.79245283018868
240045,Pottery Barn,Pottery Barn,ClNIs17Ru_TVoDNhxNgg8g,2.0,19,100.0
240048,Barbie's Pet Salon,Barbie's Pet Salon,15xNnxkihslV2cX0FkPqSQ,4.0,24,100.0
240066,"Jinny Chang, MD","Jinny Chang, MD",BMR7ctppZpYoRnxR6CB9zg,4.0,8,100.0
240072,Santa Barbara Sansum Clinic,Santa Barbara Herb Clinic,pNuUx7_HDBCVaInwn5aIjw,4.0,9,80.76923076923077
240073,"Callender's House of Glass, Inc",Callender's House of Glass,DViuFufL4PKhLVy9hVDTnQ,4.0,15,91.22807017543859
240075,Crocodile Restaurant and Bar,Crocodile Restaurant & Bar,lNECraPTMtUPDJPjmF0tVA,4.0,119,92.5925925925926
240077,Mackenzie Park,Mackenzie Park,knT83yklXA3_9BVQYLXTBQ,4.0,11,100.0
240081,"Drs. Edstrom, Trigonis & Swenson","Drs Edstrom, Trigonis & Swenson",gdtagv6cJFKHhyJy0rulTQ,4.0,13,98.41269841269842
240086,Hydrex Pest Control,Hydrex Pest Control,Mr63L_Z_fR3lAHDDxjMuIA,2.5,9,100.0
240087,Santa Barbara Mission Aquaduct,Mission Santa Barbara,2yHl6wl1iFa_Jo_SZcmSuw,4.0,321,82.35294117647058
240092,Happy Little Hippo,Happy Little Hippos,gMWdwoK69sKWUruO_DWILQ,4.5,24,97.2972972972973
240093,Vishions Smoke Shop,Vishions Smoke Shop,L0pmDFlnnxg3_hy80Z5O7g,3.5,52,100.0
240094,Santa Barbara Screen and Shade,Santa Barbara Screen & Shade,YtTV3-7CFl4txTwF-sm57w,4.0,32,93.10344827586206
240095,Amy's Skin Care,Amy's Skin Care,cdxhKrl_7SK6eQruyIvP_g,4.5,46,100.0
240109,Santa Barbara Zen Center,Santa Barbara Yoga Center,S5ZZdEHbEa2M0A5p1zX6gw,4.5,38,85.71428571428572
240110,El Encanto Santa Barbara,GreenCoast Santa Barbara,o6epXnNXnd15hP1IalAflw,4.5,10,83.33333333333334
240111,Belmond El Encanto,Belmond El Encanto,0jpFptAehZhLl3nkhHDanA,4.0,331,100.0
240113,Belmond El Encanto,Belmond El Encanto,0jpFptAehZhLl3nkhHDanA,4.0,331,100.0
240119,Ciao Salon,Salon Lucia,aJBM3fZWEy4wsZf_UYodGQ,5.0,13,85.71428571428572
240120,Trader Joes,Trader Joe's,HFhjwiTaIzXrKCPiN5EXmw,4.0,37,95.65217391304348
240121,Santa Barbara Audiology,Audi Santa Barbara,7_xhzt0lODObLZaMUP_XLw,3.0,25,87.8048780487805
240125,Mountain and Sea Dental,Mountain and Sea Dental,4XvpGUMB7XVU_XO13ULk4Q,4.5,13,100.0
240127,The Patio Cafe,Steve's Patio Cafe,R0U0K_qvwOQbQwPhhKw4Ew,3.5,33,81.25
240129,Munchiez,SB Munchiez,vZG0BDPGDJxMGiXcGoVU6w,4.0,182,84.21052631578947
240130,Santa Barbara Eyecare,Santa Barbara Bay Cafe,ALMuGwPnbAVc4SIbcmQmcA,3.5,10,83.72093023255813
240131,Lemon Tree Inn,Lemon Tree Inn,HrnSaz2f1WUEoAQQ6iD6gw,2.5,270,100.0
240133,Zia Group,Zia Group,haMQo__sLyQgNAjVKfSwfQ,5.0,55,100.0
240139,"Walter Michajlenko, DDS, MD","Walter Michajlenko, DDS, MD",IY8S1myIvfpcg8d1QL87jg,4.0,18,100.0
240142,Events by Stella Mare's,Events by Stella Mare's,3acwGm1geqXEDdx5QuZTrA,4.5,10,100.0
240143,Le Café Stella,Le Cafe Stella,9h0i4lVC5eCVhRTanWsEAg,3.5,263,92.85714285714286
240144,"California, USA",California Pasta,2bxZhBk8JZkJ1GqfTB0cUQ,3.5,287,83.87096774193549
240145,Sunny Smiles Dentistry for Children and Young Adults,Sunny Smiles Dentistry for Children and Young Adults,a94IH4St8EeqrVNB0T3dJw,5.0,34,100.0
240148,Simply Remembered Cremation Care,Simply Remembered Cremation Care,4U2QkEMQoaKvtrw202Lp9g,5.0,21,100.0
240152,Pottery Barn,Pottery Barn,ClNIs17Ru_TVoDNhxNgg8g,2.0,19,100.0
240154,Habit Burger & Grill,Habit Burger Grill,-ipZBVF9nWm1vzrvQ3444A,4.0,131,94.73684210526316
240155,"Make It Work, Inc.",Make It Work,l2aXcsNum8eBgITbWIGAGw,2.0,15,80.0
240158,VONS,Vons,WQnjp_CEYTYKBBKJDME0bQ,2.5,24,100.0
240160,Blenders in the Grass,Blenders In the Grass,dQ6d9H7rnFSOSC_FXbJ_FQ,4.0,50,100.0
240161,La Cumbre Animal Hospital,La Cumbre Animal Hospital,dsmp50IKQufbf1CaKl9iRw,4.5,80,100.0
240164,Chevron,Chevron,bsXwUFUoVZTH4HzoubR6gw,2.5,9,100.0
240165,Riverblue Salon Spa,Riverblue Salon Spa,a1mWf5XQqhMceRZWRYPcGw,4.5,71,100.0
240166,Petco,Petco,raoPXXnwEZugf9FDXzfHrA,3.0,30,100.0
240167,United Studios of Self Defense,United Studios of Self Defense,WSJXOr-RVNJSgFqg1Iq-nA,4.0,7,100.0
240168,Subway,Subway,Hqz96v1ymucUKNzIWfEKXw,3.0,5,100.0
240169,Ross Dress for Less,Ross Dress for Less,c4Ga5mqXZzzQOXYylbSMkA,2.5,37,100.0
240172,Blenders In The Grass,Blenders In the Grass,dQ6d9H7rnFSOSC_FXbJ_FQ,4.0,50,100.0
240173,Eco Friendly Cleaners,Eco Friendly Cleaners,bzuf6120iZb52cP6ySyREQ,4.0,68,100.0
240174,United Studios of Self Defense,United Studios of Self Defense,WSJXOr-RVNJSgFqg1Iq-nA,4.0,7,100.0
240176,Subway,Subway,Hqz96v1ymucUKNzIWfEKXw,3.0,5,100.0
240183,Lure Fish House,Lure Fish House,3Wy21heeDm8h2tSZfcj6OA,4.5,1453,100.0
240184,H&R Block,H&R Block,4HMvO83RYKVWPMv6bwoLlg,2.0,13,100.0
240185,SB Physio- A Physical Therapy Corp,SB Physio- A Physical Therapy Corp,4nkZOP6h93J1Af0GdodYgg,5.0,26,100.0
240186,Santa Barbara Family YMCA,Santa Barbara Family YMCA,0Oyybjr6b142_t1GbmLLHA,3.5,36,100.0
240187,Backyard Bowls,Backyard Bowls,34Eqv8jXgxg_EEwcsNgeeg,4.0,659,100.0
240188,Starbucks,Starbucks,KiE0h68HGOO7ZXAqkMBdiw,2.5,35,100.0
240189,T-Mobile,T-Mobile,HykUZW1jphAnGR259fPLyg,2.5,19,100.0
240190,SANTA BARBARA,LF Santa Barbara,6zsdSFG86YXsgWK1wtU-3g,3.0,37,89.65517241379311
240192,Petco,Petco,raoPXXnwEZugf9FDXzfHrA,3.0,30,100.0
240198,Pacific Diagnostic Laboratories,Pacific Diagnostic Laboratories,arSpgFeGqZpFk3wQMmSjcw,2.5,34,100.0
240199,Pacific Diagnostic Laboratories,Pacific Diagnostic Laboratories,arSpgFeGqZpFk3wQMmSjcw,2.5,34,100.0
240200,Public Storage,Public Storage,Kvjn16fQI9blh8SdNNOMJw,3.5,15,100.0
240201,Santa Barbara Green Clean,Santa Barbara Green Clean,tSvEHCTrL7lSGJm-2Q46Zw,3.5,12,100.0
240203,Patterson Place Apartments,Patterson Place Apartments,WgwsDB-CV60QIvLzEMDKhQ,4.0,18,100.0
240212,Gold Medal Wine Club,Gold Medal Wine Club,cHDV5cpGcqVwN7K-5aA4zQ,4.5,6,100.0
240215,Patterson Place Apartments,Patterson Place Apartments,WgwsDB-CV60QIvLzEMDKhQ,4.0,18,100.0
240218,Public Storage,Public Storage,Kvjn16fQI9blh8SdNNOMJw,3.5,15,100.0
240238,LINE-X of Santa Barbara,Lexus Santa Barbara,LM6pBWPuIuJJ8Y11RzlbPQ,4.5,261,80.95238095238095
240254,Powell & Associates,Tolan & Associates,6g3P8EoMq0EVvjk7COymdQ,5.0,6,81.08108108108108
240263,Gold's Gym,Gold's Gym,LsFLAV2Sfq_DaRjDaI8LRA,3.5,39,100.0
240268,Impulse Advanced Communications,Impulse Advanced Communications,bF4N8Y85dDjWHcWz_qM04g,2.0,5,100.0
240279,Hughes Auto Body & Paint,Hughes Auto Body,RBELDcQN18caV6XblPVYnQ,4.5,57,80.0
240280,Terra Sol Garden Center,Terra Sol Garden Center,RnqTsTy2GTZBFEe0YU4MWA,4.5,55,100.0
240285,Santa Barbara Humane,Santa Barbara Humane ,dPt9QgLAIuI2a-CKdv5cSA,3.0,34,100.0
240287,Santa Barbara Healer,Santa Barbara Humane ,dPt9QgLAIuI2a-CKdv5cSA,3.0,34,85.0
240296,Taqueria El Pastorcito,Taqueria El Pastorcito,N-CBZKO37y_WSUN7ZMNGkg,4.0,66,100.0
240298,Uptown Barber Shop,Uptown Barber Shop,s-YfYglIa3MEnBEaCtcxQA,4.5,56,100.0
240303,Positively Electrical,Positively Electrical,NQy23QzNWwtQfFCOMUJxvg,5.0,29,100.0
240305,Munchiez,SB Munchiez,vZG0BDPGDJxMGiXcGoVU6w,4.0,182,84.21052631578947
240306,Talevi's Wine and Spirits,Talevi's Wine & Spirits,cbQgU7MxJvyVDROjg-w7yg,3.5,12,91.66666666666666
240312,Java Station,Java Station,Z0mBsgDzDnFAEC5o4X6G9g,3.5,196,100.0
240315,San Marcos High School,San Marcos High School,sAm1uIb1eeQpYRPqqv2rHQ,3.0,5,100.0
240318,Santa Barbara Surfacing,Wine Spa Santa Barbara,V0RzUzlEUc279ZQ6eJ5nzw,2.0,10,80.0
240323,Ultimate Blind Cleaning & Repair,Ultimate Blind Cleaning & Repair,K3V_bw3rg_G1wLgsMM-7Ww,5.0,6,100.0
240328,Discoveries Learning Center,Discoveries Learning Center,QY5drbmWcMRdKT_1rnEByw,5.0,5,100.0
240329,Club Pilates,Club Pilates,7pdiRVxWq53TEPSQPWsU9Q,4.5,6,100.0
240330,SalonCentric,SalonCentric,C2u4koNBA3OuNdrfZzHw6A,3.0,7,100.0
240331,CorePower Yoga,CorePower Yoga,eTJ60uyATafMzOMUeHpV_Q,4.0,51,100.0
240332,AT&T,AT&T,rhPB2yjB9cf3yJAGRmTKzQ,3.5,27,100.0
240334,Mandarin Palace,Mandarin Palace,nnn78cplvQGZSMVblpI5gQ,3.0,229,100.0
240337,Zemella Chiropractic,Mesa Chiropractic,UYv5eH0QVoMot5h-MFkJcw,4.0,11,86.48648648648648
240338,Panda Express,Panda Express,ebJav941naDgngDP2EIRHw,2.5,51,100.0
240339,The Buzz Hive,The Buzz Hive,jgd4xLWZ2_YEBiQgdvwztw,4.5,12,100.0
240341,FedEx Office Print & Ship Center,FedEx Office Print & Ship Center,5hJZe_v9Ax5GjXJCMQ9ijw,2.0,53,100.0
240345,Surfs Up Limos,Surfs Up Limos,AYtlqzjrt9kpBO5YDOE2fQ,5.0,25,100.0
240346,Albertsons,Albertsons,ANMHEMoZqxjn7qjaNmYIrg,3.0,16,100.0
240347,Smart & Final Extra!,Smart & Final Extra!,PBtNupbFFNj3iV1E1kr5bg,2.5,24,100.0
240349,State Street Storage,State Street Storage,a7QFzr2j_RDoYH5ndlK-sQ,3.5,8,100.0
240353,European Wax Center,European Wax Center,4Ag2C4A9SJIsz9EvsoS--g,3.5,97,100.0
240355,Fresco Cafe,Fresco Cafe,1kVnChI4aqsPw9i2PVqkkw,4.0,278,100.0
240359,Wingstop,Wingstop,EBuSqlpzzyfZZkEgPxVV1Q,3.0,36,100.0
240360,Macy's,Macy's,rJvNMqniFNvr7KSqo4hEsQ,2.0,25,100.0
240363,Whole Foods Market,Whole Foods Market,AMi1h-goNueHf_Lvx4Cu4g,3.0,224,100.0
240364,Santa Barbara Smokehouse,Santa Barbara Smiles,383ud1JzCtmjkhYBk5msjQ,4.5,9,81.81818181818181
240365,The Buzz Hive,The Buzz Hive,jgd4xLWZ2_YEBiQgdvwztw,4.5,12,100.0
240366,Santa Barbara Sandwich,Santa Barbara Salon,ZGTTTKEclsnoAPghqOaE5w,4.5,146,82.92682926829268
240368,Whole Foods Market,Whole Foods Market,AMi1h-goNueHf_Lvx4Cu4g,3.0,224,100.0
240369,See's Candies,See's Candies,D_PdJRvtr_syv1DtLIoM0g,4.0,12,100.0
240371,AC4 Fitness,AC4 Fitness,8Djd_JrAL7wQUKA1CAvM7A,4.0,31,100.0
240372,Bayside Watch,Bayside Watch,Q9EayaUMP_Dkfiu0dXHYew,3.5,39,100.0
240376,Justina S Pham DDS,"Justina Pham, DDS",s463h_jkeLOe_eqDfJjdOw,5.0,15,91.42857142857143
240379,Estetica Mia,La Estetica,taB-DZhRI6eLW6XmY9_8yQ,5.0,5,86.95652173913044
240380,Harry's Plaza Cafe,Harry's Plaza Cafe,BQv7ntaOxs80FJAji2U9pg,3.5,337,100.0
240382,Relax The Back,Relax The Back,d8AAffHA8C84PFdo4no15w,3.5,9,100.0
240383,Renaud's Patisserie & Bistro,Renaud's Patisserie & Bistro,-loV4cB2Uh9TCltTRgGzWQ,4.0,379,100.0
240385,Creative Nails,Creative Nails,hAZVddSvvODaa_3KnWBnPg,4.5,79,100.0
240387,TropiCali Beauty Boutique,TropiCali Beauty Boutique,N5nZar-2fiXrsvt54eKugA,4.5,35,100.0
240388,Spa Escape,Spa Escape,s5cEDXoKrvD-coPgqifD8w,4.5,34,100.0
240394,Gelson's,Gelson's,ghLjxj4HoSHdflBEz2lIqA,3.5,110,100.0
240395,Town & Country Inn,Town & Country Inn,YMPgp2EUXV0DRFG0M08AvQ,2.0,76,100.0
240396,Walter Michajlenko,"Walter Michajlenko, DDS, MD",IY8S1myIvfpcg8d1QL87jg,4.0,18,80.0
240398,The Palms Barber Shop,The Palms Barber Shop,hJ5iPoqbBtaTaH90Fg14yA,5.0,90,100.0
240402,SBIFF Riviera Theatre,SBIFF Riviera Theatre,Aa7K3kB9NSstXVeoWl8BDg,3.5,26,100.0
240403,Santa Barbara Riviera,Santa Barbara Bride,CbMm5x3SvdW6mCgjMYfnIw,4.5,24,85.0
240404,The Spa at El Encanto,The Spa at El Encanto,javW5SlkGjEbynYd_-EfLA,4.0,5,100.0
240408,Blue Horizon Management Company,Blue Horizon Management Company,FunsRW_joApyWrIuO123bw,4.5,44,100.0
240414,Granada Theater,The Granada Theatre,ZPWJAgvdHREomrUJ8tIh2Q,4.0,44,82.35294117647058
240417,Take 5 Bodywork,Take 5 Bodywork,UKx-A_KSKZgWuEajnbn_og,5.0,8,100.0
240418,Riviera Theatre,SBIFF Riviera Theatre,Aa7K3kB9NSstXVeoWl8BDg,3.5,26,83.33333333333334
240420,Hospice of Santa Barbara,Honda of Santa Barbara,WbmY1I8rZNUqQz4ksnEMzw,3.0,10,82.6086956521739
240423,Santa Barbara Magazine,Santa Barbara Gas,7YNFCvQcWMVYMAWbKSBDMg,3.0,19,82.05128205128204
240427,Tone-Up Santa Barbara,Santa Barbara Towing,7wN5USDIbOOuA87EEyqJhA,2.5,24,82.92682926829268
240437,Chaucer's Books,Chaucer's Bookstore,rIGX4yiwBwI9l2XC5F0dbw,4.5,185,88.23529411764706
240442,Villa Alamar,Villa Alamar,OYXyucveTdau3lkQOrki1A,4.5,7,100.0
240446,Julie Hemingway DDS,"Julie A. Hemingway, DDS",YOMdjTmNhLIq3Hn0jBBf7A,5.0,6,90.47619047619048
240447,Sunny Smiles Dentistry for Children and Young Adults - Santa Barbara,Sunny Smiles Dentistry for Children and Young Adults,a94IH4St8EeqrVNB0T3dJw,5.0,34,86.66666666666667
240448,HUB International,HUB International,We_JNuTD0RFHOilooGjpqQ,2.5,6,100.0
240451,CoreSport,Core Sport,SKDVRytqyzLZ5_8Jq3sKWg,4.5,10,94.73684210526316
240452,Posh Fine Jewelers,Posh Fine Jewelers,IxhP5oJuPu9g8NDLznuFqg,3.5,45,100.0
240453,Cox Store,Cox Store,wQmfIOPFyyLdWVolPwSiqA,1.5,109,100.0
240457,CVS Pharmacy,CVS Pharmacy,UDZxN93l5_ggUFeF0EEcYg,3.0,7,100.0
240459,Santa Barbara Surgery Center,Santa Barbara Surgical Center,dvQQSwBI1OlMsI0x-_yGZA,4.5,9,87.71929824561404
240460,MacKenzie Park,Mackenzie Park,knT83yklXA3_9BVQYLXTBQ,4.0,11,100.0
240466,Chipotle Mexican Grill,Chipotle Mexican Grill,fLk_N8vU25DNZmbU-70gkw,3.5,57,100.0
240467,O'Reilly Auto Parts,O'Reilly Auto Parts,KFUvV0ZGNpQqJqbJZoMutQ,4.0,30,100.0
240468,Escalera Pest Control,Escalera Pest Control,sGYIhRma8VkAOWk4T1LJNQ,3.5,21,100.0
240472,O'Reilly Auto Parts,O'Reilly Auto Parts,KFUvV0ZGNpQqJqbJZoMutQ,4.0,30,100.0
240476,Quality Roofing of Santa Barbara,Quality Roofing of Santa Barbara,Isn_V1t0gVBFEmZEuDtQRA,4.5,11,100.0
240478,El Rincon Bohemio,El Rincon Bohemio,vi5xjfEhV6rnXrC_GbdhnA,3.5,87,100.0
240479,Santa Barbara Gymnastic Club LLC,Santa Barbara Gymnastics Club LLC,92NfqTHsKn_BRqCBV4phrg,3.0,13,98.46153846153847
240480,Mattress Firm Santa Barbara,Santa Barbara Mattress,azMFjlYACqGkTm6Vin3rwQ,4.0,31,89.79591836734694
240481,Escalera Pest Control,Escalera Pest Control,sGYIhRma8VkAOWk4T1LJNQ,3.5,21,100.0
240482,La Salsa,La Salsa,UAy8Qc_T0CuHxQRiUMNN4g,3.5,24,100.0
240483,Saigon In & Out Vietnamese Restaurant,Saigon Vietnamese Restaurant,5uNCvNy9L6peKeKP1RRPyg,3.5,374,86.15384615384616
240485,Great Clips,Great Clips,Ma6uKU7UNpIZaJeb0sKRxw,3.5,26,100.0
240486,CVS Pharmacy,CVS Pharmacy,UDZxN93l5_ggUFeF0EEcYg,3.0,7,100.0
240489,Omar's Grooming,Omar's Grooming,TG-YCLKCgbtL9H0UWPkuEg,4.5,30,100.0
240490,Lee's Tailoring,Lee's Tailoring,Zs33Yd9efUHqp7sBe7I7jg,4.0,93,100.0
240491,Napoleon Blonde,Napoleon Blonde,8k-qoVtpXaAsutDOZRarxA,4.5,20,100.0
240492,American Indian Health & Services,American Indian Health & Services,jyFqLDcHtb3DcxhuM_eonQ,2.0,17,100.0
240493,Restaurant Open,Restaurant OPEN,3GcXSZQ65Np5N1N4a-DK_w,4.5,98,100.0
240495,Santa Barbara,LF Santa Barbara,6zsdSFG86YXsgWK1wtU-3g,3.0,37,89.65517241379311
240496,Ross Dress for Less,Ross Dress for Less,c4Ga5mqXZzzQOXYylbSMkA,2.5,37,100.0
240497,Sleep Number,Sleep Number,klD3mingqiMUB7ZGB1ySiA,2.5,5,100.0
240498,Panera Bread,Panera Bread,EC9-hDcyqE8c_m03X3VhIQ,2.5,31,100.0
240500,Santa Barbara County wineries,Santa Barbara Wine Country Tours,TvBxBjed-iX6_22SwEYEFQ,5.0,23,81.9672131147541
240501,Stearns Pier Santa Barbara,Sears Santa Barbara,m1Z74PzxN8zFQlcfBI0qVg,2.0,51,84.44444444444444
240502,Velo Pro Cyclery,Velo Pro Cyclery,f5sQmbttj4pSvFSJTApcPA,4.5,49,100.0
240503,Bicycle Bob's,Bicycle Bob's,q7q2Z1wXHHXXVf_QlLdlXA,3.5,17,100.0
240507,Lerina Winter Photo,Lerina Winter Photo,mY_wfgvNtmYQbWOZu4FymA,5.0,7,100.0
240509,Big Wave Daves Christmas Trees and Pumpkin Patch,Big Wave Dave Christmas Trees & Pumpkin Patch,QpgszBy9G1KqXt6QHwQEAQ,2.5,19,94.6236559139785
240510,Big 5 Sporting Goods,Big 5 Sporting Goods,QCCeSRN3nolze35v2HMmdA,3.5,26,100.0
240511,Santa Barbara Holistic Health Center,Pelvic Health Center of Santa Barbara,as1dC1dTx7fiph-gbL9ReA,5.0,15,87.67123287671232
240514,Welsh Gregg Oral & Maxillofacial Surgery,"Gregg Welsh, Oral & Maxillofacial Surgery",sct6pVdhIg7Fpc3zE7eA0A,3.0,21,98.76543209876543
240516,C & S Automotive,C & S Automotive,KOyZKyS6ybGNloICv1pg5w,4.5,12,100.0
240518,american indian health services,American Indian Health & Services,jyFqLDcHtb3DcxhuM_eonQ,2.0,17,96.875
240527,Noks expert thai massage center,Nok's Expert Thai Massage Center,rTM9-PJKlhe9bHmJu7lgpg,5.0,53,98.41269841269842
240539,La Rumba Bar & Grill,La Rumba Bar and Grill,Vs1GKzhgYLBthayVNuIbGA,3.0,13,90.47619047619048
240541,Aqua Nail Bar,Aqua Nail Bar,oV764TibO33JtT8UbN--mw,3.5,102,100.0
240542,Danny's Custom Styling,Danny's Custom Styling,ICCVQappBYFUMDmNASYpaA,3.5,18,100.0
240543,Aum Physical Therapy,Dallmeyer Physical Therapy,VGFX-c2UCC4ZRwztCE1nzA,3.0,12,82.6086956521739
240544,San Roque Laundry,San Roque Laundry,mYFMvRrQxYAV70ibjYxzfw,2.0,8,100.0
240545,CA Pro Home Inspection,CA Pro Home Inspection,BMTtMWDR3zcR5T30GFDoXQ,5.0,5,100.0
240546,B2B Print Services,B2B Print Services,vyVD5aMiqHFRbkU3qxlupQ,5.0,24,100.0
240556,U.S. Bank Branch,U.S. Bank Branch,P0ToKWFksOpX-wBJuE5kSg,2.5,13,100.0
240557,Everclear Pool Service,Everclear Pool Service,LVl6J0ld43IfHlOK2u5wpQ,5.0,5,100.0
240558,Gold Coast Executive Transportation,SB Executive Transportation,7HByyj4ufC3HvgFjEqemGA,4.0,10,80.64516129032258
240559,GURUU INTERNATIONAL,HUB International,We_JNuTD0RFHOilooGjpqQ,2.5,6,83.33333333333334
240560,Innate Beauty,Infinite Beauty,kGaPh3zNKalTjtDG69bcNQ,5.0,8,85.71428571428572
240561,Santa Barbara Surfing,Santa Barbra Singles,R18GV-QMjios1eXzXZS3AQ,1.5,13,82.92682926829268
240563,Artemis Animal Clinic,Artemis Animal Clinic,_hmHH1uJsl3vA7zUx1QduQ,4.0,10,100.0
240564,BYOB! Brew Your Own Beverage,BYOB! Brew Your Own Beverage,EwaakynaS06R64xY8xM57g,4.5,9,100.0
240567,US Post Office,US Post Office,drHADXmuEUHWCGQg2qmBQg,4.5,6,100.0
240573,Rose Garden Inn,Rose Garden Inn,-jXAkQIdZWq6i1Wwv8z1UQ,1.5,89,100.0
240574,Bliss Connections,Bliss Connections,i235c6uCPb1b0WlqpYTLHA,5.0,17,100.0
240577,Thairapy Salon,Thairapy Salon,gP5VaNdLTHc_R87W3ZGfXQ,5.0,41,100.0
240578,Glow nails and spa,Glow Nails & Spa,1AU-WUfO7wFUL1FvmGADyg,4.0,29,88.23529411764706
240584,Channel Data Systems,Channel Data Systems,NT7VWQgJCsmeYwx8MlW-XQ,5.0,6,100.0
240586,ARCO,ARCO,akjci9MICIgNnUYJdr8mXg,2.0,9,100.0
240590,Jump On The School Bus,Jump On The School Bus,13UbOVDFdxloxaient5XWA,5.0,175,100.0
240592,A and J Limousine,A and J Limousine,8STwsocW1ar2SeXPYTSeWQ,4.5,17,100.0
240593,Miso Hungry,Miso Hungry,LdXB3D3gl3ckxZutLmen1g,4.0,274,100.0
240594,Target,Target,VUeRlNoPfxywzNxWHU2Tig,3.0,50,100.0
240595,Blaze Pizza,Blaze Pizza,grBPIq_eJCT_SGuhvMrUZQ,3.5,146,100.0
240596,The UPS Store,The UPS Store,sCkN50fE_Pe9gwSnwVwiJA,3.5,37,100.0
240598,Colleen Elizabeth Salon and Spa,Colleen Elizabeth Salon and Spa,fxHHCt622p--Zbqcmv9_MQ,4.5,101,100.0
240600,Santa Barbara Audio Video,Audi Santa Barbara,7_xhzt0lODObLZaMUP_XLw,3.0,25,83.72093023255813
240610,Pelvic Health of Santa Barbara,Pelvic Health Center of Santa Barbara,as1dC1dTx7fiph-gbL9ReA,5.0,15,89.55223880597015
240611,San Marcos Self Storage,San Marcos Self Storage,rVTGyNRUa17OcyxV9F6Phw,1.5,12,100.0
240613,CalCoast Glass Tinting,"CalCoast Glass Tinting, Inc",9izBQhYFyrTzInLjZYvO_A,4.5,15,89.79591836734694
240617,Sew Santa Barbara,Sears Santa Barbara,m1Z74PzxN8zFQlcfBI0qVg,2.0,51,88.88888888888889
240618,Santa Barbara Gymnastics Club,Santa Barbara Gymnastics Club LLC,92NfqTHsKn_BRqCBV4phrg,3.0,13,93.5483870967742
240621,Hyatt Place Santa Barbara,Hyatt Place Santa Barbara,shtNOsRUiZtTa36RNzI32A,3.0,67,100.0
240625,Quest Diagnostics,Quest Diagnostics,XQEBvhMQk7qvZdIg8km1Fg,3.0,13,100.0
240631,Alpha Gamma Brain,Alpha Gamma Brain,VlGjFTIAFbVLam9N0w0nWQ,4.5,7,100.0
240634,The Good Feet Store,The Good Feet Store,oyeQJrF4Kf0oLY0oIc3J6g,3.5,10,100.0
240636,A+ Refrigeration Heating Air Conditioning,A+ Refrigeration Heating & Air Conditioning,5FI87fLU-GkzSSusjnsJlg,3.0,18,97.61904761904762
240641,Town & Country Event Rentals,Town and Country Event Rentals,KSwm9WA4we2qi4TmMASNfA,5.0,5,93.10344827586206
240644,Detail Pros,Detail Pros,1KvJOwCPsnpuKKFRohkuhw,5.0,17,100.0
240645,Aussie Moving,Aussie Moving,qjstXewt23oCZnf86CsHXg,4.5,32,100.0
240646,Luna Grill,Luna Grill,PHSda9zEwtFicCICD6TP1A,4.0,225,100.0
240648,Ageless Men's Health-s,Ageless Men's Health,pLHxbW7uDgBN3EMqGuNp9A,4.0,7,95.23809523809523
240651,United Airlines,United Airlines,Ji3_qwy36vG5_2Q4EONE_w,2.0,17,100.0
240652,Rusty's Pizza Parlor,Rusty's Pizza Parlor,C-aATB7SbuwMBPN5dgjghQ,3.0,127,100.0
240654,The Winehound,The Winehound,68hzATbPYhATdzuNeqW4aw,4.0,11,100.0
240655,Chick-fil-A,Chick-fil-A,NuMR1xJu6Ewxaicc4yLOFw,4.0,232,100.0
240656,Jeannine's American Bakery & Restaurant,Jeannine’s American Bakery & Restaurant,L4-_gPiqsuX50JN_-qUhNQ,5.0,41,97.43589743589743
240661,Sandpiper Lodge,Sandpiper Lodge,MfyUK58sdUokMdIZNdem0w,2.5,186,100.0
240662,Wash n' Go,Wash N' Go,IOv-FjdDoTZmnJ_PmhBjwg,4.0,134,100.0
240663,Sun Sushi,Sun Sushi,jR3sTUWCPuOCWpdm8Pn-wQ,4.5,270,100.0
240664,Santa Barbara Sleep Shops,Santa Barbara Smog Shop,iigLynl9vDkg6OC2-mNNWw,5.0,83,83.33333333333334
240665,Jeannine's Restaurant & Bakery,Jeannine's American Bakery Restaurant,Hj44PIrCtv61ETVclzLMwg,4.0,380,86.56716417910448
240666,San Roque Post Office,US Post Office,drHADXmuEUHWCGQg2qmBQg,4.5,6,80.0
240668,The Gem Shop,The Gem Shop,qdS1Mg40l-pB_G9EM4YaSQ,5.0,15,100.0
240670,From The Home & Closet,From The Home & Closet,ie3ULctisU2ZWBCY-D2DbA,4.0,5,100.0
240672,Skin Deep,Skin Deep,bC6H-u79_fyLVZwx-N6riQ,4.0,69,100.0
240673,Mick's Macs,Mick's Macs,xDmo2aeQ4oXBdOTR9rZhBg,4.5,30,100.0
240676,MacMechanic,MacMechanic,PRbGgG9So6TZaaKcQbybqg,4.5,91,100.0
240677,Paul Cashman State Farm Insurance Agent,Paul Cashman - State Farm Insurance Agent,IoY4eO8SXWUUNQqd40Edjg,4.0,21,97.5
240680,Miso Hungry,Miso Hungry,LdXB3D3gl3ckxZutLmen1g,4.0,274,100.0
240681,Baskin-Robbins,Baskin Robbins,ZyplC1MYtyPS3dxuBTLziA,3.0,29,92.85714285714286
240682,Tee-Off Restaurant and Lounge,Tee-Off Restaurant and Lounge,rPVmM0aJbC6lU_mnDiZ2Rw,4.0,213,100.0
240683,Modern Nails,Modern Nails,qD6lkJ8u5Qj9KJsIpyFtew,4.0,193,100.0
240685,Subway,Subway,Hqz96v1ymucUKNzIWfEKXw,3.0,5,100.0
240686,Rudy's Restaurant,Rudy's Restaurant No 1,ziXR7sUrbKRCNeDqfjibUg,4.0,262,87.17948717948718
240687,Magic Nails,Magic Nails,OumIhFH3wVjgKxXGluF67g,3.0,33,100.0
240691,Educated Car Wash,Educated Car Wash,iTVqzGrt98xR1c5a2pgxfQ,2.0,211,100.0
240693,Law Office of Lauren Rode,Law Office of Lauren Rode,Z0E-2iUKKIdAlO6nEN63rA,4.5,8,100.0
240696,Medicine Shoppe,The Medicine Shoppe,xgcLdtQaOsWbym_w2HjpDg,4.0,6,88.23529411764706
240698,Supercuts,Supercuts,t1GI_XU8ynUMlKbB1aRDHg,3.0,40,100.0
240700,Il Fustino,il Fustino,1XoX4eLYyfK4b8l_TqiPUg,4.5,28,100.0
240703,Gem Shop,The Gem Shop,qdS1Mg40l-pB_G9EM4YaSQ,5.0,15,80.0
240704,Via Maestra 42,Via Maestra 42,54oLdsGU9B8HxFTqCCqV-A,4.5,589,100.0
240705,One Hour Martinizing,One Hour Martinizing,j5L5ymg1YwIHQ6mgaElJqQ,2.0,13,100.0
240708,Don's Heating and Air Conditioning,Don's Heating & Air Conditioning,yMe-KX5-Gr1TGR7UhG8Gaw,4.5,9,90.9090909090909
240711,Farmer Boy,Farmer Boy,7IdIGemGZodDAA_9mJCigA,4.0,255,100.0
240715,ClassCyc Fitness,ClassCyc Fitness,lPe5tzC6kZf_qZBNUPpAcA,5.0,8,100.0
240717,Evan's Relaxing Station,Evan's Relaxing Station,1CJyrUUgy3NRGpR-DGfJOg,4.0,96,100.0
240718,Evans Station,Java Station,Z0mBsgDzDnFAEC5o4X6G9g,3.5,196,80.0
240719,Shintori Sushi Factory,Shintori Sushi Factory,6smGb7xv5fDbBsLgW1WC2w,3.5,185,100.0
240720,The Coffee Bean & Tea Leaf,The Coffee Bean & Tea Leaf,6afesz8yZhjOgijkWl4jig,3.5,77,100.0
240721,Federal Drug,Federal Drug Co.,pAaK7EHmzwxm55T_jHuPjQ,4.0,23,85.71428571428572
240724,Starbucks,Starbucks,KiE0h68HGOO7ZXAqkMBdiw,2.5,35,100.0
240725,Colonic Santa Barbara,Couch Santa Barbara,5MZzFu2uZeRIUv1z0SiqNg,4.5,16,85.0
240728,"Nu Image Ad Group, Inc.",Nu Image Ad Group,vz94tAw_mHspyBSES8tiQg,5.0,7,85.0
240729,Evans Relaxing Station Inc,Evan's Relaxing Station,1CJyrUUgy3NRGpR-DGfJOg,4.0,96,89.79591836734694
240731,White & Grube Orthodontics,White & Grube Orthodontist,IlsxlSUl9-s3PmiVzVKGzg,5.0,36,96.15384615384616
240734,Color Room,The Color Room,UMxT_GXF1gEoEC5cHky8Gg,4.5,136,83.33333333333334
240739,Rainbow Nails,Rainbow Nails,5d-fkQteaqO6CSCqS5q4rw,4.5,49,100.0
240740,Tammy Dobrotin - State Farm Insurance Agent,Tammy Dobrotin - State Farm Insurance Agent,RcAv4B2kZgmb-igVKDvcJQ,4.5,20,100.0
240743,Santa Barbara Spa,Santa Barbara Spa,QwYRo9G4GsSRG3zvxCuFHw,5.0,13,100.0
240744,Quality Inn Santa Barbara,Quality Inn Santa Barbara,PvCCwun_1sD5Vg6GDguw3g,3.0,60,100.0
240746,Pure Way of Santa Barbara,Segway of Santa Barbara,-mHLlBqekJe_VC61ouI9yA,5.0,165,83.33333333333334
240748,Federal Drug Company,Federal Drug Co.,pAaK7EHmzwxm55T_jHuPjQ,4.0,23,83.33333333333334
240749,Montecito Village Travel,Montecito Village Travel,JjNejuk84OdPCJsmYMK4iA,4.5,9,100.0
240750,7 Day Nursery,7 Day Nursery,WC53Z0z4g1wauYe3xnhSGQ,4.0,30,100.0
240751,Norvell Bass Cleaners,Norvell Bass Cleaners,KBDM9Pab3F8_tzoUWvDBrQ,2.5,27,100.0
240752,Jersey Mike's,Jersey Mike's Subs,qx2YTFXfVDwQUfOeWCFfbw,3.0,43,83.87096774193549
240754,Franceschi Park,Franceschi Park,VeIrgRMOK_0ZToziUd2kUA,4.5,26,100.0
240756,Toast Design Studio,Toast Design Studio,G8wRT1dpNhvPH7LsyS1XLw,5.0,10,100.0
240758,The Plumbing Factory,The Plumbing Factory,TwiV_HehfoXJzhZaDGY4mQ,5.0,10,100.0
240759,Sunrise Chiropractic,English Chiropractic,2mzv7C4Dbctw5hnd4tx2gA,5.0,5,80.0
240760,Santa Barbara Auto Stereo & Wireless,Santa Barbara Auto Stereo & Wireless,3Z1IJ0Yxr0X8IpHAbvHItQ,4.5,60,100.0
240763,McKenzie Park,Mackenzie Park,knT83yklXA3_9BVQYLXTBQ,4.0,11,96.2962962962963
240766,Zen Spa Santa Barbara,Santa Barbara Spa,QwYRo9G4GsSRG3zvxCuFHw,5.0,13,89.47368421052632
240768,Enterprise Rent-A-Car,Enterprise Rent-A-Car,vTKvukNEAErW24Y6QxKDKw,3.5,17,100.0
240770,First Bank,First Bank,0TQKTAd22BEaRbKTUPCyFw,2.5,10,100.0
240772,Healthy Pet,Healthy Pet,KuKOSr4ueomTctc23KJHRw,5.0,44,100.0
240773,Panoyan Custom Tailoring and Men's Wear,Panoyan Custom Tailoring and Men's Wear,qISHFz2ioPRyjHOB77xzvw,4.5,12,100.0
240774,MedCenter Inc,Medcenter,OtkrobPZTiueRDCDYBDV-g,2.5,21,81.81818181818181
240775,medcenter,Medcenter,OtkrobPZTiueRDCDYBDV-g,2.5,21,100.0
240777,Verizon,Verizon,9coQY05SXPMBGKHcVXWFMw,2.5,83,100.0
240779,Trimm - Salon & Color Bar,TRiMM Salon Color Bar,3vVFJ93wUPYqdVQ5Cf5z6Q,5.0,51,91.30434782608697
240783,Jade Restaurant,Jade Restaurant,KU4zXPo6v8c3N_l14wivQA,3.5,15,100.0
240785,iGrill Korean BBQ,iGrill Korean BBQ,rU8HgGMR8Qd8_SkvKANdEA,2.5,65,100.0
240786,Royal Thai Massage,Royal Thai Massage,hxZ-5CYuCbX_eb2vZbx20A,5.0,241,100.0
240787,Uptown Lounge,Uptown Bar & Lounge,-NXRuUsazxXZZ_OHwmtYtw,4.0,138,81.25
240788,Shell,Shell,FVu6kUpm_e8jj6pPj_DwvQ,2.5,14,100.0
240789,BevMo,Bev Mo,eneANX6b3SuFqxvRIb4yeg,3.0,37,90.9090909090909
240790,Dermatology & Allergy Clinic For Animals,Dermatology & Allergy Clinic For Animals,-j-AfgDcaCaWPXIe0yaqCg,4.0,5,100.0
240796,Whitehouse Florist,Whitehouse Florists,ebj9-iotaRzsVjesD8xKZQ,4.5,20,97.2972972972973
240797,Adobe Pet Hospital,Adobe Pet Hospital,BTV1oCzHcguAMs6JnEX3rw,4.5,42,100.0
240799,Salon Patine,Salon Patine,acGar5SCfNF2v2Vx7EX6dQ,4.5,267,100.0
240801,Santa Barbara Nails,Santa Barbara Nails,GctpGtQPijpg3uTjzOrafQ,4.0,30,100.0
240802,San Roque Pet Hospital,San Roque Pet Hospital,HjFBTNeRyy7zLSIpWap9bA,3.5,66,100.0
240803,R Salon,Mi Salon,9vH3pJlBjfhi8HFlX9EB1w,4.5,110,80.0
240804,El Pollo Loco,El Pollo Loco,xv_nZ8E7DFiKDjFi9syKsQ,2.5,56,100.0
240809,Santa Barbara Signs & Graphics,Santa Barbara Signs & Graphics,oiiIh53Xm1K1y9q-FQqdGw,4.5,14,100.0
240810,The Color Room,The Color Room,UMxT_GXF1gEoEC5cHky8Gg,4.5,136,100.0
240812,CircaTerra Travel Outfitters,Circaterra Travel Outfitters,4xZNjdj6EmSDsDb7yrYb8w,5.0,8,100.0
240818,Giovanni's of Santa Barbara,Giovanni's of Santa Barbara,XHxAIQR-QAz6j1RMaz_J1A,3.5,131,100.0
240819,Domino's Pizza,Domino's Pizza,vTXNVK73GOvVb3js4w8SLg,2.5,39,100.0
240820,Best Nails,Best Nails,zE93moUe9HRKdHjZsAQY4Q,3.5,60,100.0
240821,Santa Barbara Birth Center,Santa Barbara Birth Center,sBjorfvlx5fHdb_W6fSZvg,5.0,18,100.0
240822,Giovanni's Pizza,Giovanni's Pizza,MnAn9IDCGMTXFqUqJ5P53Q,3.5,83,100.0
240824,Tiburon Tavern,Tiburon Tavern,Pjurvl_qc3IEMxW38Kj3tg,4.0,46,100.0
240826,Crystal Chiropractic,Mesa Chiropractic,UYv5eH0QVoMot5h-MFkJcw,4.0,11,81.08108108108108
240828,State Street Jewelry and Loan,State Street Jewelry and Loan,8r9Itqev8bmAzIzxYzMJCA,4.0,14,100.0
240829,Today Nails,Todays Nails,dEhVyrZvxw6H-Y1qGoMxkw,4.0,49,95.65217391304348
240830,Kimchi Korean BBQ,Kimchi Korean BBQ,SsHMgOW3TT48Z7jeV5beqQ,4.0,312,100.0
240831,Enterprise,Enterprise Fish,a32M9H9nkkPGKTKB5W27NA,3.5,1094,80.0
240832,ARCO,ARCO,akjci9MICIgNnUYJdr8mXg,2.0,9,100.0
240838,Santa Barbara Real Estate,Santa Barbara Orchid Estate,X9eQxXnIAViTIlRtBRkqvQ,4.0,36,84.61538461538461
240842,San Roque Patio Florist,San Roque Florist,E5j09uMSJmVV7onkIKPIpQ,2.5,15,85.0
240848,II Fustlno,il Fustino,1XoX4eLYyfK4b8l_TqiPUg,4.5,28,80.0
240849,California Wood Fired Catering,California Wood-Fired Catering,8QvcM8Nvwite-DOgdYllOw,4.5,5,83.33333333333334
240852,"Tri County Blinds, Drapes & Shutters","Tri County Blinds, Drapes & Shutters",ni3z9JfXecOGgdcpU6VWzA,4.0,23,100.0
240854,Humphreys Rain Gutters,Humphreys Rain Gutters,L5bUEcnzzejQp0rh_F2hTw,5.0,8,100.0
240856,Everclear Pool Service,Everclear Pool Service,LVl6J0ld43IfHlOK2u5wpQ,5.0,5,100.0
240859,Union Bank,Union Bank,YW9bxMWQ3lUoi64lirtZYg,3.0,5,100.0
240860,SB Chauffeuring & Tours ®,SB Chauffeuring & Tours,l0MYvo9VPUN-gnlAhg11UQ,4.5,61,95.83333333333334
240862,Tolan & Associates,Tolan & Associates,6g3P8EoMq0EVvjk7COymdQ,5.0,6,100.0
240864,Coach,Coach,pKWxpYsS-z6D5FMKfOGuIA,4.0,33,100.0
240865,Jack in the Box,Jack in the Box,fHUAs1ec568wu-a_mRq7Rw,1.5,49,100.0
240867,Taco Bell,Taco Bell,OdRkeCycTpMRow9XUXVNWw,2.0,5,100.0
240868,Fidelity Investments,Fidelity Investments,Uvz7AkdcreWL2jyK6h-1Vw,2.5,7,100.0
240869,Ruth's Chris Steak House,Ruth's Chris Steak House,jMAQupx06hHjie54wV2yNQ,4.5,15,100.0
240871,Nutrishop,Nutrishop,aIDRH4eKKBV0Je_W4y83sw,4.5,48,100.0
240874,Riverblue Salon Spa,Riverblue Salon Spa,a1mWf5XQqhMceRZWRYPcGw,4.5,71,100.0
240876,Peet's Coffee,Peet's Coffee,p2kC-cD22QAQzIGD8ZuqFA,4.0,73,100.0
240878,Champagne Nail Bar,Champagne Nail Bar,caYZsADRN8VqOoWGHAEu8w,4.5,194,100.0
240881,The Marc,The Marc,sHxiSOBc6jQKGbGGYoDCpQ,3.0,8,100.0
240883,Massage Envy - Santa Barbara,Massage Envy - Santa Barbara,pJpNhr4Ikoz_2OHOjB8OmQ,3.0,69,100.0
240886,Neptune Society,Neptune Society,eX7cchZJY6aCEmObk7Aipg,2.5,24,100.0
240888,Tax Offices of Joel Perez,"Tax Offices of Joel Perez, EA",hlZRY9NqVVsHDxMjNoiaJQ,5.0,22,92.5925925925926
240889,United Blood Services,United Blood Services,bvZQLlR_TO42ogAkuE2Oog,4.5,15,100.0
240891,Dutch Garden Restaurant,Dutch Garden Restaurant,INaAIFXWueRVjgmuNtJTEw,4.5,151,100.0
240892,The Riv,The Riv,_E30xjAy_RRQuOeQrNOOGA,4.0,17,100.0
240894,Highway 1 Santa Barbara,Santa Barbara Gas,7YNFCvQcWMVYMAWbKSBDMg,3.0,19,80.0
240895,U-Haul Storage of Santa Barbara,U-Haul Storage of Santa Barbara,shOZD2KdrHEzd7KOeEfLbA,2.5,20,100.0
240906,Jiffy Lube,Jiffy Lube,oQl9X8cK3BxpLl6hN4u-xA,3.5,146,100.0
240909,Safety Matters Certified Training,Safety Matters Certified Training,hkTSNqeVD0U8-nVGojWL3A,5.0,17,100.0
240911,ServiceMaster Clean,ServiceMaster Anytime,q7K3uHKzxQc2HUdqR8mThg,2.0,20,80.0
240915,Tremblay Financial Services,Tremblay Financial Services,Lsobf10iNVfWUt3_PBIDyg,3.0,9,100.0
240919,Chuck's of Hawaii,Chuck's of Hawaii,ERzIS-WRLw-80_B4yqcG3Q,3.5,260,100.0
240921,Meineke Car Care Center,Meineke Car Care Centers,wMG7vnGBKo-xWkV8FSMecA,3.0,131,97.87234042553192
240926,Stevens & Associates Insurance Agency,Stevens & Associates Insurance Agency,SZfiLIMdQ52TCTpDzJtkVw,4.0,17,100.0
240927,SB Sunshine Cafe,SB Sunshine Cafe,1Du1NruqJwxnzgEUHc42Jw,4.5,208,100.0
240930,Little Rainbow Foot Spa,Little Rainbow Foot Spa,pnsVI4jbOGwzDk5GlHQT5Q,3.5,69,100.0
240931,Studio One Hair Design,Studio One Hair Design,fsq25qCrUyXQqmLfcANl9w,3.5,15,100.0
240932,Open Air Bicycles,Open Air Bicycles,xc2n_h3s9kvTABsHrXk0sQ,3.5,49,100.0
240933,Oasis Inn and Suites,Oasis Inn and Suites,69O7BOmGCpfZ9tzQdLtnjw,2.5,103,100.0
240934,Sunset Motel,Sunset Motel,L4KmO9khg-x19gXaDhgsLA,2.5,61,100.0
240938,Santa Barbara Children's Dentistry,Santa Barbara Children's Dentistry,skHwbb-SxqFeKHNemu1m8w,5.0,8,100.0
240940,Berkshire Hathaway HomeServices California Properties,Ali Evans -Berkshire Hathaway HomeServices California Properties,6rs7cK0EblZuNLlQAWchXQ,5.0,26,90.5982905982906
240943,Alisa Pepper,Alisa Pepper,TFAmFvGFR_TDaXeCA8YI1w,5.0,10,100.0
240946,The Santa Barbara Group,The Garage Santa Barbara,icjIOnb1ErT8Wnz5MkQ_Vg,5.0,17,85.1063829787234
240955,Houses In Santa Barbara,Santa Barbara FisHouse,E7RtIisUoRMcADSebBgNAA,3.5,1140,84.44444444444444
240960,Chase Bank,Chase Bank,Ff852WLwy5qyk9-9Sx0h8w,2.5,7,100.0
240961,Ferris Orthodontic Group,Ferris Orthodontic Group,uTM5frkl43QasktcP2--Bg,5.0,43,100.0
240962,Mietus Cornelius OD,"Cornelius J Mietus, OD",UtTscAYLkNCf7R_BfFkpVg,4.5,15,92.6829268292683
240964,Santa Barbara Shoreline Park,Santa Barbara Shoe Repair,nPFRYPMt9c25BGA4gtO4ug,4.0,62,83.01886792452831
240965,Little Rainbow Foot Spa,Little Rainbow Foot Spa,pnsVI4jbOGwzDk5GlHQT5Q,3.5,69,100.0
240967,Malai Thai Massage,Malai Thai Massage,q2RogKPaDfeQz4K7xnIQCA,4.0,58,100.0
240976,Max's Restaurant,Chase Restaurant,-3AooxIkg38UyUdlz5oXdw,3.0,436,81.25
240984,McDonald's,McDonald's,jshnKTsnoXLSez5XD1qo7Q,2.5,56,100.0
240987,Firestone Complete Auto Care,Firestone Complete Auto Care,COsfZt88kF_138_RWqOP1w,3.0,75,100.0
240988,La Cumbre Animal Hospital,La Cumbre Animal Hospital,dsmp50IKQufbf1CaKl9iRw,4.5,80,100.0
240990,Dr. Wilson Wu MD PhD,"Wilson Wu, MD, PHD",jYLwbSEtX6SKYFK9B6rXow,4.0,9,84.21052631578947
240999,Brighten Solar Co,Brighten Solar,IHhWhfgAeQO6By0oqgqOjA,5.0,24,90.32258064516128
241003,Fisher Strength and Health Gym,Fisher Strength and Health Gym ,I-SZ0TYMFK429AUImSJ3DA,5.0,12,100.0
241004,Eller's Doughnut House & Bakery,Eller's Doughnut House & Bakery,xGaYXbXGwagUKPNEaVqbWw,3.0,71,100.0
241005,Fast Lane Oil Change,Fast Lane Oil Change,6VB6alknBnXP89pBuVyZuA,3.0,59,100.0
241006,HotSpring Spa & Patio,HotSpring Spa & Patio,rkdF-Yrz_5ltFm-GxTk-Cw,3.5,9,100.0
241007,Santa Barbara Lampshades,Santa Barbara Lampshades,xlOJ8iFGrhi59Fyc6mwRLA,4.5,15,100.0
241009,Milpas Rental Inc,Milpas Rental,FcT5E4EoNe6dUOPYkenSdw,4.5,9,86.66666666666667
241010,Kids Cuts,Kids Cuts,5IMXGbPXrMdpFPrwKYo-VQ,4.0,34,100.0
241011,Santa Barbara Auto Solutions,Santa Barbara IT Solutions,NyqYpVVIbEQvz6zKE-Fyew,5.0,20,85.18518518518519
241013,Ian's Tire and Auto Repair,Ian's Tire and Auto Repair,W2oMXNZlcY0ZJCLA_Sn61g,4.5,139,100.0
241014,Simply Remembered Cremation Care,Simply Remembered Cremation Care,4U2QkEMQoaKvtrw202Lp9g,5.0,21,100.0
241018,Ian's Tire & Auto Repair,Ian's Tire and Auto Repair,W2oMXNZlcY0ZJCLA_Sn61g,4.5,139,92.0
241021,Antique Center Mall,Antique Center Mall,VB0nKjMvIliHorXE6BqscA,3.5,30,100.0
241024,European Deli & Market,European Deli Market,Ch6O9z9_hHDACROLTr2JUQ,4.5,45,95.23809523809523
241026,U-Haul of Santa Barbara,U-Haul of Santa Barbara,VqXqBWHiiVJ9ysfQ3kDbLg,2.0,59,100.0
241027,The Creekside,The Creekside Bar,ISptOKAGjQnnawYFOz3e4A,4.0,16,86.66666666666667
241030,Rayne Water Conditioning,Rayne Water Conditioning,pa37xLYyVzSLvrTytIo8Uw,4.5,25,100.0
241034,Sierra Property Management,Sierra Property Management,raKflkp3CANr8N7qpQ3ZyQ,2.5,39,100.0
241041,LBPS Events,KB Events,AHJLXDOPff4gtS2fKVeyMw,5.0,37,80.0
241042,Brighten Solar Co.,Brighten Solar,IHhWhfgAeQO6By0oqgqOjA,5.0,24,87.5
241043,Mammoth Moving and Storage,Mammoth Moving & Storage,mmbRGcXBFYWf1EMPrA8b8Q,4.5,19,92.0
241044,Goleta Valley Self Storage,Goleta Valley Self Storage,CCHY-ykC19G1hz7PwgNkDQ,5.0,35,100.0
241047,Meridian Group Real Estate Management,Meridian Group Real Estate Management,1V-DmXlZjlgI-vkZEG9P4w,2.0,92,100.0
241051,Santa Barbara Children's Dental,Santa Barbara Children's Dentistry,skHwbb-SxqFeKHNemu1m8w,5.0,8,89.23076923076923
241052,Servpro of Santa Barbara,SERVPRO of Santa Barbara,XaNaJg7W4BJEP0h06N00MQ,4.5,17,100.0
241057,Bowlero Santa Barbara,BMW Santa Barbara,rlwQdQl4TxRLhqrBN8f9gA,4.0,51,84.21052631578947
241066,Subway,Subway,VciWUuWgNshjkRDPHiFCoQ,3.5,8,100.0
241067,ALBERTSONS #357,Albertsons,lOjaVGb2ZA1W7MdeB7bV5A,4.0,6,80.0
241068,CVS Pharmacy,CVS Pharmacy,OQKKEbPoXqZwSF5CiNWZeQ,1.5,58,100.0
241069,Club Pilates,Club Pilates,7pdiRVxWq53TEPSQPWsU9Q,4.5,6,100.0
241138,Selena Marie Weddings & Events,Selena Marie Weddings & Events,kPb6uUcWkTFrpjG7f5adWw,5.0,9,100.0
241140,Parma Park,Parma Park,Bk39_jYGJjYzL4jpTTZOHQ,3.0,5,100.0
241142,Professional Women Painters,Professional Women Painters,zppnCAAEn_DstvEc1Uhqvg,4.5,10,100.0
241155,Santa Barbara Tennis Club,Santa Barbara Tennis Club,VlWRH24coePpojejYX25Ag,4.0,5,100.0
241156,Santa Barbara Marketplace,Santa Barbara Public Market,6m4A_ciUZn1G302yx1YV1w,4.0,270,88.46153846153845
241157,Tennis Club of Santa Barbara,Santa Barbara Tennis Club,VlWRH24coePpojejYX25Ag,4.0,5,94.33962264150944
241161,Wine Canyon Tours,Wine Canyon Tours,T97hE3STgTgpwda75h6p1w,5.0,152,100.0
241164,Lovewater Surf School,Lovewater Surf School,iiTApETRW5Ksl5m1MUGRug,5.0,28,100.0
241167,Rancho Santa Barbara,RH Santa Barbara,zv_3f5U_-7v3UJzpgfhzGQ,3.0,23,88.88888888888889
241168,Moving Miss Daisy,Moving Miss Daisy,C8E5aOWtr68rmMfi9QcXsQ,5.0,6,100.0
241169,Goodland,Foodland,ENp_DT0yXdIzdk_O8Ti_kQ,3.5,13,87.5
241208,Santa Barbara County Juvenile,Santa Barbara County Limousine,2VhnG5W9n0mp9eTr38nzVA,5.0,7,81.35593220338984
241220,Brian's Heating and Air Conditioning Inc,Brian's Heating & Air Conditioning,dDW8QCJZRBqH4jskKoszdw,4.5,11,86.48648648648648
241231,State Street Auto Detail,State Street Auto Detail,EHKSBaFVCUwv-aZY2XEKtA,3.0,5,100.0
241232,Dodo Limo & Transportation,Dodo Limo & Transportation,ULORSTWTa5PbyjM6K4tWDA,4.5,15,100.0
241234,iSurf,iSurf,OG24_DwywdSHyso2CCcp5g,5.0,46,100.0
241236,Santa Barbara Roman Catholic,Santa Barbara Chicken Ranch,eBxc95u_Gcs9bLST0UntOQ,4.0,378,80.0
241237,Rocky Nook Park,Rocky Nook Park,C4uaJyg6FumMbX7YQWpYrQ,4.5,12,100.0
241244,University of CA Santa Barbara,University Club of Santa Barbara,k3lTRgvPvYUI-cX7_TAqNA,5.0,76,93.5483870967742
241246,Santa Barbara Teachers Federal Credit Union,Santa Barbara Teachers Federal Credit,T0azNJYlflPXBTFU83W4Qw,4.0,7,92.5
241253,Balloon Affair,Balloon Affair,Pl1C5l6qopDMltjDAcs4DQ,4.0,9,100.0
241263,Lotusland,Lotusland,dKuSZlhFwYj4wetpmOQakA,4.5,98,100.0
241267,Pacific Diagnostic Laboratories,Pacific Diagnostic Laboratories,arSpgFeGqZpFk3wQMmSjcw,2.5,34,100.0
241270,Images by Valerie,Images By Valerie,LqKN4dpnA9qo9q5con5A4A,4.5,8,100.0
241277,Sarita Relis Photography,Sarita Relis Photography,c5zYF9LghAGh4u_y2LlGPQ,5.0,19,100.0
241278,Santa Barbara Prius Dealership,Santa Barbara Precious Metals,NHUzPRp69b356pjpA9UM4Q,4.5,13,81.35593220338984
241281,Sansum Clinic Radiology,Sansum Clinic Pesetas Radiology,ogmDAwjNbbjLt5Krqez2vw,2.5,9,85.18518518518519
241284,IHOP,IHOP,T2otvNcawDSkhykOG2tOLA,2.5,113,100.0
241285,Shell,Shell,FVu6kUpm_e8jj6pPj_DwvQ,2.5,14,100.0
241286,Santa Barbara Mental Health,Gentle Dental Santa Barbara,cRg8dJQLyrSymyli4WxNXg,2.0,55,81.4814814814815
241288,The Point Market,The Point Market,GmOfZHgU9fm75f1nmVZnNA,3.5,7,100.0
241291,Santa Barbara County Rideshare,Santa Barbara County Limousine,2VhnG5W9n0mp9eTr38nzVA,5.0,7,80.0
241295,Santa Barbara VA Clinic,Santa Barbara Herb Clinic,pNuUx7_HDBCVaInwn5aIjw,4.0,9,83.33333333333334
241298,Santa Barbara Environmental,Santa Barbara Elopement,fok0RbheKRSnf9o0Am0QkQ,5.0,15,80.0
241299,Santa Barbara County Elections Office,Santa Barbara County Limousine,2VhnG5W9n0mp9eTr38nzVA,5.0,7,80.59701492537313
241304,Patterson Self-Storage,Patterson Self-Storage,JoHtbl1QSBdZRE05U73mow,4.0,13,100.0
241329,Fuel Depot,Fuel Depot,Vb-9SshcFWWDNcLYgCAtkw,2.5,6,100.0
241333,ARCO,ARCO,akjci9MICIgNnUYJdr8mXg,2.0,9,100.0
241353,Union Bank,Union Bank,YW9bxMWQ3lUoi64lirtZYg,3.0,5,100.0
241359,Starbucks,Starbucks,KiE0h68HGOO7ZXAqkMBdiw,2.5,35,100.0
241360,Shell,Shell,FVu6kUpm_e8jj6pPj_DwvQ,2.5,14,100.0
241361,Santa Barbara County Employee University,University Club of Santa Barbara,k3lTRgvPvYUI-cX7_TAqNA,5.0,76,80.55555555555556
241363,Big Green Cleaning Company,Big Green Cleaning Company,9qr23AuqJ6ZplKlHCdd6FQ,3.5,8,100.0
241369,Ocean Jewel Santa Barbara,Santa Barbara Loan & Jewelry,z-dnUiZVUWnDyZgqGVHCEw,3.5,5,86.79245283018868
241377,Fuel Depot,Fuel Depot,Vb-9SshcFWWDNcLYgCAtkw,2.5,6,100.0
241386,Frog Bar & Grill,Frog Bar & Grill,fnGZspqyamRremXor0sAyg,4.0,16,100.0
241400,Denny's,Denny's,icGg8xgDJVufg-xptMrDGw,2.5,158,100.0
241403,Shell,Shell,FVu6kUpm_e8jj6pPj_DwvQ,2.5,14,100.0
241405,Chevron,Chevron,bsXwUFUoVZTH4HzoubR6gw,2.5,9,100.0
241406,Blenders In The Grass,Blenders In the Grass,od_MWVpghkvSsl1HKasM9A,4.0,55,100.0
241413,The Coffee Bean & Tea Leaf,The Coffee Bean & Tea Leaf,oS02owt-XB2RtDbogYyn-A,3.5,50,100.0
241414,Little Rainbow Foot Spa,Little Rainbow Foot Spa,pnsVI4jbOGwzDk5GlHQT5Q,3.5,69,100.0
241434,Albertsons,Albertsons,lOjaVGb2ZA1W7MdeB7bV5A,4.0,6,100.0
241436,Trader Joes,Trader Joe's,Kthnb7PjDSd7FsBp4wqoHA,4.5,85,95.65217391304348
241440,FedEx Office Print & Ship Center,FedEx Office Print & Ship Center,e7f09icGniksVPanqvC53Q,2.5,48,100.0
241451,Lori's Mobile Notary & Fingerprinting,Lori's Mobile Notary & Fingerprinting,0bNcU1b_Pz47u5njx_xInQ,3.5,15,100.0
241452,Bail Hotline Bail Bonds,Bail Hotline Bail Bonds,xO7QoV6fbHHr_iGkG2l1gw,4.0,10,100.0
241465,The UPS Store,The UPS Store,r5z55-IhuLBUj4cd-3t2ug,4.0,26,100.0
241467,Verizon,Verizon,9coQY05SXPMBGKHcVXWFMw,2.5,83,100.0
241475,Panda Express,Panda Express,ebJav941naDgngDP2EIRHw,2.5,51,100.0
241481,AC4 Fitness,AC4 Fitness,8Djd_JrAL7wQUKA1CAvM7A,4.0,31,100.0
241484,Wingstop,Wingstop,EBuSqlpzzyfZZkEgPxVV1Q,3.0,36,100.0
241485,Jersey Mike's,Jersey Mike's Subs,qx2YTFXfVDwQUfOeWCFfbw,3.0,43,83.87096774193549
241491,Backyard Bowls,Backyard Bowls,hVKH5oED9NgGaZeIiF547A,4.0,214,100.0
241498,Montecito Bank & Trust,Montecito Bank & Trust,sRCokMWcZKTbzfV5tgVXyg,1.5,7,100.0
241502,CAYA Restaurant,Jade Restaurant,KU4zXPo6v8c3N_l14wivQA,3.5,15,80.0
241507,Fast Lane Smog and Oil Change,Fast Lane Oil Change,6VB6alknBnXP89pBuVyZuA,3.0,59,81.63265306122449
241514,Verizon,Verizon,9coQY05SXPMBGKHcVXWFMw,2.5,83,100.0
241517,Nu Image Ad Group,Nu Image Ad Group,vz94tAw_mHspyBSES8tiQg,5.0,7,100.0
241524,Lily's Nail Spa,Elaine's Nail Spa,4h-zP7yhqAbvF5pz4GyTrw,4.5,16,81.25
241531,Bank of America Financial Center,Bank of America Financial Center,LgCjElmL88XUnnNGM_x1oQ,1.5,12,100.0
241536,Carl's Jr.,Carl's Jr.,FYc3iwBUhGhxJAtJ6oRvJQ,2.5,10,100.0
241540,Fantastic Sams Cut & Color,Fantastic Sams Cut and Color,45l9CK5t_Vg5jPfyzip0WA,3.0,27,92.5925925925926
241543,El Pollo Loco,El Pollo Loco,xv_nZ8E7DFiKDjFi9syKsQ,2.5,56,100.0
241548,H&R Block,H&R Block,4HMvO83RYKVWPMv6bwoLlg,2.0,13,100.0
241563,Starbucks,Starbucks,S7Cl9gYqaC9jlw32yd4_Yg,3.0,50,100.0
241569,Santa Barbara Harbor,Land Rover Santa Barbara,U22eDdkE5xH-gKsDZcknGA,3.5,21,81.81818181818181
241570,City of Santa Barbara,Santa Barbara Golf Club,AgTPBMMz2Cmn11lbPe3K8A,3.0,40,81.81818181818181
241571,Rusty's Pizza Parlor,Rusty's Pizza Parlor,C-aATB7SbuwMBPN5dgjghQ,3.0,127,100.0
241589,Taco Bell,Taco Bell,OdRkeCycTpMRow9XUXVNWw,2.0,5,100.0
241592,Wells Fargo,Wells Fargo Bank,mo3qhcagUPSwdqmkd-o-Hg,2.5,14,81.4814814814815
241593,Maravilla,Maravilla,Dx4Ir_3NvTlomyxcObTUpA,3.0,11,100.0
241594,Santa Barbara Elks Lodge #613,Elks Lodge Santa Barbara No 613,odfUi0tELlYNp1RkrVMKtg,3.5,11,93.33333333333333
241596,Santa Barbara County Sheriff's Department,Santa Barbara Sherriff's Department,QM2ujTJmdMMYQWyh8klpjQ,2.0,6,89.47368421052632
241597,Santa Barbara County Jail,Santa Barbara Nails,GctpGtQPijpg3uTjzOrafQ,4.0,30,81.81818181818181
241600,Santa Barbara VA Clinic,Santa Barbara Herb Clinic,pNuUx7_HDBCVaInwn5aIjw,4.0,9,83.33333333333334
241604,Hi Time Stop & Shop,Hi Time Stop & Shop,CNVbKrqBr6NdKqzCYLeZrA,3.5,7,100.0
241612,Marymount Of Santa Barbara,Maserati of Santa Barbara,g1b4_6-rdTKxvVl6OaAivQ,2.0,7,82.35294117647058
241613,Santa Barbara Woman's Club,Santa Barbara Tennis Club,VlWRH24coePpojejYX25Ag,4.0,5,82.35294117647058
241626,Tristin Tracy Photography,Tristin Tracy Photography,FA2un1SFK0X810vrCrVGHw,5.0,5,100.0
241635,Eco Carpet Cleaning,Eco Carpet Cleaning,SYp2hxDzYx1nnJMPg5KBYA,3.0,11,100.0
241636,Sansum Clinic Pesetas Urgent Care,Sansum Clinic Pesetas Urgent Care,mZQbhFIGDC9cYasmZDfFHA,2.5,63,100.0
241637,Sansum Clinic Prescription Pharmacy,Sansum Clinic Prescription Pharmacy at Pueblo,VfMajgMtSnjbtgDh22j8Yw,3.0,16,87.5
241710,Sansum Clinic Endocrinology,Sansum Clinic Endocrinology,9VHwS0FTeh66NdDbXGvQiA,1.5,9,100.0
241734,Sansum Clinic Multi-Specialty Clinic,Sansum Clinic Pueblo Multi-Specialty Clinic,hXS_qTF4aFPv_A6E3V0Q2Q,2.5,31,91.13924050632912
241758,Alegre Dental and Braces,Alegre Dental and Braces,tnEj-BHYu4I3e8lr0TWlvw,3.0,7,100.0
241760,Royal Carpet Cleaning,Royal Carpet Cleaning,eydOdteunwkmKtJYfVO6uQ,5.0,28,100.0
241790,Santa Barbara Herb Clinic,Santa Barbara Herb Clinic,pNuUx7_HDBCVaInwn5aIjw,4.0,9,100.0
241792,"Hook, Line & Sinker","Hook, Line & Sinker",NshfaKWLHV9s5yUwvm9fMw,4.0,26,100.0
241798,Hi-Time Liquors,Hi-Time Liquors No 6,AAiPARkDNPHR2g7BnmFRUw,4.5,6,85.71428571428572
241800,Downtown Brewing Co.,Downtown Brewing Co,e_LmE84zjkowFcQUd4sdfw,2.5,15,97.43589743589743
241805,"Homebridge Financial Services, Inc.",Homebridge Financial Services,1FqgUtPHfHIWA09Mv4y7eg,4.5,5,90.625
241806,Santa Barbara Coastal Advisors,Santa Barbara Coastal Advisors,6U8cZCImNlFKL70cm11TbQ,2.0,5,100.0
241821,Best Western Plus Pepper Tree Inn,Best Western Plus Pepper Tree Inn,qQmdJFMWoDe2T2lbacBE8g,3.5,210,100.0
241830,Montecito Bank & Trust,Montecito Bank & Trust,sRCokMWcZKTbzfV5tgVXyg,1.5,7,100.0
241837,Gold's Gym,Gold's Gym,LsFLAV2Sfq_DaRjDaI8LRA,3.5,39,100.0
241838,My Gym,My Gym,E-qK6UPOzDKki3qI9PN-nw,4.0,9,100.0
241844,First American Title Company,First American Title Company,h0L85hgWPIm93HUG1Wr6rg,3.5,5,100.0
241845,Wells Fargo Bank,Wells Fargo Bank,mo3qhcagUPSwdqmkd-o-Hg,2.5,14,100.0
241870,Berkshire Hathaway HomeServices - Karen Rojas Acosta,Ann Zafiratos - Berkshire Hathaway HomeServices,7Y1c6xzVnYntgmFOKy29mg,5.0,7,80.8080808080808
241889,Vices & Spices From Around The World,Vices & Spices From Around the World,ODvaMIpjD6bHiwQ9-kmECw,4.5,81,100.0
241891,7-Eleven,7-Eleven,EtGFDdjui_Hww78JU4XoXg,3.0,6,100.0
241893,The Void Santa Barbara,Santa Barbara Towing,7wN5USDIbOOuA87EEyqJhA,2.5,24,80.95238095238095
241894,Zemella Chiropractic,Mesa Chiropractic,UYv5eH0QVoMot5h-MFkJcw,4.0,11,86.48648648648648
241895,Flavor of India Santa Barbara,Honda of Santa Barbara,WbmY1I8rZNUqQz4ksnEMzw,3.0,10,82.35294117647058
241896,Mercado del Norte,Mercado El Rey,5LeEWF3UxdPAQhtss_PbJg,4.5,15,83.87096774193549
241897,Legends Hair Salon,Olga's Hair Salon,v2huduYrLY0EIHVR3eq8LQ,3.0,5,80.0
241899,Atlas Rehabilitation for Canines,Atlas Rehabilitation For Canines,XuHV-bNtFJOKrww0-OhZ8g,4.5,6,100.0
241900,Agave Inn,Agave Inn,cCbAiX9ucA2awIijfSN3cQ,4.0,184,100.0
241902,Santa Barbara Museum of Natural History,Santa Barbara Museum of Natural History,qo1skGbgDfQN3UItla2YLw,4.0,119,100.0
241903,Rocky Nook Park,Rocky Nook Park,C4uaJyg6FumMbX7YQWpYrQ,4.5,12,100.0
241908,La Casa de Maria,La Casa De Maria,BensdYRuR-zra1g3nBJFXQ,4.5,12,100.0
241910,La Casa de Maria,La Casa De Maria,BensdYRuR-zra1g3nBJFXQ,4.5,12,100.0
241912,Plow & Angel,Plow & Angel,qM2gfO-cqpDzxmIX-XzuWA,4.0,77,100.0
241916,The Stonehouse Restaurant,Stonehouse Restaurant,aFhPwy7OhyKah4cJY2QdEQ,4.5,339,91.30434782608697
241918,San Ysidro Ranch,San Ysidro Ranch,xIxaczgUFRr5C1LNbQSKow,4.5,129,100.0
241919,Plow & Angel,Plow & Angel,qM2gfO-cqpDzxmIX-XzuWA,4.0,77,100.0
241924,Montecito Fire,Montecito Cafe,hLUqElKTjOzpt_ZXkWVuiA,4.0,104,85.71428571428572
241933,Montecito Village Grocery,Montecito Village Grocery,edDmC1Zcr5SVczbKBfiXqw,3.0,25,100.0
241936,Wells Fargo,Wells Fargo Bank,4xtj2p26iEReV5VQQcbusQ,2.5,16,81.4814814814815
241937,Knowlwood Tennis Club,Knowlwood Tennis Club,RZS7Mi9W5jhrEafqAfgwJg,5.0,5,100.0
241941,Imagine,Imagine,_OZLTQrDdS4X8HmzwJAMkA,4.5,6,100.0
241944,Lost Horizon Bookstore,Lost Horizon Bookstore,shABaXkhIW1Xg7Uoo4Hj9w,5.0,13,100.0
241945,The UPS Store,The UPS Store,sCkN50fE_Pe9gwSnwVwiJA,3.5,37,100.0
241953,Signature Parking,Signature Parking,I9Zh-vdISUaU7_ktpldnKw,3.5,26,100.0
241954,Bryant & Sons,Bryant & Sons,wtEgueguwMSfHsmuFnS42w,4.0,36,100.0
241957,Bissell Clinic,Bissell Clinic,lOzmxDtDhFE-AGtMLc6-qQ,4.5,15,100.0
241967,MONTECITO,Montecito Inn,2KWdqoTYBTpBq-Rlb4sR5w,3.5,262,81.81818181818181
241969,Julianne,Julienne,oktohqIGhMQxOP7h5ugHlg,4.0,284,87.5
241978,Tecolote Book Shop,Tecolote Book Shop,P7BUWaKum5T3GvCNSfksFw,4.5,9,100.0
241982,Presidio Commercial Real Estate,Radius Commercial Real Estate,lM-W3n0-xhG4hpDSxKaOAw,4.5,5,86.66666666666667
241983,Montecito Coffee Shop,Montecito Coffee Shop,C6AiAF35zwpAoK5jjm-nhA,3.5,37,100.0
241985,San Ysidro Pharmacy,San Ysidro Pharmacy,FoMjCF48aRyW91iM7Tutzw,3.5,13,100.0
241992,LL Transportation,Luxe Transportation,uf7ubtoT85HSXp9xhPcHhg,5.0,34,88.88888888888889
242003,Santa Barbara Real Estate,Santa Barbara Estate Planner,jnUR4SD9C867RotJ20yFWw,5.0,7,83.01886792452831
242010,Santa Barbara Appliance Repair Pros,Appliance Repair Santa Barbara,D2ZQeoWrx8bmSKddjCLC3Q,1.0,6,92.3076923076923
242013,Montecito Village True Value Hardware,Montecito Village True Value Hardware,IoJkJ8rI_p5bfE2hYlKiGw,4.5,6,100.0
242014,Union Bank,Union Bank,Nys0pd52lpDumfinmfg_HA,1.5,14,100.0
242021,Our Lady of Mt Carmel,Our Lady of Mount Carmel Church,Tm5EuTid5ItR2v0mFvSXCg,5.0,5,80.76923076923077
242023,U.S. Bank Branch,U.S. Bank Branch,P0ToKWFksOpX-wBJuE5kSg,2.5,13,100.0
242034,Montecito Library,Montecito Library,DHUL6nCSHLSgkzD02OYA0w,3.5,5,100.0
242043,Santa Barbara Travel Bureau,Santa Barbara Travel,JZ1Vlmi-uGN8w5JNXEeHMw,4.5,15,85.1063829787234
242054,Our Lady of Mount Carmel Church,Our Lady of Mount Carmel Church,Tm5EuTid5ItR2v0mFvSXCg,5.0,5,100.0
242059,Manning Park,Manning Park,7yU6h5VSNYKoj2dzoqa31A,5.0,7,100.0
242063,Union Bank,Union Bank,Nys0pd52lpDumfinmfg_HA,1.5,14,100.0
242073,Montecito Family YMCA,Montecito Family YMCA,gYhJPVZkzmnBawcHzb0sWA,3.5,12,100.0
242075,Montecito Union School District,Montecito Union School,tsIEadgh5YMmf2kN3aIdvA,4.0,6,83.01886792452831
242078,Thompson Michael W DDS,"Michael W Thompson, DDS",HwZG4PC_g_MHGogpYdAd0Q,5.0,7,97.77777777777777
242081,Dajen Productions,NLC Productions,uOJpsExQwccuDA1eDxTEOQ,5.0,7,81.25
242082,"Kendall, Rohde & Associates","Kendall, Rohde, & Associates",w0laHbHzpy5m8SBWbxAcXQ,4.5,35,98.18181818181819
242083,Santa Barbara Fertility Center,Santa Barbara Fertility Center,2Sauye5iyJReYj1Odc3TGw,4.5,23,100.0
242085,Fiber Seal of Santa Barbara,Segway of Santa Barbara,-mHLlBqekJe_VC61ouI9yA,5.0,165,80.0
242089,Toddy's Christmas Trees,Toddy's Christmas Trees,bgAKeBgmoW3BGiXKiEwAiQ,4.5,20,100.0
242091,Ferrel's Chiropractic,Ferrel's Chiropractic,fWbQiSAErNcznezzkfCdvg,4.5,8,100.0
242092,Pueblo Radiology Med Group Inc,Pueblo Radiology Medical Group,IyzLhlztwG9hZlV6Rb6Bpg,3.5,82,86.66666666666667
242093,Edward the Fix It Guy Inc.,Edward The Fix It Guy,juXYIYmUcZnnchS5IA4AJw,4.5,14,89.36170212765957
242106,Perry Mazda,Perry Mazda,K3Qpueohy37rRrVaAG5LAg,3.5,60,100.0
242108,Cottage Rehabilitation Hospital,Cottage Rehabilitation Hospital,h-2BAADU6lABu8FjgKHzVw,3.0,14,100.0
242110,Perry Mazda,Perry Mazda,K3Qpueohy37rRrVaAG5LAg,3.5,60,100.0
242112,Perry Ford Mazda of Santa Barbara,Perry Ford Mazda of Santa Barbara,e-M9xlXXQWIa1n6Jy8gEtA,3.5,142,100.0
242116,Goleta Valley Cottage Hospital,Goleta Valley Cottage Hospital,Y1qZb6U7MQOy-IdgzScHhQ,3.0,28,100.0
242137,Acura Santa Barbara,Acura Santa Barbara,0bcrp5XdgxABZ4jZDjBwAw,4.5,12,100.0
242138,Santa Barbara Honda,Santa Barbara Nails,GctpGtQPijpg3uTjzOrafQ,4.0,30,84.21052631578947
242163,Santa Barbara Goleta,Lexus Santa Barbara,LM6pBWPuIuJJ8Y11RzlbPQ,4.5,261,82.05128205128204
242170,BBSI Santa Barbara,Santa Barbara Jumps,Lxvr29nUFZUjW0vIXqvgyg,3.0,8,81.08108108108108
242172,BBSI Santa Barbara,Santa Barbara Jumps,Lxvr29nUFZUjW0vIXqvgyg,3.0,8,81.08108108108108
242177,Starbucks,Starbucks,XSL9RuLwRTyhNUwUo7WAPw,2.0,18,100.0
242195,Arnett Gunson Facial Reconstruction,Arnett Gunson Facial Reconstruction,Oh5Or6DRzWQqQ29riTtjVA,4.5,32,100.0
242219,Shanna Spencer Style,Shanna Spencer Style,xdJzojrrj7duItmglzMfcA,4.5,12,100.0
242251,The UPS Store,The UPS Store,r5z55-IhuLBUj4cd-3t2ug,4.0,26,100.0
242277,"Dr. Ralph Quijano, MD","Quijano Ralph, MD",Ts16glxcNkUxjTIstl3fiA,4.0,8,84.21052631578947
242280,Quijano Ralph MD,"Quijano Ralph, MD",Ts16glxcNkUxjTIstl3fiA,4.0,8,96.96969696969697
242282,Neurology Associates of Santa Barbara,Neurology Associates of Santa Barbara,Pxkkb2ekNo2GIhnednnbfw,3.5,8,100.0
242283,Gregory Keller Plastic Surgery,Keller Plastic Surgery,lLhyi9I9UTwwdDJj3Dg1AQ,2.5,18,84.61538461538461
242290,Santa Barbara Regenerative Health Clinic,Santabarbara Regenerative Health Clinic,b865KY_hcLBRphvXxySDjA,5.0,13,81.0126582278481
242291,Ocean Oral and Maxillofacial Surgery,Ocean Oral and Maxillofacial Surgery,UYjd_jY_v55ZKkO1oLO0sA,4.0,30,100.0
242296,Dr. James Brewer MD,"James G Brewer, MD",sYS52Y7WfjLg3Lo_GKDm6A,3.5,13,86.48648648648648
242298,Brewer James G MD,"James G Brewer, MD",sYS52Y7WfjLg3Lo_GKDm6A,3.5,13,97.14285714285714
242299,Union Bank,Union Bank,YW9bxMWQ3lUoi64lirtZYg,3.0,5,100.0
242303,Associated Hand Surgeons,Associated Hand Surgeons,Ofu0i7AxwlpKbuRstwPshg,3.0,34,100.0
242305,I AM Healing,I AM Healing,qGMCfHN7ltXKcrhSezdk0A,5.0,7,100.0
242307,Farida Bounoua MD,"Farida Bounoua, MD",6wwH1WgF1fevoxY3SkA5Jg,4.5,6,97.14285714285714
242308,Sol et Luna,Sol et Luna,WKFEr8ISNCQkUaJFdbBREg,5.0,6,100.0
242310,Cosmetic Surgery Center,Summit Surgery Center,2BEXt6tb-WMqRm7AAFBiCg,4.0,12,81.81818181818181
242312,James G Brewer MD,"James G Brewer, MD",sYS52Y7WfjLg3Lo_GKDm6A,3.5,13,97.14285714285714
242315,Santa Barbara Cancer Care,Santa Barbara Bay Cafe,ALMuGwPnbAVc4SIbcmQmcA,3.5,10,80.85106382978724
242319,SB Handyman,SB Handyman,iN4IiUjkMZJxTYELmeGbPQ,5.0,13,100.0
242325,California Retina Consultants,California Retina Consultants,hrREl74OU_ylv6zn0owuKA,4.5,7,100.0
242331,Kennedy's Automotive,Kennedy's Automotive Center,VT1oGkCR3j7oHh2FpQf-jA,4.5,58,85.1063829787234
242332,Smog-It,Smog-It,qSSmaL8cAs0b_Ti1-eCJlg,3.0,41,100.0
242334,Low Cost Plumbing,Low Cost Plumbing,vebWprx6VYzlKoH1Gp1X3g,4.0,13,100.0
242337,Dr. Stuart R Winthrop MD,"Stuart R Winthrop, MD",rS0BLb6nI2BfBelOlcEEYA,4.5,70,88.88888888888889
242345,Pedro's Smog Check,Pedro's Smog Check,1g_KxyM6IYiJEYUDGK5cXg,4.5,24,100.0
242351,Santa Barbara Dental Care,Santa Barbara Dental Care,JgSTUp2pz0b0I6uxXQKnVw,4.0,47,100.0
242353,Wency&#39;s Dog & Puppy Training,Wency's Dog & Puppy Training,SVas2tUaSBa2N-rchLlxHw,5.0,10,90.0
242355,Quest Diagnostics,Quest Diagnostics,XQEBvhMQk7qvZdIg8km1Fg,3.0,13,100.0
242357,Muller & Weber Physical Therapy,Muller & Weber Physical Therapy,hNpp3uy5A8QnfQ8ZCBv9rA,4.5,14,100.0
242358,Santa Barbara ENT,Santa Barbara MTD,M9tqq4TM5tEATG1J6ncM6Q,2.5,30,88.23529411764706
242362,Sara Yegiyants MD FACS,"Sara Yegiyants, MD",fVVQCL4hQLNTus1pIXzXCg,4.5,45,85.0
242374,Santa Barbara Convalescent Hospital,Santa Barbara Cottage Hospital,hPqOZy9kbt0USiapnNm9qQ,2.5,46,83.07692307692307
242375,Pacific Pain Physicians,Pacific Pain Physicians,z1djuOmMtpV38kQSJe-JMQ,2.5,26,100.0
242376,Santa Barbara Plastic Surgery Center,Santa Barbara Plastic Surgery Center,bCuerAupbA6RytDqPkSyQw,4.0,23,100.0
242379,Goodwin and Thyne Properties,Goodwin & Thyne Properties,NX6piQ0IPWFfn9c0mc6tJg,5.0,10,92.5925925925926
242382,Far West Guns,Far West Guns,-brF7zFlsXxP8cmAuCqA_A,4.0,27,100.0
242385,Aesthetics Montecito,Aesthetics Montecito,y38KvPnt_z-f6yhPhNxTfQ,5.0,18,100.0
242387,Foot & Ankle Concepts Inc.,Foot & Ankle Concepts,h1dIK5GAF2umsAj_63fBcQ,3.5,36,89.36170212765957
242388,Raul's Upholstery,Fred's Upholstery,muK_Wi72ToaZuJl_RjJMPg,4.0,8,82.35294117647058
242393,Sara Yegiyants MD FACS,"Sara Yegiyants, MD",fVVQCL4hQLNTus1pIXzXCg,4.5,45,85.0
242395,Santa Barbara Skin Care,Santa Barbara Skin Care,91JU8CoYaIAFEaoyZbPcDA,3.0,41,100.0
242396,Santa Barbara Heart Center,Santa Barbara Fertility Center,2Sauye5iyJReYj1Odc3TGw,4.5,23,85.71428571428572
242397,SculpSure Santa Barbara,Santa Barbara Surf School,XcMTtU_twdP_Zd7oWBkceg,5.0,22,83.33333333333334
242401,Vincent Tubiolo,"Tubiolo Vincent, MD",NSTkwzQwAheuuTCjCvRVmA,5.0,9,88.23529411764706
242405,Rebecca D. Golgert MD,"Rebecca Golgert, MD",Wd7CqWk-owVbcLzYNwDysQ,4.5,9,90.0
242406,Cottage Obstetrics & Gynecology Clinic,Sansum Clinic Obstetrics & Gynecology,-IVVkCDU6E-WOBJvt9FveQ,2.5,17,80.0
242408,Southern California Reproductive Center,Southern California Reproductive Center,N1a8VpnoRUJhBEPy1AquHQ,3.5,24,100.0
242410,Dermatology Associates,Dermatology Associates,RpF-cguEn5yphgcimKUTMg,2.5,6,100.0
242411,Yost Appliance Repair in Santa Barbara,Appliance Repair Santa Barbara,D2ZQeoWrx8bmSKddjCLC3Q,1.0,6,88.23529411764706
242414,Carissa Cassone,"Carissa Cassone, LE",9nkC0h6hwq2pCLsEy97abA,4.5,6,88.23529411764706
242415,Longevity Santa Barbara,Santa Barbara Salon,ZGTTTKEclsnoAPghqOaE5w,4.5,146,80.95238095238095
242416,Orthopedic Institute of Santa Barbara,Orthopedic Institute of Santa Barbara,nUzxdPn4e0vSqEnMrrh2vA,4.5,12,100.0
242422,Maguire & Early Orthopedics,Maguire & Early Orthopedics,XYCH5V3qyauP6WQxwoxuaw,3.5,10,100.0
242423,Santa Barbara Women's Imaging Center,Santa Barbara Women's Imaging Center,LWDY867RNlZ54qiBGaW3cA,3.0,13,100.0
242424,"Susanne Ramos, MD","Susanne Ramos, MD",zITiOKyBNxWrhrj67SBqEQ,4.0,25,100.0
242428,Pacific Diagnostic Laboratories,Pacific Diagnostic Laboratories,arSpgFeGqZpFk3wQMmSjcw,2.5,34,100.0
242432,Keller Plastic Surgery,Keller Plastic Surgery,lLhyi9I9UTwwdDJj3Dg1AQ,2.5,18,100.0
242433,7-Eleven,7-Eleven,EtGFDdjui_Hww78JU4XoXg,3.0,6,100.0
242435,Members Only Barber Shop,Members Only Barber Shop,1NQ2tjNj3qQt1sXXSGSsiA,4.0,9,100.0
242438,Garrett's Old Fashioned Restaurant,Garrett's Old Fashioned Restaurant,7wSnkgOORRCqVDa_n8Upxg,4.0,510,100.0
242441,Dental Arts of Santa Barbara,Dental Arts of Santa Barbara,dyxGkKpi3EyoaeXbr66j8A,2.0,25,100.0
242442,Pueblo Radiology Medical Group,Pueblo Radiology Medical Group,IyzLhlztwG9hZlV6Rb6Bpg,3.5,82,100.0
242443,Summit Surgery Center,Summit Surgery Center,2BEXt6tb-WMqRm7AAFBiCg,4.0,12,100.0
242444,Orange Tree Inn,Orange Tree Inn,f0g9JK6FUWNVgmS7AnJ3Gg,2.0,106,100.0
242450,Riviera Market,Riviera Bar,sjWf71VmU5HIwqX8RGCLJw,4.5,22,80.0
242458,Santa Barbara Stables,Santa Barbara Smiles,383ud1JzCtmjkhYBk5msjQ,4.5,9,87.8048780487805
242460,Pete's Preferred Taxi Wine Tours,Pete's Preferred Wine Tours,-gKBcW-YzcKbqCD-oWJnFQ,4.5,85,91.52542372881356
242466,Eastside Family Dental Clinic,SBNC: Eastside Family Dental Clinic,4eoPq_OCJmworO9gw6ZcmA,3.5,12,90.625
242470,Dave's Dogs Grill,Dave's Dogs Grill,_ecVi-tVoaKHKYxNkxFj7w,4.5,365,100.0
242472,Bossie's Kitchen,Bossie's Kitchen,ejqpFQ0dwO7AZhxTO9fySg,4.5,140,100.0
242473,Sublime,Sublime,WuaB_R6EOFp0S8D5C8eKYw,2.5,9,100.0
242478,Superior Brake & Alignment,Superior Brake & Alignment,2GNtlp79G3Q7xKu5VgYGxA,4.5,36,100.0
242482,Stage Left Santa Barbara,LF Santa Barbara,6zsdSFG86YXsgWK1wtU-3g,3.0,37,80.0
242486,Unity Church of Santa Barbara,University Club of Santa Barbara,k3lTRgvPvYUI-cX7_TAqNA,5.0,76,81.9672131147541
242488,Bowman's Auto Repair,Bowman's Auto Repair,2520gxEDEd7tAzZBE_YuIw,5.0,26,100.0
242490,Mundos,Mundos,IQPsL4ZKgYpvuN0BJn_yhQ,4.5,63,100.0
242491,Taqueria El Buen Gusto,Taqueria El Buen Gusto,RKuAfE06rDcetvOTI5MbbA,4.5,88,100.0
242492,Shang Hai,Shang Hai,r8tU21scBflMxWiBESPtRQ,4.5,200,100.0
242494,La Tapatia Bakery,La Tapatia Bakery,JZrspVMm79n_iHTYftkI0g,4.0,56,100.0
242496,Sal's Pizza,Sal's Pizza,jh40gx3wcYX0NL_i2Dip-A,3.5,80,100.0
242501,Spectrum Reach,Spectrum Realty,ik9VbyqVDKmGQQgALfZnBw,3.0,18,82.75862068965517
242502,"Dr Brayton Campbell, DPM","Brayton Campbell, DPM",KA2hmsBfXIZhay54NiQBmQ,4.5,14,93.33333333333333
242505,Studio Eclips,Studio Eclips,FxQV69T-JxphEvQuru4bhQ,5.0,10,100.0
242506,Senior Helpers,Senior Helpers,6ddZnMzVhcI7iIIZUCIDfw,4.5,8,100.0
242507,Community Centered Oriental Medicine,Community Centered Oriental Medicine,jz3cBjInmtrHSAe1DLA7hQ,5.0,14,100.0
242508,Santa Barbara Seals,Sears Santa Barbara,m1Z74PzxN8zFQlcfBI0qVg,2.0,51,94.73684210526316
242517,Mission Pool Table & Games,Mission Pool Tables & Games,VAZKktsNjkBx56jL0SrlWA,4.0,7,98.11320754716981
242523,Union Bank,Union Bank,YW9bxMWQ3lUoi64lirtZYg,3.0,5,100.0
242528,Rashti Women's Care,Rashti Women's Care,gDEKNNEIPagCyRb04HdO_Q,4.0,40,100.0
242532,Santa Barbara Cottage Hospital,Santa Barbara Cottage Hospital,hPqOZy9kbt0USiapnNm9qQ,2.5,46,100.0
242534,Live Oak Cafe,Live Oak Cafe,45D7B9CqiUTTPUFcqmLx5Q,4.5,263,100.0
242537,Tony The Tailor,Tony the Tailor,bhcikPDl2y9rCC5Sg0INXw,4.5,27,100.0
242538,Barry Family Chiropractic,Barry Family Chiropractic,TfVTT4FEvfLwqhnWG1mYow,4.5,28,100.0
242540,Santa Barbara Dental Spa,Santa Barbara Dental Spa,45RoPYFvQu1GuqOAoIs11Q,4.5,22,100.0
242541,Dentist In Santa Barbara,Days Inn Santa Barbara,1MSOoGQuDbj6C5euUoS-hA,3.5,44,82.6086956521739
242544,Soma Get Fit,Soma Get Fit,K-Xj5HYLiynx2EVM27R28A,4.5,8,100.0
242548,Back To Health Chiropractic and Wellness,Back to Health Chiropractic and Wellness,75dEaZ5rfxHEQ-9Es1bsgQ,4.5,9,100.0
242549,NeuroField Neurotherapy,Neurofield Neurotherapy,z6JgUX7clY1vjC75YCm6XQ,4.0,14,100.0
242550,Santa Barbara Massage Co,Massage Envy - Santa Barbara,pJpNhr4Ikoz_2OHOjB8OmQ,3.0,69,84.61538461538461
242551,Santa Barbara Sparkling Spa,Santa Barbara Wine Spa,xnoeontD7V5krlmK8pk0JQ,4.5,33,81.63265306122449
242556,Santa Barbara Rental Property,Santa Barbara Dental Care,JgSTUp2pz0b0I6uxXQKnVw,4.0,47,81.4814814814815
242559,Doctor Ryan Chiropractic,Doctor Ryan Chiropractic,yHaOK0vAr1IQLeWb2bfBgQ,5.0,12,100.0
242561,Opera Santa Barbara,Pour Santa Barbara,3hv0_BFbB32m_hay8zxfJg,5.0,14,86.48648648648648
242568,The Kelly Marsh Team at Cornerstone Home Lending,Kelly Marsh - Cornerstone Home Lending,ITMZ7xpzun3MP5Oas4oZFA,5.0,47,86.04651162790698
242571,The G Spa,The G Spa,Ey2ym-kjNP1auVLnjD_ATw,4.0,53,100.0
242572,NordstrandBlack PC,NordstrandBlack,c8iNYPU-H0hgXQriZOPanw,5.0,8,90.9090909090909
242573,Cottage Children's Medical Center,Cottage Children's Medical Center,lsAl8Pk8w_XG-p3bTXGKiA,3.0,82,100.0
242583,Anthony's Christmas Trees,Anthony's Christmas Trees,Oe9Gh9pSJB0rTviHNNWCXw,4.0,12,100.0
242586,Georgia's Smokehouse Truck,Georgia's Smokehouse,U897DhJaaa3qyr1PVjxfWQ,3.5,44,86.95652173913044
242591,The Frisch Approach,The Frisch Approach,E4KgML8dOLaS68jf8h2sLQ,5.0,7,100.0
242592,Vista del Monte Retirement Community,Vista Del Monte Retirement Community,pY0zGpKbZaQP557k3th0qg,4.5,6,100.0
242605,Pathway Dental Group,Star Dental Group,S1jbgqYeZHJCG0xeUPcD8Q,5.0,5,81.08108108108108
242614,University Foot & Ankle Institute,University Foot & Ankle Institute - Santa Barbara,rH66ZkKHdHP0zB5E6WAeHA,4.0,15,80.48780487804879
242615,Santa Barbara Center for Oral and Maxillofacial Surgery,Santa Barbara Center for Oral & Maxillofacial Surgery,-QUKuwoGTJRg-mOfHpM1hA,5.0,31,96.2962962962963
242619,McDermott-Crockett & Associates Mortuary,McDermott-Crockett & Associates Mortuary,bLlKK1eerhMxZSoM0tsWOQ,3.5,10,100.0
242621,Gyrotonic Santa Barbara,Santa Barbara Rock Gym,i_VY8EEOxZlNnXrESAhmig,4.5,57,84.44444444444444
242623,Spiegel Timothy M MD,Spiegel Timothy MD,LHs8ukeOPiyWtq-7UU-8MQ,3.0,19,94.73684210526316
242625,Kopelow Jeffrey S DDS,"Kopelow Jeffrey S, DDS",hjIjdcwIlfLFQXQp8TvL6g,3.5,6,97.67441860465115
242626,McVeigh Massage,McVeigh Massage,lNVI6bIxdajfy0IfgGu-uA,4.5,74,100.0
242636,Yasa Yoga,Yasa Yoga,T6v6EHyqGiFE62d2eChAXA,4.5,73,100.0
242637,Headlines & Company,Headlines & Company,CJ9Q1yfzps-oXSNxelWpfA,4.0,22,100.0
242648,ARCO,ARCO,akjci9MICIgNnUYJdr8mXg,2.0,9,100.0
242649,Santa Barbara Fuel,LF Santa Barbara,6zsdSFG86YXsgWK1wtU-3g,3.0,37,88.23529411764706
242666,Lunchbox,Lunchbox,ySXGwFTgDesGgD3UyUfVSw,5.0,11,100.0
242667,Wendy Fereday Swim School,Wendy Fereday Swim School,8CajqLAFgziX7HoaxtlRXg,4.5,32,100.0
242671,IPUL Santa Barbara,Pour Santa Barbara,3hv0_BFbB32m_hay8zxfJg,5.0,14,88.88888888888889
242673,Golden Limo Santa Barbara,Golden Limo - Santa Barbara,GqA3rUSGsj5p_YlcZDdQ-A,4.5,9,96.15384615384616
242679,Crocker Refrigeration Heating & Air,Crocker Refrigeration Heating & Air,bZm77dAbGBxOkJfWkHMy5Q,3.5,41,100.0
242681,Santa Barbara Tax & Accounting Services,Santa Barbara Tax & Accounting Services,y5VmAOf5Dob9MP-h08ACdg,5.0,8,100.0
242687,Hertz Rent A Car,Hertz Rent A Car,d3oWR40qS6CCTFXce3yQqw,3.0,36,100.0
242799,Clearview Landscaping,Clearview Landscaping,gtJAWL8uQdFy8htUjPrS_Q,4.5,29,100.0
242844,Public Storage,Public Storage,Kvjn16fQI9blh8SdNNOMJw,3.5,15,100.0
242849,Goodland Barber Shop,Magnolia Barber Shop,F4F-jm3vmeQ38nxXViw_hA,4.5,41,80.0
242881,"Lulio at The Ritz-Carlton Bacara, Santa Barbara","The Ritz-Carlton Bacara, Santa Barbara",8A5LSwsKK5vXDH1M3_Tf1w,3.5,1383,89.41176470588236
242905,IHOP,IHOP,T2otvNcawDSkhykOG2tOLA,2.5,113,100.0
242944,Starbucks,Starbucks,XSL9RuLwRTyhNUwUo7WAPw,2.0,18,100.0
242968,Len's of Santa Barbara,Lexus Santa Barbara,LM6pBWPuIuJJ8Y11RzlbPQ,4.5,261,82.92682926829268
242996,Starbucks,Starbucks,XSL9RuLwRTyhNUwUo7WAPw,2.0,18,100.0
243003,Rusty's Pizza Parlor,Rusty's Pizza Parlor,HNACff49-kXS7l0MyLOzHw,2.5,48,100.0
243012,Santa Barbara Airbus,Audi Santa Barbara,7_xhzt0lODObLZaMUP_XLw,3.0,25,84.21052631578947
243055,Starbucks,Starbucks,XSL9RuLwRTyhNUwUo7WAPw,2.0,18,100.0
243083,Above All Aviation,Above All Aviation,-7q7v1jepdduhzJZjpB91A,4.5,17,100.0
243084,O'Connor Pest Control,O'Connor Pest Control,37DeCSuih-DddY7nIvxzfA,4.0,22,100.0
243092,Santa Barbara Stone Masters,Santa Barbara Stone Masters,R2klZfmH7UShLxiS_s9OXg,5.0,5,100.0
243094,MASTER CLEAN USA,Master Clean USA,b_TIQtixNglLXYeF9RuXTg,4.5,16,100.0
243099,Hidden Oaks Club House,Hidden Oaks Club House,s77T7lMCxx7L6kNwNgtJGw,4.0,18,100.0
243101,Wild Heart Events,Wild Heart Events,erv0nf8sKCZyQyIu3uKpYA,5.0,23,100.0
243102,EZ Overhead Doors,EZ Overhead Doors,mHdGhJYegxz1aEWRyN0u8Q,5.0,13,100.0
243104,Santa Barbara Organics,Santa Barbara Gas,7YNFCvQcWMVYMAWbKSBDMg,3.0,19,87.17948717948718
243111,Good Energy Solar,Good Energy Solar,aTi1ReOMjqYWCU1zTW4Pzw,4.5,10,100.0
243112,Baratto Sullivan & Co Ins,Baratto Sullivan & Co Insurance,zQgt-lJuVJjeCfzwxW5mog,5.0,8,89.28571428571429
243116,Direct Mortgage Funding,Direct Mortgage Funding,AbZcM4d-zUmoFkt7CdGeOg,4.5,13,100.0
243120,Mission Tuxedos,Mission Tuxedos,sEBL8OtHzw2ctY69D1aoaA,5.0,28,100.0
243124,Dr. Daniel F Rychlik Md,"Daniel Rychlik, MD",pozDQ9h4CCj7JjUX2JbY0g,4.0,7,82.92682926829268
243127,"Joanne & Tem Gronquist, OD","Joanne & Tem Gronquist, OD",f7rTfTv6dwO-ovKhz-Rvgw,4.5,15,100.0
243129,PDC Santa Barbara,Santa Barbara DMV,UAt42UOX6yUWtgg22i7p-g,2.5,27,88.23529411764706
243134,Anthony's Christmas Trees,Anthony's Christmas Trees,Oe9Gh9pSJB0rTviHNNWCXw,4.0,12,100.0
243135,Park Place Deli,Park Place Deli,LMm555z8BReDxgkpF_TEug,4.0,9,100.0
243137,Urban Statement Salon,Urban Statement,9L0z0ivnpf_rLVxUl95duw,5.0,9,83.33333333333334
243139,Jessica,Jessica,SBw5VVNgFsTwZgceSNWXjw,3.5,16,100.0
243140,Vino Divino,Vino Divino,Bo-GGwQNcLVwyKeYkbfAYg,5.0,19,100.0
243141,Farmacy Santa Barbara,Farmacy - Santa Barbara,c3Um9kXZHETJ1odf8rZSRg,4.0,50,95.45454545454545
243145,WORLD OIL 105,World Oil,nSgyFaiLy10-XRvd2QQf8g,2.0,13,81.81818181818181
243148,Morales Law,Morales Law,VMsxvHCNQxVprtvR7b_1GQ,4.5,9,100.0
243154,Melodie Girard Aesthetics,Melodie Girard Aesthetics,4jN2J0vMbJI43QHYuPiwFg,5.0,39,100.0
243159,Movegreen,Movegreen,8cep0_812ftdvVZcU2hv1w,4.5,128,100.0
243161,Sandpiper Property Management,Sandpiper Property Management,71YX6of9XbqoEV2EbhVXPA,1.5,65,100.0
243162,Lewis Plumbing,Lewis Plumbing,spDTzDu_FPv_lG-nr6Q4-A,3.5,66,100.0
243164,Transformative Bodyworks,Transformative Bodywork,9siOf-TFHGFrsb9XqRi_Pg,5.0,14,97.87234042553192
243165,Shades Spray Tans,Shades Spray Tans,jjLkdCP33c49PPDKvEb0HQ,5.0,48,100.0
243178,Sansum Clinic Prescription Pharmacy,Sansum Clinic Prescription Pharmacy at Pueblo,VfMajgMtSnjbtgDh22j8Yw,3.0,16,87.5
243185,Cottage Children's Medical Center,Cottage Children's Medical Center,lsAl8Pk8w_XG-p3bTXGKiA,3.0,82,100.0
243192,Sansum Clinic Obstetrics & Gynecology,Sansum Clinic Obstetrics & Gynecology,-IVVkCDU6E-WOBJvt9FveQ,2.5,17,100.0
243203,Dr. Peter Ford MD,"Peter Ford, MD",j8PHjpE9Hps2jf-RQdVaSQ,1.0,9,83.87096774193549
243211,"Peter Ford, MD","Peter Ford, MD",j8PHjpE9Hps2jf-RQdVaSQ,1.0,9,100.0
243334,Bliss Salon & Spa,Bliss Salon & Spa,-XhoFyIYWrCp0GEnw2LS4Q,4.0,17,100.0
243220,Sansum Clinic Dermatology,Sansum Clinic Endocrinology,9VHwS0FTeh66NdDbXGvQiA,1.5,9,80.76923076923077
243228,Sansum Clinic Multi-Specialty Clinic,Sansum Clinic Pueblo Multi-Specialty Clinic,hXS_qTF4aFPv_A6E3V0Q2Q,2.5,31,91.13924050632912
243260,Sansum Clinic Cardiology,Sansum Clinic -Dermatology,wfxVRy34JxwuB_FywhpPqw,2.0,5,80.0
243272,Dr. Hsien Young MD,"Hsien Young, MD",agAQfSIlny7EWXis3M-3NQ,3.0,10,84.84848484848484
243286,"Hsien Young, MD","Hsien Young, MD",agAQfSIlny7EWXis3M-3NQ,3.0,10,100.0
243289,"Marta Sovilj, MD, FCCP","Marta Sovilj, MD, FCCP",tajO1FG6qjmfSeszDpVfEg,4.0,5,100.0
243295,Sansum Clinic Neurology,Sansum Clinic Endocrinology,9VHwS0FTeh66NdDbXGvQiA,1.5,9,84.0
243297,"Benjamin Diener, MD","Benjamin Dirkx, DO",Qa5jXmlEni0bclkId4d9zg,3.5,6,81.08108108108108
243302,Sansum Clinic Radiology,Sansum Clinic Pesetas Radiology,ogmDAwjNbbjLt5Krqez2vw,2.5,9,85.18518518518519
243304,Santa Barbara Cottage Hospital,Santa Barbara Cottage Hospital,hPqOZy9kbt0USiapnNm9qQ,2.5,46,100.0
243310,Town and Country Event Rental,Town and Country Event Rentals,KSwm9WA4we2qi4TmMASNfA,5.0,5,98.30508474576271
243311,Studio B,Studio B,rYN_tYzdhC8xhsupYGoVTg,5.0,32,100.0
243313,Mission Tattoo,Mission Tattoo,NipuSj5vxNuYglLECpUCNA,4.5,54,100.0
243318,Cat and Bird Clinic,Cat & Bird Clinic,ZEGTeJHuZmpwHxZLE-yd3g,4.0,57,88.88888888888889
243323,Imperial Barbershop,Imperial Barbershop,VrE4ztzNldik4FxynShLZw,5.0,5,100.0
243324,Fiesta Inn & Suites,Fiesta Inn & Suites,zpeKRRCjRpmwT4ODA-RfLg,1.5,31,100.0
243331,Erik S. Wipf DDS,"Erik S Wipf, DDS",J8BZnWArQMiHPnDZrPohwg,5.0,56,93.75
243333,Angel's Nail & Spa,Angels Nail & Spa,ikd-liv_W1iGT-MHrqWFHA,4.5,181,97.14285714285714
243335,Taffy's Pizza,Taffy's Pizza,-H-fZonTLitwHFY_PLAIjA,4.0,192,100.0
243336,A1 Laundromutt,A1 Laundromutt,y7EeYnpMJsgeu9HtqL9lqQ,4.0,64,100.0
243339,Cat and Bird Clinic,Cat & Bird Clinic,ZEGTeJHuZmpwHxZLE-yd3g,4.0,57,88.88888888888889
243340,SB Salon,Salon U,s74_rg4QS6znHdRhWqNhtA,4.5,45,80.0
243342,Union Bank,Union Bank,YW9bxMWQ3lUoi64lirtZYg,3.0,5,100.0
243345,Santa Barbara Cottage Hospital,Santa Barbara Cottage Hospital,hPqOZy9kbt0USiapnNm9qQ,2.5,46,100.0
243346,Sansum Clinic Obstetrics & Gynecology,Sansum Clinic Obstetrics & Gynecology,-IVVkCDU6E-WOBJvt9FveQ,2.5,17,100.0
243392,Sansum Clinic Pueblo Prescription Pharmacy,Sansum Clinic Prescription Pharmacy at Pueblo,VfMajgMtSnjbtgDh22j8Yw,3.0,16,96.55172413793103
243396,"Hsien Young, MD","Hsien Young, MD",agAQfSIlny7EWXis3M-3NQ,3.0,10,100.0
243412,"Marta Sovilj, M.D. FCCP","Marta Sovilj, MD, FCCP",tajO1FG6qjmfSeszDpVfEg,4.0,5,80.0
243453,Dr. Peter Ford MD,"Peter Ford, MD",j8PHjpE9Hps2jf-RQdVaSQ,1.0,9,83.87096774193549
243455,Dr. Hsien Young MD,"Hsien Young, MD",agAQfSIlny7EWXis3M-3NQ,3.0,10,84.84848484848484
243466,"Peter Ford, M.D.","Peter Ford, MD",j8PHjpE9Hps2jf-RQdVaSQ,1.0,9,93.33333333333333
243484,Dr. Max C. Haws,"Max C Haws, DDS",-m7zeTnicgona7Kcd-K6Sg,4.5,15,80.0
243486,Reality Santa Barbara,Ivy Santa Barbara,pzAEZqrFKz3r0RJt82YwZw,4.5,12,84.21052631578947
243488,All Seasons Chem-Dry,All Seasons Chem-Dry,4OoXe8U5TmRqopC4AQUMNw,4.5,8,100.0
243489,MOLLY MAID of Santa Barbara,Molly Maid of Santa Barbara,xGmrSP6O99zHRdU_bDN70w,3.0,15,100.0
243492,Milpas Optometric Center,Milpas Optometric Center,ui8WHNtcg-zcrUwtR_3W8g,4.0,14,100.0
243494,Taco Bell,Taco Bell,OdRkeCycTpMRow9XUXVNWw,2.0,5,100.0
243498,Victoria Market,Victoria Market,RoGcpdwIe_k6Xhs71Wfs8Q,3.5,13,100.0
243501,ByCherry Photography,ByCherry Photography,2FQoAp9w0G_NhuZMqo9bfA,5.0,73,100.0
243502,B&E Photography,B&E Photography,h5I-DUNSdzSscZA-2N8QQg,5.0,64,100.0
243503,McConnell's Fine Ice Creams,McConnell's Fine Ice Creams,cEN8j6jL0OJ0zhe-AX58Hw,4.5,156,100.0
243504,Mi Fiesta Liquor,Mi Fiesta Liquor,WWVw3g_n2ik8yp1Xlh3qEQ,3.5,6,100.0
243509,Mcconnell's Ice Cream,McConnell's Fine Ice Creams,cEN8j6jL0OJ0zhe-AX58Hw,4.5,156,87.5
243510,Taco Bell,Taco Bell,OdRkeCycTpMRow9XUXVNWw,2.0,5,100.0
243511,Bear Automotive,Bear Automotive,Y-gUVaAqYvaytCnjopJPKg,4.5,12,100.0
243513,Alice Keck Park Memorial Garden,Alice Keck Park Memorial Gardens,D2z42OxeHojKEyAYcfIIzA,4.5,79,98.41269841269842
243514,Santa Barbara High School,Santa Barbara Surf School,XcMTtU_twdP_Zd7oWBkceg,5.0,22,80.0
243519,Sam's to Go - Milpas,Sam's to Go - Milpas,DV0BJwh9qzPqcxufrA_7ag,3.0,33,100.0
243520,Rincon Automotive,Drayton Automotive,Qu2boQf_Ay0yf1_NHtAC7w,1.0,5,80.0
243522,Simpson House Inn,Simpson House Inn,Na0AbPf1GDkN33FllkOfDQ,4.5,113,100.0
243523,Unitarian Society of Santa Barbara,Unitarian Society of Santa Barbara,6RnnhIHFv1VSg5e1Did1KA,5.0,16,100.0
243526,Sams To Go,Sam's To Go,-fxH1XplVLVtWg2ZJWwRdA,4.5,87,95.23809523809523
243529,Flores Hardware & Lighting,Flores Hardware & Lighting,YqXy9TEKukf4TF8WcRg_DA,3.5,6,100.0
243532,Cesar's Place,Cesar's Place,Hlx8S2GLF7hMuIKx4sU-gg,4.0,117,100.0
243533,Alpha Thrift Store,Alpha Thrift Store,Pie2cFIWlfP6jR5PZsxn0w,3.0,41,100.0
243540,Preferred Rental,Preferred Rental Service,hl8-C5f5EwqAQRtSpgvKyA,3.0,22,80.0
243542,Family Therapy Institute of Santa Barbara,Santa Barbara Body Therapy Institute,txfIwMeeGGhKGfSB-y6DUQ,4.0,24,85.71428571428572
243547,Milpas Motors,Milpas Motors,FaNIvKpnrzYkQMDpbw-Qxg,4.0,33,100.0
243548,Perfect 10 Nails & Spa,Perfect 10 Nails & Spa,ZRav7uLbaxh1fB5IHUKYTw,3.5,69,100.0
243555,Montecito Plastic Surgery - Adam D. Lowenstein MD,Montecito Plastic Surgery - Adam D. Lowenstein MD,n81O6-nLXw30K0y-ovfpHw,4.5,28,100.0
243556,Kineci - Health In Motion,Kineci  Health In Motion,MBGBhzR9fv85H5q2vClukA,5.0,6,95.83333333333334
243557,Advanced Air & Heating,Advanced Air & Heating,wKtpxfy94zRcPIex8lFwvg,5.0,9,100.0
243558,Santa Barbara Wellness Center Inc.,Santa Barbara Women's Imaging Center,LWDY867RNlZ54qiBGaW3cA,3.0,13,80.0
243559,Santa Barbara Style,Santa Barbara Taste,hLJxo7JnM3Pl_xFJYXbFZw,5.0,48,89.47368421052632
243561,Southern California Reproductive Center,Southern California Reproductive Center,N1a8VpnoRUJhBEPy1AquHQ,3.5,24,100.0
243562,Howard Gross,"Howard Gross, MD",Vz1QSF4nurQv2-dok55jZg,4.5,16,85.71428571428572
243620,Haven Barber & Shop,Haven Barber & Shop,7n4DONOT2DaA6bLLGJUAnw,5.0,27,100.0
243564,Aloe Dermatology,Aloe Dermatology,1pUKh_QrfDBx07wYlka3RA,4.0,28,100.0
243568,Santa Barbara Precious Metals,Santa Barbara Precious Metals,NHUzPRp69b356pjpA9UM4Q,4.5,13,100.0
243570,Your Stellar Life,Your Stellar Life,OxKG-2aTTNRpIiKm60oD6Q,5.0,11,100.0
243574,Colonics Santa Barbara,Couch Santa Barbara,5MZzFu2uZeRIUv1z0SiqNg,4.5,16,82.92682926829268
243575,Santa Barbara Hand Therapy,Santa Barbara Wine Therapy,Bm-NlFiZWMCwmmz9B_rlCA,4.0,254,80.76923076923077
243576,Santa Barbara Thermography,Santa Barbara Wine Therapy,Bm-NlFiZWMCwmmz9B_rlCA,4.0,254,80.76923076923077
243577,Skin Resolutions,Skin Resolutions,84q054iMZj6QenRW9L7yuw,5.0,8,100.0
243579,Daily Grind,The Daily Grind,R_8S3Iuhpzoi3nM-xq3kcw,3.5,101,84.61538461538461
243581,GadgetFix,GadgetFix,mjNjCfgtLNIsDNLOnyVJFQ,5.0,134,100.0
243582,The Daily Grind,The Daily Grind,R_8S3Iuhpzoi3nM-xq3kcw,3.5,101,100.0
243583,About Justice,About Justice,AxNDis8O-XpJ94dXrHYR8Q,4.5,10,100.0
243588,Purety Family Medical Clinic,Purety Family Medical Clinic,x1qH6MKTw3s5uWLyhSnCCA,5.0,22,100.0
243591,Susanne Ramos MD,"Susanne Ramos, MD",zITiOKyBNxWrhrj67SBqEQ,4.0,25,96.96969696969697
243593,West Coast Vascular,West Coast Vascular,gfjjUlMC05kry6qjYyKrcA,2.0,5,100.0
243594,Jackson Medical Group,Jackson Medical Group,MCTnEaQ18LABgdS1MiH_uA,3.0,29,100.0
243595,Ace Handyman Services,Ace Handyman Services,m5lBPSq7trRcmxkvuBREuw,3.5,6,100.0
243597,Empower Fertility Santa Barbara,Santa Barbara Fertility Center,2Sauye5iyJReYj1Odc3TGw,4.5,23,88.52459016393442
243600,Melissa Drake,"Melissa Drake, MD",GZMGxGnoLTAPBgxFHgzhFA,4.0,22,86.66666666666667
243602,Santa Barbara Cardiology,Santa Barbara Dojo,x3bLTM7G6bX0rJlzmpw5JA,5.0,52,80.95238095238095
243610,Cielo Spa Boutique,Cielo Spa Boutique,pWD0ajl5wc0g-r3wTGMNSQ,5.0,129,100.0
243614,Santa Barbara Chiropractic Arts - Dr. Steven Sherwin,"Steven Sherwin, DC - Santa Barbara Chiropractic Arts",W81XdCpY7VBYHLmvihscXg,5.0,5,96.15384615384616
243617,Cajun Kitchen Cafe,Cajun Kitchen Cafe,4uspKB1d3pGdgjOClA-UkQ,4.0,234,100.0
243621,The Cat House Hotel,The Cat House Hotel,8i5-uFL7TPHjdBAr5Ozovg,5.0,25,100.0
243625,Salon U,Salon U,s74_rg4QS6znHdRhWqNhtA,4.5,45,100.0
243628,The Kitchen Company,The Kitchen Company,M8D20A1VbV0MofbbjgTBgw,3.0,5,100.0
243629,Christina Katz Hair Design,Christina Katz Hair Design,C__Cfc5WNXYsKg_IsdgB-w,5.0,14,100.0
243643,Santa Barbara Insurance,Santa Barbara Inn,5skL69RhjE0byYLjyqVG5w,4.0,180,85.0
243653,Oak Park,Oak Park,_TuZjbc8aoyu1e-X9M5Wvw,4.0,13,100.0
243656,"Carin Craig, MD","Carin Craig, MD",HtHX6grCT_5TG1ijQFZGNA,4.5,6,100.0
243658,Dr. Carin Craig MD,"Carin Craig, MD",HtHX6grCT_5TG1ijQFZGNA,4.5,6,84.84848484848484
243662,Oaks Parent-Child Workshop,San Marcos Parent-Child Workshop,s_cGPAw71FeK1wgxXyD9kQ,5.0,9,82.75862068965517
243665,Mission Audio Video,Mission Audio Video,W_kNiPQETp2aX6oL0GjWog,4.0,12,100.0
243668,E-bike Santa Barbara,E-bike Santa Barbara,ZTXOTJ5DXT0GJgxmmAw3BQ,5.0,69,100.0
243670,MP Health,Healthy Pet,KuKOSr4ueomTctc23KJHRw,5.0,44,80.0
243671,Santa Barbara Bar B Que,Santa Barbara Guitar Bar,C36ldTawd5V7DBiK5G9D8A,4.5,15,80.85106382978724
243677,IHOP,IHOP,T2otvNcawDSkhykOG2tOLA,2.5,113,100.0
243678,Ruby & Rochon DDS,"Ruby & Rochon, DDS",iP5pLqJzTUz6ZkVtXzYjHA,4.5,27,97.14285714285714
243683,Alameda Park,Alameda Park,--O3ip9NpXTKD4oBS1pY2A,4.5,65,100.0
243685,"Paveloff Vision Center: Michael Paveloff, M.D.","Michael J. Paveloff, M.D F.A.C.S. - Paveloff Vision center",byhMPOujWJ32LsH9IJ5pXA,4.5,15,84.61538461538461
243687,Capitol Hardware,Capitol Hardware,D2F7IxuyzmfSLuG7ycB92Q,3.5,20,100.0
243690,La Super-Rica Taqueria,La Super-Rica Taqueria,6RBZfirnzE4NahJTn1UPNA,4.0,1759,100.0
243691,Santa Barbara Plumbing Supplies,Santa Barbara Plumbing,EbG-jN4fJqf2QDfiPwxZvg,4.5,11,83.01886792452831
243694,Assisted Home Health and Hospice,Assisted Home Health & Hospice,voQhWm4aRwxxNslERgU1SA,5.0,26,93.5483870967742
243700,Olga's Hair Salon,Olga's Hair Salon,v2huduYrLY0EIHVR3eq8LQ,3.0,5,100.0
243706,Lenz Pest Control,Lenz Pest Control,wx05iNK4qsPLiZwHx2pWxQ,2.5,26,100.0
243708,Joyeria Latina Americana,Joyeria Latina Americana,eKT2WIqkyolvvcjqsU7rUA,4.0,9,100.0
243709,Los Agaves Restaurant,Los Altos Restaurant,Ak4vFqHZUWU5KXONRnuieQ,4.0,166,82.92682926829268
243714,Silver Wines,Silver Wines,6wPNzf-HzS-TDt6CjI_LSg,4.5,22,100.0
243715,Pennywise Market,Pennywise Market,GRqPFmstPY7k8EBxEJ8i4w,4.5,12,100.0
243716,Prestige Hand Car Wash,Prestige Hand Car Wash,5qLvzRfwZltwNaIAzjZZXg,2.5,102,100.0
243725,Yoichi's,Yoichi's,syuKX2pH3JJhOOppzNI6SA,4.5,184,100.0
243729,Spiritland Bistro,Spiritland Bistro,B3dzK9OqrT_sN0FNQs_OgQ,4.0,51,100.0
243731,University Club of Santa Barbara,University Club of Santa Barbara,k3lTRgvPvYUI-cX7_TAqNA,5.0,76,100.0
243735,Woody's Detail,Woody's Detail,pzHvMjGIHxeaihgUdZwHTg,4.5,24,100.0
243736,Subway,Subway,Hqz96v1ymucUKNzIWfEKXw,3.0,5,100.0
243737,Quality Windows & Doors,Quality Windows & Doors,3EgagsBO2awJjzqfuBSJ1g,3.5,42,100.0
243739,Chapala Market,Chapala Market,SMqSdSAoLP06sWUJ2uXUow,3.0,16,100.0
243742,Amador Matchmaking,Amador Matchmaking,8yDgFRYjTYdtBH9PVk9E_w,5.0,5,100.0
243745,Aia Santa Barbara,Aae Santa Barbara,FAabASyk_4p5UrUnUtyvpw,2.0,7,94.11764705882352
243746,Paradise Retreats,Paradise Retreats,dC4Ahv-Q7t77b4fQpvptCw,3.5,181,100.0
243748,Santa Barbara Museum of Art,Santa Barbara Museum of Art,Xh0qPuyGJkb7zqmOJNI5pQ,4.0,99,100.0
243750,University Foot & Ankle Institute,University Foot & Ankle Institute - Santa Barbara,rH66ZkKHdHP0zB5E6WAeHA,4.0,15,80.48780487804879
243780,Hook Line and Sinker,"Hook, Line & Sinker",NshfaKWLHV9s5yUwvm9fMw,4.0,26,87.17948717948718
243782,Agri-Turf Supplies,Agri-Turf Supplies,ysDjbu5WmQdYZ6nHz1HIlg,4.0,5,100.0
243791,Peaches Skin Care,Peaches Skin Care,CbIn5Vaua0yoYjD4rt4ojQ,4.0,85,100.0
243793,Secret Garden Inn & Cottages,Secret Garden Inn & Cottages,UVF59iJepR3kpuG-1HMiQA,3.5,109,100.0
243794,Cheshire Cat Inn,Cheshire Cat Inn,qfOuGY0MMh068ZFDbG5Egw,4.5,232,100.0
243799,Bill's Copy Shop,Bill's Copy Shop,fC2nhWAmtP3yORVxcZ2Z5w,4.0,28,100.0
243801,La Quinta Inn & Suites by Wyndham Santa Barbara Downtown,La Quinta Inn & Suites by Wyndham Santa Barbara Downtown,1PoZ8XdISWJpvcEnlNyfgg,3.5,180,100.0
243803,Rosen Method Santa Barbara,Santa Barbara Emotors,3lXHmv65COx5woh4CcprYg,4.0,10,80.85106382978724
243804,Same Day Junk Hauling by Ignacio,Same Day Junk Hauling By Ignacio,xpbvOeXnqywGXFZvzCNrjA,4.5,73,100.0
243805,Santa Barbara Floral Artistry,Santa Barbara Floral Artistry,2I1lIXLO9geS_Vz6rJIRCQ,5.0,12,100.0
243807,Santa Barbara Bridge Center,Santa Barbara Birth Center,sBjorfvlx5fHdb_W6fSZvg,5.0,18,86.79245283018868
243811,RiseUp Fitness,RiseUp Fitness,EqnqkNwJPtv4hOg92JZuaw,5.0,10,100.0
243813,Underground Hair Artists,Underground Hair Artists,Q8So7F6LuHCh2UGCbWkpMw,4.5,140,100.0
243818,Visit Santa Barbara,Villa Santa Barbara,lW6ai4Us51C-mFQkgiWpEQ,3.0,7,84.21052631578947
243822,Oak Cottage of Santa Barbara Memory Care,Oak Cottage Of Santa Barbara,Ws4D-2X4YR0X2kgaPZVrNA,4.0,10,82.35294117647058
243828,Ridley-Tree Cancer Center,Ridley-Tree Cancer Center,dTG2iInvk30eE4WH-rd4NQ,4.0,5,100.0
243847,Santa Barbara Cheesecake,Cheese Shop Santa Barbara,sHpxBos5-7GNkaMDZ3fnGA,5.0,5,81.63265306122449
243848,Star Dental Group,Star Dental Group,S1jbgqYeZHJCG0xeUPcD8Q,5.0,5,100.0
243851,The Presidio,The Presidio Hotel,qxo35x030xfjwjxJ4LGC6w,4.0,215,80.0
243852,Presidio Motel,The Presidio Hotel,qxo35x030xfjwjxJ4LGC6w,4.0,215,81.25
243853,Century 21 Butler Realty,Century 21 Butler Realty,8UcP9Ia7aLhpbeSqma4rEQ,5.0,5,100.0
243857,Lawson and Fisher Chiropractic,Lawson & Fisher Chiropractic,S_dw8B_N8sZHxxdBlsUC_g,5.0,17,93.10344827586206
243858,Source Yoga,Source Yoga,WU6bc33HR3sum-07FJkkbQ,5.0,13,100.0
243863,Sansum Clinic Obstetrics & Gynecology,Sansum Clinic Obstetrics & Gynecology,-IVVkCDU6E-WOBJvt9FveQ,2.5,17,100.0
243867,Santa Barbara Wine Tour Company,Santa Barbara Company,nPzqScDSAXsqB1OwFK7Epg,5.0,20,80.76923076923077
243888,Santa Barbara Airport,Santa Barbara Airport,82gwcD3UmhQ7uwNwkeNKTw,4.0,192,100.0
243889,The Shop,The Gem Shop,qdS1Mg40l-pB_G9EM4YaSQ,5.0,15,80.0
243903,Santa Barbara Swap Meet,Santa Barbara Spa,QwYRo9G4GsSRG3zvxCuFHw,5.0,13,80.0
243904,Advanced Air & Heating,Advanced Air & Heating,wKtpxfy94zRcPIex8lFwvg,5.0,9,100.0
243914,Santa Barbara Soccer Club,UC Santa Barbara Soccer,Id8LiSdQ9FbHzwxxUHwGjw,4.5,5,83.33333333333334
243926,"Dr. Nina Madavi, DDS BDS","Nina Madavi, DDS, BDS",a0WNzbnwUOwBtpiR7eE_Dg,4.0,23,88.88888888888889
243930,Dr. Thomas M Blake DDS,"Thomas Blake, DDS",Jal5QUGEYu7LChOT-8cbLQ,5.0,23,82.05128205128204
243931,Weiser & Grant Dentistry,Weiser & Grant Dentistry,pSpwHYc5vDSHFTAMUZJ5mw,5.0,7,100.0
243933,"Eric Wallace, DDS","Eric M Wallace, DDS",tCoqrc1L1lWucLr_5DyGnw,4.5,20,94.44444444444444
243943,Robert Half,Robert Half,EE6u5ZekNRd6yeHvCBEvJQ,4.5,29,100.0
243946,Dr. Eric Wallace DDS,"Eric M Wallace, DDS",tCoqrc1L1lWucLr_5DyGnw,4.5,20,82.05128205128204
243947,"Nina Madavi, D.D.S. B.D.S","Nina Madavi, DDS, BDS",a0WNzbnwUOwBtpiR7eE_Dg,4.0,23,86.95652173913044
243948,Solutions in Parenting,Solutions Painting,16O3jxqYoknCeo9cTJtaGQ,4.0,5,85.0
243949,Daly Law Offices,Andrade Law Offices,HqH5lM-oGwLmb5G2uF4fwg,4.5,8,80.0
243951,CLUE Santa Barbara,Santa Barbara Club,4DQ2PkCWJIo71XQddHIoew,5.0,10,94.44444444444444
243954,Timothy P. Mathis DDS,"Timothy P Mathis, DDS",8Ga9phkEgQa0RHAX7VCfbA,4.0,9,95.23809523809523
243956,Thomas Blake DDS,"Thomas Blake, DDS",Jal5QUGEYu7LChOT-8cbLQ,5.0,23,96.96969696969697
243960,Meet Up Chinese Cuisine,Meet Up Chinese Cuisine,RiOcLw__HPf_rTOTpYKnHQ,4.0,140,100.0
243961,Empress Palace,Empress Palace,z31te0YMSegTdktp3qYqGw,3.0,192,100.0
243963,Tubular George,Tubular George,BrVTH7XcXQ-f8oY0btmZJw,4.5,22,100.0
243969,Human Performance Center,Human Performance Center,NGGE-C1bN5wxvcrUChpxvQ,4.0,9,100.0
243971,Lucent Skincare Santa Barbara,Lucent Skincare Santa Barbara,R5rnm62p-d1dXcQDTgeGBw,5.0,62,100.0
243972,We The People,We The People,7cF2Ivv-YaFVkyyr3OOkcA,2.5,10,100.0
243974,Dajen Productions,NLC Productions,uOJpsExQwccuDA1eDxTEOQ,5.0,7,81.25
243975,Energetic Chiropractic,English Chiropractic,2mzv7C4Dbctw5hnd4tx2gA,5.0,5,80.95238095238095
243982,Cantwell's Market & Deli,Cantwell's Market & Deli,mAqgsZBTN-wsShMpkz2o9g,3.0,142,100.0
243983,Cantwells Market,Cantwell's Market & Deli,mAqgsZBTN-wsShMpkz2o9g,3.0,142,80.0
243986,Massage By Sharon,Massage By Sharon,jRovk1G99y8SNzlUX8N2zQ,4.5,40,100.0
243989,Santa Barbara Bride,Santa Barbara Bride,CbMm5x3SvdW6mCgjMYfnIw,4.5,24,100.0
243995,Cami Ferris-Wong,"Cami Ferris-Wong, DDS",-AAODDlBwYz3Hcc5NpdN2Q,5.0,8,86.48648648648648
244004,Santa Barbara Hearing Care Inc,Santa Barbara Carpet Cleaning,888NNTv5hbXTb950RxjP6w,4.0,46,81.35593220338984
244005,Santa Barbara Free School,Santa Barbara Surf School,XcMTtU_twdP_Zd7oWBkceg,5.0,22,80.0
244009,Zen Massage Place,Zen Massage Place,ZK6U-ndZyO43Q07du-pa4A,4.5,150,100.0
244013,KFC,KFC,Gl3XO4ECKKli8-bKKdkkYA,2.0,36,100.0
244014,T-Mobile,T-Mobile,HykUZW1jphAnGR259fPLyg,2.5,19,100.0
244017,"Kingston, Martinez & Hogan",Kingston Martinez & Hogan,_O-FP2AkGgzvndJ6UqzkxA,4.5,6,98.0392156862745
244018,The Santa Barbara Company,Santa Barbara Company,nPzqScDSAXsqB1OwFK7Epg,5.0,20,91.30434782608697
244022,Jen Stein Realty,Jen Stein Realty,rFIgyABWzwipjxv915X_ZQ,4.5,9,100.0
244025,Zia Group,Zia Group,haMQo__sLyQgNAjVKfSwfQ,5.0,55,100.0
244028,Santa Barbara Yoga Center,Santa Barbara Yoga Center,S5ZZdEHbEa2M0A5p1zX6gw,4.5,38,100.0
244034,Santa Barbara Company,Santa Barbara Company,nPzqScDSAXsqB1OwFK7Epg,5.0,20,100.0
244043,Better Business Bureau,Better Business Bureau,7Vb5hSSThQwHiAPiK4Bpkg,2.0,34,100.0
244048,Big Brand Tire and Service,Big Brand Tire & Service,rDZHk4aLvMUd7D2OFM9HDA,3.5,19,92.0
244051,The Marjorie Luke Theatre,Marjorie Luke Theater,zttPNNUD5QCxm__L39DAmg,3.5,6,86.95652173913044
244054,Classic Barber Shop,Classic Barber Shop,jDkuSoW_3i1k0EwXAGwUaw,4.0,13,100.0
244059,Montecito Club,Montecito Club,CPnVUkzOO0M90sWjD_gcOQ,3.5,19,100.0
244063,Santa Barbara Records,Santa Barbara Emotors,3lXHmv65COx5woh4CcprYg,4.0,10,85.71428571428572
244064,O'Reilly Auto Parts,O'Reilly Auto Parts,KFUvV0ZGNpQqJqbJZoMutQ,4.0,30,100.0
244070,Villa Santa Barbara,Villa Santa Barbara,lW6ai4Us51C-mFQkgiWpEQ,3.0,7,100.0
244071,Inspiration Point,Inspiration Point,7V_I4YRGEXZVSGrw3jDbDA,4.5,86,100.0
244073,Alan H Fenton Attorney At Law,Alan H Fenton Attorney At Law,imdGvRIMwnqQAlJ8Q-GLzQ,4.0,8,100.0
244075,Villa Santa Barbara,Villa Santa Barbara,lW6ai4Us51C-mFQkgiWpEQ,3.0,7,100.0
244077,Andrade Law Offices,Andrade Law Offices,HqH5lM-oGwLmb5G2uF4fwg,4.5,8,100.0
244078,EZ Automotive,EZ Automotive,b59bPKMJFeR26CNaCMP1eA,5.0,58,100.0
244084,Jack in the Box,Jack in the Box,fHUAs1ec568wu-a_mRq7Rw,1.5,49,100.0
244085,O'Reilly Auto Parts,O'Reilly Auto Parts,KFUvV0ZGNpQqJqbJZoMutQ,4.0,30,100.0
244086,Marjorie Luke Theatre,Marjorie Luke Theater,zttPNNUD5QCxm__L39DAmg,3.5,6,95.23809523809523
244091,Our Lady of Sorrows Church,Our Lady of Sorrows Church,dnJ4_MLhydbzGievblH4GA,4.5,8,100.0
244099,Sammy's Limos and Tours,Sammy's Limos and Tours,i7z8a6JJwaEspmHOof9VkA,4.5,16,100.0
244100,Santa Barbara Loan & Jewelry,Santa Barbara Loan & Jewelry,z-dnUiZVUWnDyZgqGVHCEw,3.5,5,100.0
244108,Sun Pacific Solar Electric,Sun Pacific Solar Electric,sqRpu1bYMszay7-ienJDjQ,5.0,6,100.0
244110,Santa Barbara Kendo Dojo,Santa Barbara Dojo,x3bLTM7G6bX0rJlzmpw5JA,5.0,52,85.71428571428572
244113,Santa Barbara's Paving Stone People,Santa Barbara's Paving Stone People,7riv6Ft0D4NfAmaENx2WOA,4.0,10,100.0
244115,The Art of Consignment,The Art Of Consignment,-HCm7yAyNQKetrT0hq-LlA,4.5,13,100.0
244118,The Illustrated Lady,The Illustrated Lady,eyXs_m-PYDeDGud6wsBmlg,5.0,23,100.0
244129,Judge For Yourself Cafe,Judge For Yourself Cafe,6VVbLYay8czrjKJ4xRoTxQ,4.5,110,100.0
244131,Santa Barbara Real Estate,Santa Barbara Orchid Estate,X9eQxXnIAViTIlRtBRkqvQ,4.0,36,84.61538461538461
244143,Coast to Coast Cardiology,Coast To Coast Cardiology,ism2oW6IxtrhToHtUVmv5g,3.0,5,100.0
244144,Advanced Veterinary Specialists,Advanced Veterinary Specialists,VCxG5zT8-sTbaQZdCBKQ2Q,4.0,119,100.0
244146,Willa Kveta Photography,Willa Kveta Photography,c-FOJ4B2CGmNjJ_Xlu6cTA,5.0,20,100.0
244148,The Spine and Orthopedic Center,The Spine and Orthopedic Center,Z_MTx2SZakAUL475P5KTIw,4.0,18,100.0
244161,Nail Palace,Nail Palace,BcNK_inbhR6nNKnBoWNplg,2.5,35,100.0
244169,Blue Casa Communications,Blue Casa Communications,RtAt4MobyEXZDXCx7oYs0Q,1.0,5,100.0
244172,J A Quality Upholstery,J A Quality Upholstery,Bx3aux5YVKGeZYBnyuuOOw,4.5,8,100.0
244178,Rusty's Pizza Parlor,Rusty's Pizza Parlor,C-aATB7SbuwMBPN5dgjghQ,3.0,127,100.0
244181,Santa Barbara Channels,Hotel Santa Barbara,7ksGJFAvz6UJa_QrcK8ZEg,3.5,261,82.92682926829268
244185,Dianne and Brianna Johnson - Village Properties Realtors,Dianne and Brianna Johnson - Village Properties,G85qsLuWYgjMaHOzU_0zAQ,5.0,8,91.2621359223301
244187,SGI-USA Santa Barbara,Santa Barbara Spa,QwYRo9G4GsSRG3zvxCuFHw,5.0,13,84.21052631578947
244188,"Commercial Process Serving, Inc.",Commercial Process Serving,_hfpJfWPN_XxzJJqMz9MUg,5.0,6,89.65517241379311
244191,Welch-Ryce-Haider Funeral Chapels,Welch-Ryce-Haider Funeral Chapels,jtmCDCzIrviBfTap0o9KYA,4.5,16,100.0
244196,Crushcakes Cafe,Crushcakes & Cafe,UuRZpgZsHX7PyykHV3wbZg,4.0,761,93.75
244199,7-Eleven,7-Eleven,EtGFDdjui_Hww78JU4XoXg,3.0,6,100.0
244200,Starbucks,Starbucks,KiE0h68HGOO7ZXAqkMBdiw,2.5,35,100.0
244202,Stone Age Restaurant,Stone Age Restaurant,Vc-hDuD19_eeJ8ULZmLSCw,3.5,98,100.0
244212,Trader Joe's,Trader Joe's,HFhjwiTaIzXrKCPiN5EXmw,4.0,37,100.0
244215,Lee & Sons Plumbing & Heating,Lee & Sons Plumbing & Heating,Y2eGxFY6DXGFbP2OgUL_Fg,5.0,14,100.0
244216,Lee and Sons Plumbing and Heating,Lee & Sons Plumbing & Heating,Y2eGxFY6DXGFbP2OgUL_Fg,5.0,14,87.09677419354838
244220,Santa Barbara Adventure Company,Santa Barbara Adventure Company,YbnJYHNp_fHbI-hcFg48vQ,5.0,195,100.0
244222,Deux Bakery,Deux Bakery,PtaFDKkhxSjcXz6dVM0uLw,4.5,48,100.0
244225,CVS Pharmacy,CVS Pharmacy,UDZxN93l5_ggUFeF0EEcYg,3.0,7,100.0
244230,Zak Dental - Santa Barbara,Santa Barbara Dental Spa,45RoPYFvQu1GuqOAoIs11Q,4.5,22,88.0
244235,Santa Barbara Therapy Collective,Santa Barbara Collective,D5eQp0MHzKNfMVvOCoREWg,4.0,8,85.71428571428572
244237,Planet Solar,Planet Solar,dK5zpKVObPgSAvbgFxutvA,5.0,15,100.0
244242,Ballew & Fuhrman CPAs,"Ballew & Fuhrman, CPAs",J7JCi50P9ZVD4xDo7w7zTg,4.5,9,97.67441860465115
244245,Santa Barbara Police Department,Santa Barbara Police Department,PTGq3QNcnOfcddz35Wq5HQ,2.0,25,100.0
244246,Christ Presbyterian Church,Christ Presbyterian Church,DJek6E-1UghE9TmhGKKiuA,4.5,5,100.0
244251,Members Only Barber Shop,Members Only Barber Shop,1NQ2tjNj3qQt1sXXSGSsiA,4.0,9,100.0
244258,Flora Boutique,Lola Boutique,bf4eNKYiCgDDyc_rsWnwYA,4.5,7,88.88888888888889
244261,Courthouse Tavern,Courthouse Tavern,BseHdXex5Od2Or_TyUIoWQ,4.0,13,100.0
244265,Ca' Dario,Ca' Dario,o4IiNbNybcy-L4vzTSoDJw,4.0,672,100.0
244266,DIANI,DIANI,-ujzd8gaDTtqX1Ns-0SbcQ,4.5,38,100.0
244267,Treat,Treat,akRx4OpfXtXu3yNd-Zzehw,4.0,57,100.0
244271,The Little Door - Santa Barbara,The Little Door - Santa Barbara,oTcezJoCe30NrwiNFsoLXQ,4.5,137,100.0
244272,Dr Rachel B Aarons LCSW,"Rachel B Aarons, LCSW",EjYjwQCXBXEsS4rKVcJe-w,3.5,7,90.9090909090909
244280,Matilija Pure Water Systems,Matilija Pure Water Systems,mdI-2l7dlqcODbVNIWEQBQ,3.5,24,100.0
244283,Renaud's Patisserie & Bistro,Renaud's Patisserie & Bistro,-loV4cB2Uh9TCltTRgGzWQ,4.0,379,100.0
244286,Victor the Florist,Victor The Florist,LR6rFmqGRDFRKbkGrPQBKg,3.5,34,100.0
244293,Santa Barbara Shredding,Weddings in Santa Barbara,xF9r1XbMvEOsJeHlmFhIvw,5.0,13,83.33333333333334
244295,Vacation Rentals of Santa Barbara,Santa Barbara Vacation Rentals,5K-Rh9-pxrPCEp4wdlhiqg,3.0,16,95.23809523809523
244302,7-Eleven,7-Eleven,EtGFDdjui_Hww78JU4XoXg,3.0,6,100.0
244304,Contented Cat,Contented Cat,2BhLkfT2Yd5R27aJFAnp2A,3.5,10,100.0
244305,Omni Catering,Omni Catering,bAlyCST0WAgCERUWkawTVg,5.0,61,100.0
244323,Aligned Pilates Studio,Aligned Pilates Studio,OadF4m5PE4TE-mPqAOTFyQ,5.0,5,100.0
244324,Pete Clements Catering,Pete Clements Catering,fkZU5kOg7QAkz8Jmv3DoYg,5.0,6,100.0
244326,Bath Street Inn,Bath Street Inn,8lhyqiOAFjIipheDtk8gXA,4.5,148,100.0
244327,Sanctuary Centers,Sanctuary Centers,9fRgK0ZIvb4MGaDE-37ziQ,2.5,14,100.0
244330,The Massage Gallery,Larry The Massage Guy,kKZUGd0MIJ-sCVCTUAzXAQ,5.0,10,80.0
244336,Santa Barbara Endoscopy Center,Santa Barbara Design Center,jQzW5TzidnTC_aU9nGFYHg,4.5,35,80.70175438596492
244340,La Estetica,La Estetica,taB-DZhRI6eLW6XmY9_8yQ,5.0,5,100.0
244356,Santa Barbara Memory Care,Optometry Care Santa Barbara,dO8mWdDY04Bxejg2AQ6mew,4.0,37,86.79245283018868
244367,Cochrane Property Management,"Cochrane Property Management, Inc.",cDehfdNXqAYZA5UP7sMMQQ,2.0,18,90.32258064516128
244392,Santa Barbara School of Squash,Santa Barbara Surf School,XcMTtU_twdP_Zd7oWBkceg,5.0,22,83.63636363636364
244410,Enterprise Rent-A-Car,Enterprise Rent-A-Car,CpmxcFYs8ukYdeXg0SgtmQ,3.5,27,100.0
244411,Alamo Rent A Car,Alamo Rent A Car,_UT5fWAPQiMQEH_wKqm0xw,2.5,11,100.0
244423,US Post Office,US Post Office,3C0qPolJKgHuBQGgvgOYYw,2.0,34,100.0
244430,United Airlines,United Airlines,Ji3_qwy36vG5_2Q4EONE_w,2.0,17,100.0
244431,Avis Car Rental,Avis Rent A Car,yf8D-FOLj8dyUM1zyQUlgQ,2.5,14,86.66666666666667
244432,Dollar Car Rental,Dollar Car Rental,FH1x4vQom0CwuOy5Af8b5Q,1.5,16,100.0
244437,TSA Checkpoint 1 - Santa Barbara Airport,TSA Checkpoint 1 - Santa Barbara Airport,dgeAQiICUkUpClQwueif3A,3.0,7,100.0
244439,Alaska Airlines,Alaska Airlines,TTKxzbRCbNit5LmL9taxLw,2.5,8,100.0
244440,Santa Barbara Airport,Santa Barbara Airport,82gwcD3UmhQ7uwNwkeNKTw,4.0,192,100.0
244445,Costa Terraza,Costa Terraza,ssZSQ7HzLFBbm41gWubXKQ,3.0,46,100.0
244449,National Car Rental,National Car Rental,Y9Z5B9R5QJH2sRfqtYzRiA,4.5,12,100.0
244450,Alamo Rent A Car,Alamo Rent A Car,_UT5fWAPQiMQEH_wKqm0xw,2.5,11,100.0
244452,Avis Car Rental,Avis Rent A Car,yf8D-FOLj8dyUM1zyQUlgQ,2.5,14,86.66666666666667
244454,Dollar Rent a Car,Dollar Car Rental,FH1x4vQom0CwuOy5Af8b5Q,1.5,16,88.23529411764706
244467,Santa Barbara Association of Realtors,Santa Barbara Cemetery Association,N5UlurP7vv-uz8zT3Jx_8Q,4.5,15,81.69014084507043
244482,Retire in Santa Barbara,iPhone Repair Santa Barbara,op-3-gjebABmII_IFBp9qA,5.0,13,84.0
244492,Darin Jon Studio,Darin Jon Studio,08eBC31hXyGKKU2Tg20pow,4.5,67,100.0
244496,Santa Barbara Memory Care,Optometry Care Santa Barbara,dO8mWdDY04Bxejg2AQ6mew,4.0,37,86.79245283018868
244500,Wright and Feusier Orthodontics,Wright & Feusier Orthodontics,vt0Hqc2iDd2YrIc-k4rAAA,5.0,20,93.33333333333333
244504,Villa & Vine,Villa & Vine,IVn7l2W9yhf7EPPaXl5Gxw,5.0,28,100.0
244506,CAJE Coffee Roasters,Cajé Coffee Roasters,r_UPGh9GHMyBhPVMKVxRuw,4.5,36,95.0
244508,Cafe Buenos Aires,Cafe Buenos Aires,GgcvRnt5_z3NEC0D6vNncQ,3.5,56,100.0
244515,House of Clues,House of Clues,tN-KWlCvKTNRHfGH_X6RSg,4.5,5,100.0
244517,Santa Barbara Body Therapy Institute,Santa Barbara Body Therapy Institute,txfIwMeeGGhKGfSB-y6DUQ,4.0,24,100.0
244521,Planet Solar Inc.,Planet Solar,dK5zpKVObPgSAvbgFxutvA,5.0,15,82.75862068965517
244522,Santa Barbara Pest Control,Santa Barbara Pest Control,qkHZ4upi7Ho2ru5kzN_9nA,4.5,11,100.0
244526,The Fresh Market,The Fresh Market,zMBRkUqig4kXaqS78DEb1A,4.0,44,100.0
244527,Trader Joes,Trader Joe's,HFhjwiTaIzXrKCPiN5EXmw,4.0,37,95.65217391304348
244529,Ken Symer Automotive,Ken Symer Automotive,D-J6yU-JkX_1Oz2zxaUMlw,4.5,22,100.0
244530,Action Roofing,Action Roofing,bySoFVPOK7cktWI5pqqoNw,4.5,19,100.0
244531,Seventh Dimension Dance,Seventh Dimension Dance,Mdn16IEoRO1xvg36-ZhakA,5.0,32,100.0
244532,Specialty Plumbing,Specialty Plumbing,M2wC32S0ETpZaGd5vy8Mgg,2.5,7,100.0
244534,MI Fiesta Market,Mi Fiesta Market 4,oJsuZohTOk7oTiA7K3aqRw,3.0,7,94.11764705882352
244535,House of Laundry,House of Laundry,sZ_0kAfHh7ZFRUh5qD1sZg,2.5,7,100.0
244553,Santa Barbara Art Works,Santa Barbara Arts,PFGTk3VqhP_09fgHHheXpw,4.5,6,82.92682926829268
244555,Sirena,Sirena,n5lGrWToav9NvNJgF6l5CQ,5.0,16,100.0
244557,Trattoria Vittoria,Trattoria Vittoria,fKrmWy4GFsrgdOYhN9pyZA,4.0,334,100.0
244558,1329 Salon and Spa,1329 Salon and Spa,ZOfi2iKhamGdEK-iC5dLuw,4.5,82,100.0
244559,Distinctive Framing N Art,Distinctive Framing N Art,U1347u2ZjguXrDTHg6MzCg,4.0,7,100.0
244560,Electric Bikes of Santa Barbara,Electric Bikes - Santa Barbara,8wJROLPhw_R5O5rgEolItw,4.5,16,91.80327868852459
244561,Kaleidoscope Flowers,Kaleidoscope Flowers,e5_W9B0W0rmaO-xIpWPmsA,4.0,71,100.0
244564,Dr. Rachel B. Aarons LCSW,"Rachel B Aarons, LCSW",EjYjwQCXBXEsS4rKVcJe-w,3.5,7,86.95652173913044
244566,Ghitterman Ghitterman & Feld,"Ghitterman, Ghitterman & Feld",McXbZzZ73dKdOOt-BL0dtg,4.0,12,98.24561403508771
244567,Jeffrey S. Sanger,"Jeffrey S. Sager,  MD",DthuEsB0WC9-UQi0YbBEuA,5.0,5,86.48648648648648
244573,Carlitos Café y Cantina,Carlitos Cafe Y Cantina,CkENBnSJFfPA1hY0qrqfCg,3.5,731,95.65217391304348
244576,Santa Barbara Dance Institute,Santa Barbara Skin Institute,CzNJ4xs9Laka3_NI3vGXqQ,3.5,22,80.70175438596492
244579,Santa Barbara Symphony,Santa Barbara Spa,QwYRo9G4GsSRG3zvxCuFHw,5.0,13,82.05128205128204
244580,Opera Santa Barbara,Pour Santa Barbara,3hv0_BFbB32m_hay8zxfJg,5.0,14,86.48648648648648
244588,City of Santa Barbara Police Department,Santa Barbara Police Department,PTGq3QNcnOfcddz35Wq5HQ,2.0,25,88.57142857142857
244591,"Ghitterman, Ghitterman and Feld","Ghitterman, Ghitterman & Feld",McXbZzZ73dKdOOt-BL0dtg,4.0,12,93.33333333333333
244593,Santa Barbara Cruisers,Santa Barbara Barbers,c6P7VRcWhdJz4bMBZDvsNA,4.0,12,83.72093023255813
244597,Alvarez Automotive Repair and Smog,Alvarez Automotive Repair,TVnu_yQNBS8BpOWZVU-5mQ,4.0,28,84.7457627118644
244599,Los Altos Restaurant,Los Altos Restaurant,Ak4vFqHZUWU5KXONRnuieQ,4.0,166,100.0
244600,Milpas Taqueria,Milpas Taqueria,okc-iCgWvKGa1DfQSOh1Ig,4.0,10,100.0
244601,PetSmart,PetSmart,u8J1nL2ZwOB4nRRN5v88vA,3.5,33,100.0
244602,Santa Barbara Pest Control,Santa Barbara Pest Control,qkHZ4upi7Ho2ru5kzN_9nA,4.5,11,100.0
244606,Los Altos Restaurant,Los Altos Restaurant,Ak4vFqHZUWU5KXONRnuieQ,4.0,166,100.0
244608,El Sitio,El Sitio,2OJqIloZMAZXCW3uzF8jJw,4.0,37,100.0
244610,Fairway Market,Market Forays,MsqmvxOvkOnofmLlFM1iHg,4.5,8,81.4814814814815
244611,Kennedy's Automotive,Kennedy's Automotive Center,VT1oGkCR3j7oHh2FpQf-jA,4.5,58,85.1063829787234
244615,Sunshine Auto Spa & Mobile Detailing,Sunshine Auto Spa & Mobile Detailing,s4ejvWCkWpTuGjNtkpQbSw,4.5,72,100.0
244617,MedCenter,Medcenter,OtkrobPZTiueRDCDYBDV-g,2.5,21,100.0
244619,Built-Rite Auto Body,Built-Rite Auto Body,X3Bwt-94F98swnNRFUGA0w,4.5,5,100.0
244632,Arlington Theatre,Arlington Theatre,shA4op1763K-ipMqVdZMvA,4.0,140,100.0
244641,Santa Barbara College Of Law,Oak Cottage Of Santa Barbara,Ws4D-2X4YR0X2kgaPZVrNA,4.0,10,82.14285714285714
244642,Jane,Jane,iBBV8vesQ8fo2IQA7an1JA,4.0,733,100.0
244644,Matilija Pure Water Systems,Matilija Pure Water Systems,mdI-2l7dlqcODbVNIWEQBQ,3.5,24,100.0
244653,R J Carroll & Sons Plumbing,R J Carroll and Sons Plumbing,HwoJYHw9DJdGpM-xiCcDPw,1.5,12,92.85714285714286
244657,Taco Tuyo,Taco Tuyo,Lj1goFC0ar8bfmsoHhGVbg,4.5,13,100.0
244662,The Loft - Santa Barbara,Tesla Motors - Santa Barbara,E0nw-XFYeMXT8zKodRnLeA,4.5,49,80.76923076923077
244663,Santa Barbara Auto Refinishing,Santa Barbara Auto Refinishing,lrgjdVeGfG6Tb0eiXdo0bg,5.0,8,100.0
244664,Westside Auto Repair,Westside Auto Repair,LF345DbujTmE6r3roQtB_A,5.0,17,100.0
244671,Santa Barbara Glass Co,Santa Barbara Gas,7YNFCvQcWMVYMAWbKSBDMg,3.0,19,87.17948717948718
244676,Secret Bao,Secret Bao,q36uZc2hQml10YGHazJaoQ,4.5,145,100.0
244680,The Dress,The Dress,yMXgFFx-KjmT_QItAuk_Ew,5.0,71,100.0
244681,Chicken Little,Chicken Little,CZCzlptQEGzpoVgxca1V8g,4.0,59,100.0
244682,Teru Japanese Cuisine,Teru Japanese Cuisine,1U8Kt44FIkC7RnJsNjaMTA,4.5,34,100.0
244685,Law Offices of William C. Makler,Law Offices of William C Makler,ZodO8-m86mhbrvI0iT5TOg,5.0,25,98.41269841269842
244686,Law Office of Meghan Behrens,Law Office of Meghan Behrens,LFO7JhygKdAknpTD2Nm2Eg,4.0,5,100.0
244709,Teru Sushi,Sushi Tyme,XwnkfMUiyH-OsJXbmbOK5g,3.5,155,80.0
244715,Pascucci Restaurant,Aksum Restaurant,OMWhamtXhqlYCj66MqcxuQ,5.0,9,80.0
244716,Yona Redz,Yona Redz,WUGRmrfSzQCyeG6mYAM-vw,4.5,125,100.0
244717,Spa Ca,Spa Cía,VNQA3_u6D3kk8rPvhchI3w,5.0,84,92.3076923076923
244718,Spa Cía,Spa Cía,VNQA3_u6D3kk8rPvhchI3w,5.0,84,100.0
244719,Montecito Rotary Club,Montecito Club,CPnVUkzOO0M90sWjD_gcOQ,3.5,19,80.0
244720,Downey's,Downey's,ZmQHzv1pf0fbk-tm8lu0EA,4.5,124,100.0
244722,Santa Barbara County Law Library,Santa Barbara City Library,qhjyrEkoeB9dp5yEnQiEvA,4.5,27,86.20689655172413
244725,"Law Offices of Gregory I McMurray, PC","Law Offices of Gregory I McMurray, PC",IFSitVoTIfuwdnItmmiG0Q,4.5,7,100.0
244727,Farmers Insurance - Christopher Baxter,Farmers Insurance - Christopher Baxter,BTF0HQp2A5fRjZY8aF78Vw,4.0,7,100.0
244730,Nona's Italian Deli,Nona's Italian Deli,5Z3uvoIoOFUzTmrBmIJv2g,3.0,37,100.0
244735,Santa Barbara Glassblowing,Santa Barbara Salon,ZGTTTKEclsnoAPghqOaE5w,4.5,146,80.0
244736,Towers Cleaning,NRG Clean Power,NOC3lY0-7oM5bjLl6rAkRA,5.0,10,80.0
244740,House of Judah Santa Barbara,Honda of Santa Barbara,WbmY1I8rZNUqQz4ksnEMzw,3.0,10,84.0
244743,Ashleys Dollar Store,Ashley's Dollar,he7wi_c8zTrnXcwaoQL0Pg,2.0,5,80.0
244746,China Bowl & State Street Cafe,China Bowl & State Street Cafe,lTVHJAvtFQbQb6cPstEXyA,2.0,61,100.0
244748,SwiftClean of Santa Barbara,Segway of Santa Barbara,-mHLlBqekJe_VC61ouI9yA,5.0,165,80.0
244751,Economy Supply,Economy Supply,dXbshIxiJNn2nrM-ZAcgkw,4.5,13,100.0
244753,Ashley's Dollar,Ashley's Dollar,he7wi_c8zTrnXcwaoQL0Pg,2.0,5,100.0
244754,Pipeye Tacos,Tacos Pipeye,ZYqNIWch6Ik9wLZCa1hxkw,4.5,171,100.0
244755,Tacos Pipeye,Tacos Pipeye,ZYqNIWch6Ik9wLZCa1hxkw,4.5,171,100.0
244759,A & B Glass,A & B Glass,qFQhKOdLEEaoiMLEptxSmw,4.0,25,100.0
244760,Gordon & Grant Hot Tubs and Spas,Gordon & Grant Hot Tubs and Spas,rSaW84imzLDZzJqKimfF_g,4.0,11,100.0
244764,Arts & Letters Cafe,Arts & Letters Cafe,yIAgFdYQY3UdfDn-qO0K7g,4.5,67,100.0
244767,Salon Lucia,Salon Lucia,aJBM3fZWEy4wsZf_UYodGQ,5.0,13,100.0
244771,Unity Shoppe Inc,Unity Shoppe Inc,ouVxHJzMHs7aWq9WuA_Hpw,5.0,9,100.0
244772,Santa Barbara Hair Co.,Couch Santa Barbara,5MZzFu2uZeRIUv1z0SiqNg,4.5,16,82.92682926829268
244774,J'aime Skin Spa,J'aime Skin Spa,Gz4cz7ySbUBVqqBea4O2Wg,5.0,48,100.0
244778,Mi Salon,Mi Salon,9vH3pJlBjfhi8HFlX9EB1w,4.5,110,100.0
244781,Broadway in Santa Barbara,Days Inn Santa Barbara,1MSOoGQuDbj6C5euUoS-hA,3.5,44,85.1063829787234
244783,Tupelo Junction Cafe,Tupelo Junction Cafe,0WrdiQ4qJBu2Gc7wRcIfdw,4.0,1024,100.0
244784,The Book Den,The Book Den,8nTweI0fJC4t3GQ3YmlX4w,4.5,55,100.0
244785,Santa Barbara Central Library,Santa Barbara City Library,qhjyrEkoeB9dp5yEnQiEvA,4.5,27,87.27272727272728
244788,Sofa U Love,Sofa U Love,r2fdec9HaVvYowiVUm7-pg,4.5,20,100.0
244789,Arigato Sushi,Arigato Sushi,U2hkeMI-q4cS35QolJYN0A,4.0,980,100.0
244794,Granada Theatre,The Granada Theatre,ZPWJAgvdHREomrUJ8tIh2Q,4.0,44,88.23529411764706
244795,Mollie's,Mollie's,Ji3XN5gL1aBlbhtFEGpMFA,3.5,135,100.0
244796,The Granada Theatre,The Granada Theatre,ZPWJAgvdHREomrUJ8tIh2Q,4.0,44,100.0
244797,Paradise Found,Paradise Found,jfxlprakvhyUKDzHK3K6_Q,4.5,48,100.0
244798,Spanish Garden Inn,Spanish Garden Inn,92HeuR3hbRwGopK5zmmuag,4.5,206,100.0
244800,Thyne Taylor Fox Howard,"Thyne Taylor Fox Howard, LLP",2DOCQqBWTliv5UYbceMBgQ,5.0,15,90.19607843137256
244806,AMS Events,Ams Events,Vq_t3cWyj33IdHDPGw7iOg,4.5,50,100.0
244807,Power of Your Om Yoga,Power of Your Om,hZKcLg_kNTUV8Z4V4qs8mg,4.5,77,86.48648648648648
244811,bouchon Santa Barbara,Couch Santa Barbara,5MZzFu2uZeRIUv1z0SiqNg,4.5,16,90.0
244812,Natasha,Natasha,rU_uK240XBWvK4KDAW6Ilw,4.0,16,100.0
244819,Celadon House,Celadon House,QsNy5dd0Xxxxo3TkAIUsKA,3.5,8,100.0
244822,The Barber Shop,The Barber Shop,a3iJjFzOy437mBKt4bqPqw,4.0,79,100.0
244824,7-Eleven,7-Eleven,EtGFDdjui_Hww78JU4XoXg,3.0,6,100.0
244826,The Painted Cabernet,The Painted Cabernet,k3ve-DF8Tkz0m1mIABhzFw,5.0,86,100.0
244827,The Granada Theater,The Granada Theatre,ZPWJAgvdHREomrUJ8tIh2Q,4.0,44,94.73684210526316
244829,Santa Barbara CADRe,RH Santa Barbara,zv_3f5U_-7v3UJzpgfhzGQ,3.0,23,85.71428571428572
244830,Santa Barbara County Courthouse,Santa Barbara County Courthouse,6JFTijOMHB46yBoyVOjPCA,4.5,251,100.0
244837,NALS Apartment Homes,NALS Apartment Homes,-XLUV0Pj45wQnV6UERlXUA,1.5,7,100.0
244839,Palihouse Santa Barbara,Palihouse Santa Barbara,1wvYBjX6radqmb_k0Fv_Ug,4.0,7,100.0
244844,Quality Automotive Repair,Ayers Automotive Repairs,wdO59jXr1uulOCJ9Pwc0UQ,2.5,130,81.63265306122449
244845,ARCO,ARCO,akjci9MICIgNnUYJdr8mXg,2.0,9,100.0
244847,Ooty's Scooters,Ooty's Scooters,rwDUJ0yj_gd3RIG1mkCS3w,4.5,29,100.0
244848,Santa Barbara Dance Arts,Santa Barbara Dance Arts,2XEXAoV8Myt94dtbuBlcTA,5.0,5,100.0
244853,Jaffurs Wine Cellars,Jaffurs Wine Cellars,tnoUVvJZRPcawXl2gTlWpQ,4.5,68,100.0
244855,Fernando's Churros and Deli,Fernando's Churros,EEwmN2uP1PmOyxpTstSIxA,4.5,40,80.0
244857,Rosales Mexican Restaurant,Rosales Mexican Restaurant,c0p9TawJSQHchy5aL8NWgQ,4.5,227,100.0
244860,Cloud Climbers Jeep Tours,Cloud Climbers Jeep Tours,_qmFWIAH9ZATeQpXxdm8rg,4.5,149,100.0
244883,805 Ink,805 Ink,QZU7TcrztBb3tXaPbVCkXg,4.5,68,100.0
244884,Gelato n more,Gelato n More,OJ9DJLWvQV0h-ZU07QEKag,4.0,126,100.0
244885,The Sportsman,The Sportsman,ZjyTmpOdp7v_7Un8rdgRWA,4.0,44,100.0
244887,Lily's Nails,Minhly's Nails,FjakK7XY7VMeKzT_XwDxxQ,4.5,103,84.61538461538461
244888,The Sportsman,The Sportsman,ZjyTmpOdp7v_7Un8rdgRWA,4.0,44,100.0
244889,Open Air Bicycles,Open Air Bicycles,xc2n_h3s9kvTABsHrXk0sQ,3.5,49,100.0
244891,"Dr. Lynn K. Jones, Certified Personal and Executive Coach","Lynn K. Jones, Certified Personal and Executive Coach",GN6FAE-4AxPAXZcbk_Trhg,5.0,10,96.36363636363636
244892,Unity Shoppe,Unity Shoppe Inc,ouVxHJzMHs7aWq9WuA_Hpw,5.0,9,85.71428571428572
244893,Hope Santa Barbara,HOME Santa Barbara,qO9dNNIvNbCBd8ZgjxMxgQ,4.5,13,94.44444444444444
244896,Valle Verde,Valle Verde,MJ4LjLtqTUhN0-TKHZEJYA,3.0,17,100.0
244901,Maharani Ayurveda,Maharani Ayurveda,MKhO59xI_isYS9HKndqjSA,5.0,11,100.0
244903,Santa Barbara Wedding,Weddings in Santa Barbara,xF9r1XbMvEOsJeHlmFhIvw,5.0,13,91.30434782608697
244904,Louie's California Bistro,Louie's California Bistro,tGQytMbOXDdZS_OSK9hkBw,4.0,149,100.0
244907,Laguna Blanca School,Laguna Blanca School,lGYGCBpJginMhNXGbgFvDg,5.0,7,100.0
244909,The Upham Hotel,Upham Hotel,d-8uNLbRCntAg1evqnU4sw,4.0,156,84.61538461538461
244912,Ensemble Theater Company,Ensemble Theatre Company,rEpbL1z_2ryGl-j2Ud9Ezw,4.5,11,95.83333333333334
244913,Benchmark eatery,Benchmark Eatery,-TjT3y-Glfnbt6LbKETAYg,4.0,544,100.0
244916,AK Auto Repair,A-1 Auto Repair,dFEyk7Si7R-CHCMbxx3oJg,5.0,21,89.65517241379311
244917,Ayers Automotive Repairs,Ayers Automotive Repairs,wdO59jXr1uulOCJ9Pwc0UQ,2.5,130,100.0
244919,The Nugget Bar and Grill,The Nugget Bar and Grill,4xBkP-W_WaOzBiP8yD7yvg,4.0,54,100.0
244920,Head West,Head West,DfKEpNI5V1Nt8ZBe1E5JhA,5.0,12,100.0
244921,HobNob,Hob Nob,SaUbh0sMSev8gKNJYtC76g,3.0,23,92.3076923076923
244922,unity shoppe,Unity Shoppe Inc,ouVxHJzMHs7aWq9WuA_Hpw,5.0,9,85.71428571428572
244923,Art Essentials,Art Essentials,nMr4kVKrEedXh-mN8LUUJA,4.0,36,100.0
244924,American Riviera Bank Santa Barbara Branch,American Riviera Bank - Santa Barbara,_4TdsH2Q35lOHmrP-kbU7w,4.0,15,88.60759493670886
244935,Mark Todd Salon,Mark Todd Salon,zXyzgByqjWRPX_Sm4pnmEg,4.5,6,100.0
244940,Duo Events,duo events,quLvdiaBMaLG3enWfWHKgQ,5.0,12,100.0
244942,805 Deli,805 Deli,ks1BsT_1dncllU4YM7C2Qw,4.0,44,100.0
244944,Importa Santa Barbara,Pour Santa Barbara,3hv0_BFbB32m_hay8zxfJg,5.0,14,87.17948717948718
244945,Santa Barbara Day Reporting Center,Santa Barbara Design Center,jQzW5TzidnTC_aU9nGFYHg,4.5,35,81.9672131147541
244951,The Bar Method,The Bar Method,5h8Lmp-gqguaUU3OV6FFkQ,5.0,21,100.0
244955,Ashtanga Santa Barbara,Ashtanga Santa Barbara,HvPyrSWSO6y07wqjSvX0ww,5.0,7,100.0
244957,Random,Random,pQgVk24ZYzhO0Q9J7b8NRw,3.5,21,100.0
244958,Jersey Mike's Subs,Jersey Mike's Subs,qx2YTFXfVDwQUfOeWCFfbw,3.0,43,100.0
244959,Fala Bar,Fala Bar,qvXw3V4_9Pu4E7Qoi7-cKA,4.5,70,100.0
244960,wabi sabi,Wabi Sabi,yM7eA2uuH3Ch7OYVj3PKSw,4.5,82,100.0
244961,The Garden,The Garden,EoLzj1yciIjEZS9ZEJe_kQ,3.0,85,100.0
244962,Corazon Cocina,Corazon Cocina,9MsMKG0v3NstaPqKGYFVOw,4.5,39,100.0
244964,US Post Office,US Post Office,drHADXmuEUHWCGQg2qmBQg,4.5,6,100.0
244966,Santa Barbara Public Market,Santa Barbara Public Market,6m4A_ciUZn1G302yx1YV1w,4.0,270,100.0
244969,Rori's Artisanal Creamery,Rori's Artisanal Creamery,wxdpQV7CZHn6_DFr-JGUgw,4.5,289,100.0
244971,Empty Bowl Gourmet Noodle Bar,Empty Bowl Gourmet Noodle Bar,bPVPZeqMuYtU_yGCb4P-jg,4.5,705,100.0
244972,Ca' Dario Pizzeria Veloce,Ca'Dario Pizzeria Veloce,T_TX4Lx03Juo4pHF5cMYuA,3.0,34,97.95918367346938
244973,Soho Santa Barbara,Santa Barbara Zoo,sjm9TFtN69KrVsgajcL2Pg,4.0,681,91.42857142857143
244977,First Republic Bank,First Republic Bank,8odPFY0FaBIYEC_ve4mhkg,5.0,8,100.0
244979,Santa Barbara Wedding Films,Santa Barbara Wedding Films,MlXOkewGI6s0OOf523Mbxg,5.0,20,100.0
244980,Taqueria Santa Barbara,Taqueria Santa Barbara,sk0IM8koYo1o9-k_rpkmxQ,4.5,95,100.0
244982,Soho Restaurant & Music Club,Soho Restaurant & Music Club,AmAc0eD6lyVyb7QdOAO1Mg,3.5,138,100.0
244983,the knit shop,The Shop Kitchen,SYHDOHRNAH-2xsw3XB5qbg,4.5,1108,82.75862068965517
244984,Empty Bowl Gourmet Noodle Bar,Empty Bowl Gourmet Noodle Bar,bPVPZeqMuYtU_yGCb4P-jg,4.5,705,100.0
244986,fresco at the market,The Fresh Market,zMBRkUqig4kXaqS78DEb1A,4.0,44,83.33333333333334
244991,Kawaii Body Wax,Kawaii Body Wax,dM8Xy8VuRtlV2jAXSkmPwA,5.0,15,100.0
244993,SOhO Restaurant and Music Club,Soho Restaurant & Music Club,AmAc0eD6lyVyb7QdOAO1Mg,3.5,138,93.10344827586206
244994,Alegria by Design,Alegria By Design,N9L6lmVPdzb24r6wFst2Hg,5.0,27,100.0
244995,Scarlett Begonia,Scarlett Begonia,thlyktt2c7v1DyOpSVSibw,4.0,897,100.0
244996,McDonald's,McDonald's,jshnKTsnoXLSez5XD1qo7Q,2.5,56,100.0
245004,Open Air Bicycles,Open Air Bicycles,xc2n_h3s9kvTABsHrXk0sQ,3.5,49,100.0
245005,Julie Morgan Hair and Makeup,Julie Morgan Hair and Makeup,xcqTDOnD9eUebsNV1bkWcw,4.5,35,100.0
245006,Law Office of J'Aimee L. Oxton,"Law Office of J'Aimee L Oxton, APC",qL6LaQNaX4ZtMGHZSdOuhA,5.0,6,90.625
245007,Corazon Cocina,Corazon Cocina,9MsMKG0v3NstaPqKGYFVOw,4.5,39,100.0
245011,Rori's Artisanal Creamery,Rori's Artisanal Creamery,wxdpQV7CZHn6_DFr-JGUgw,4.5,289,100.0
245013,4 Eggs & Pizza,4 Eggs & Pizza,CuRjZOmfnXjefwEpyzmTTw,5.0,60,100.0
245014,Sama Sama Kitchen,Sama Sama Kitchen,LuPK46HMxRYEVTXVbBCR1g,4.0,477,100.0
245016,Burgundy Blue Photography,Burgundy Blue Photography,ak-RiYgUZzM_90c8ONWFzw,5.0,174,100.0
245018,Santa Barbara Public Library,Santa Barbara Public Market,6m4A_ciUZn1G302yx1YV1w,4.0,270,83.63636363636364
245019,Olio Pizzeria,Olio Pizzeria,4D7QDfPOsSPfKxBi3gs_qQ,4.0,622,100.0
245020,Big Eye Raw Bar,Big Eye Raw Bar,RW3nH6Au6pSCWxJhiGY03Q,4.0,106,100.0
245022,The Good Lion,The Good Lion,4kfbEcAMepvkjt3H7INYBg,4.5,344,100.0
245029,Olio e Limone Ristorante,Olio E Limone Ristorante,z6I4QVP1M1HXETgwD92XHg,4.0,488,100.0
245030,Somerset,Somerset,NWwVZnCb8-Oh9QWWAb2T2Q,3.5,100,100.0
245033,Bail Hotline Bail Bonds,Bail Hotline Bail Bonds,xO7QoV6fbHHr_iGkG2l1gw,4.0,10,100.0
245047,State Street Cafe,State Street Coffee,mHmIoIGOfpidrS1fYQ9PbQ,3.5,92,88.88888888888889
245055,Camp Canine,Camp Canine,kKbohzNOMTpW20CQC20whQ,4.5,105,100.0
245056,Just 4 Fun Party Rentals,Just 4 Fun Party Rentals,J8mYsqr1X7P34tY6pihgRA,4.5,42,100.0
245057,Winchell's Donut House,Winchell's Donuts,5vIfUavd23X3lBzjnnc4QA,3.0,21,87.17948717948718
245059,Solid Rock Tile & Stone,Solid Rock Tile & Stone,tOXSEWjZ9XjTkl1NU3uAcw,4.5,15,100.0
245061,Catholic Charities,Catholic Charities,daY69d6hSh-zLygd6580nw,3.0,17,100.0
245063,Munchiez,SB Munchiez,vZG0BDPGDJxMGiXcGoVU6w,4.0,182,84.21052631578947
245064,TV Santa Barbara,Santa Barbara Travel,JZ1Vlmi-uGN8w5JNXEeHMw,4.5,15,88.88888888888889
245070,Garage Door Santa Barbara,The Garage Santa Barbara,icjIOnb1ErT8Wnz5MkQ_Vg,5.0,17,81.63265306122449
245072,Muñoz's Auto Repair,Muñoz's Auto Repair,LkOM4CQOGbqJYr-WL6LSrQ,5.0,15,100.0
245073,Independent Automotive Group,Independent Automotive Group Inc,yksbGjEFWvC43SyDk1iJwA,4.5,12,93.33333333333333
245075,Taqueria El Bajio,Taqueria El Bajio,wvD7TOuE-qUhkyXoi8K8hA,4.0,246,100.0
245076,Caliber Collision,Caliber Collision,M7zcSHk1QQqglUM4bwHHGw,4.5,6,100.0
245078,Grokenberger & Smith,Grokenberger & Smith,CMjjwZ43THQpVS9VwbpWOw,5.0,8,100.0
245080,Amy Rae Aesthetics,Alma Aesthetics ,3Y8bjGa7yUCclrHGM9TA3g,5.0,5,84.84848484848484
245082,Maggie's at State and A,Maggie's at State and A,ZCURd9PiH4qdEjQfrIZzFg,3.5,52,100.0
245083,Metro Entertainment,Metro Entertainment,KaEBkaHgbYTYEJ2MMVP-vw,4.5,41,100.0
245086,Mad Fitness Sb,Mad Fitness SB,HV2e_1lZv4T2rrNiAxsnjQ,5.0,37,100.0
245090,Cat Therapy,Cat Therapy,UFpCraqzFBAhtZqmxmiWsA,4.5,116,100.0
245095,Deep Tissue Massage Center,Deep Tissue Massage Center,Zs_wQ6qpM0GPC8iHKxa32w,5.0,12,100.0
245096,Quality Maids Inc,Quality Maids,6qNP6LkSAxBvKj3vbk8ZDw,2.5,8,86.66666666666667
245102,Santa Barbara County Probation,Santa Barbara Roasting Company,VgAKmXE8B7J0I_O_R13UKQ,4.0,511,83.33333333333334
245103,La Playa Azul Cafe,La Playa Azul Cafe,8_r9EZL6vX5fPBoVh3gUrA,4.0,318,100.0
245104,Santa Barbara Museum of Art,Santa Barbara Museum of Art,Xh0qPuyGJkb7zqmOJNI5pQ,4.0,99,100.0
245105,Ayers Auto Repair,Lara's Auto Repair,_WsbPtqSuxaBu5zd7H0-HQ,4.5,42,85.71428571428572
245109,State Street,State Street Hotel,gmw7ofrPa1f1hb7WiG0udg,4.0,6,80.0
245115,Cloud Nine Treatments,Cloud Nine Treatments,DX4e8nKKzmawpOkMDvd5XA,5.0,7,100.0
245120,RBE Law PC,RBE Law,iAZPE_r7toYRAbzE4pYl4A,5.0,7,82.35294117647058
245122,Santa Barbara Axxess,Aae Santa Barbara,FAabASyk_4p5UrUnUtyvpw,2.0,7,86.48648648648648
245125,Santa Barbara MTD,Santa Barbara MTD,M9tqq4TM5tEATG1J6ncM6Q,2.5,30,100.0
245126,Arnoldi's Cafe,Arnoldi's Cafe,HOXbILWYZJkNUYYzYK_tZA,4.0,291,100.0
245131,Classic Design,Classic Design,-Wje8TlpL3mogkJ8vp0JQA,4.5,26,100.0
245133,Dioji K-9 Resort & Athletic Club,Dioji K-9 Resort & Athletic Club,BIab0FUvD60EipApxzs4RQ,5.0,56,100.0
245136,Ghitterman Ghitterman & Feld,"Ghitterman, Ghitterman & Feld",McXbZzZ73dKdOOt-BL0dtg,4.0,12,98.24561403508771
245137,State & Fig,State & Fig,r926yelr_EJAKQCjdD6AWA,4.0,519,100.0
245141,Free People,Free People,oTw36uDc_jwbsY6K6SckOw,3.5,23,100.0
245145,Santa Barbara Museum of Art Store,Santa Barbara Museum of Art,Xh0qPuyGJkb7zqmOJNI5pQ,4.0,99,90.0
245148,Old Navy,Old Navy,EJ76Y9Vz1Fh-6lMkCuIN5A,3.0,20,100.0
245149,Viva - Santa Barbara,Villa Santa Barbara,lW6ai4Us51C-mFQkgiWpEQ,3.0,7,87.17948717948718
245153,Sanford Winery Tasting Room,Sanford Winery Tasting Room,im1dUk7C1YoqT-KPKBF4Ng,4.5,69,100.0
245155,Peet's Coffee & Tea,Peet's Coffee,p2kC-cD22QAQzIGD8ZuqFA,4.0,73,81.25
245158,Cannamed of Santa Barbara,Cannamed of Santa Barbara,K2-b_ZaKvQRKJ5EDf3xHsw,2.5,7,100.0
245161,Savoy Wines,Savoy Wines,xKTf7byzX_zZjMsF2ZcXfw,5.0,7,100.0
245164,Ashleigh Taylor Portrait,Ashleigh Taylor Portrait,GJI0cK-QlvdWWFQxDRfZzw,5.0,22,100.0
245166,Armada Wine & Beer Merchant,Armada Wine & Beer Merchant,e76uCbhmK8oqAtYAkxB2Qg,4.5,53,100.0
245167,Mosaic Locale,Mosaic Locale,vgDl4_ZjoLLIU2ZPL83GIg,4.0,18,100.0
245169,La Arcada Plaza,La Arcada Plaza,aZEQw-11diw_uF7pH5Uo8Q,4.5,9,100.0
245175,Zaytoon,Zaytoon,uZYBF0YTU_iKq4_L_PDtMQ,4.0,1168,100.0
245176,Barbieri and Kempe Wines,Barbieri & Kempe: Wine,pQh2GzkAnbLKiDqEpxcylQ,5.0,11,86.95652173913044
245178,Lewis & Clark,Lewis & Clark,DYA-yD72qtLKj9gK9qyj1Q,4.0,29,100.0
245179,Waterhouse Gallery,Waterhouse Gallery,jhLOl7Z2fnYftTphwPi7Qg,4.5,11,100.0
245183,Santa Barbara Pension Consultants,Santa Barbara Pension Consultants,-l9azHAGSSaovfBbEAn1vA,2.0,5,100.0
245184,Hook & Press Donuts,Hook And Press Donuts,3tvi-OJ_-iK1ecjzSaH-oA,4.5,217,90.0
245185,Jeannine's American Bakery & Restaurant,Jeannine’s American Bakery & Restaurant,L4-_gPiqsuX50JN_-qUhNQ,5.0,41,97.43589743589743
245186,DeliverySB,DeliverySB,M8GN3mTBVC6iA80eRIdzgg,4.0,14,100.0
245191,Anthropologie,Anthropologie,0TKUn5JU65ySgjD2JjXnIw,4.0,45,100.0
245193,Law Office of Guneet Kaur,Law Office of Guneet Kaur,UcTwYWtjefJwXR4fDlpC2A,5.0,6,100.0
245195,State Street - Santa Barbara,Motel 6 Santa Barbara - State Street,956T4nw0gCoORsLtes6rlg,2.0,86,87.5
245199,Urban Optics Optometric Center,Urban Optics Optometric Center,tASk64QgOZgeM_APz7wJFA,5.0,101,100.0
245200,Renaissance Fine Consignment,Renaissance Fine Consignment,vQqeN90Qg3zPHvDeSeD2og,4.0,41,100.0
245201,Petit Valentien,Petit Valentien,IoihJkcF2FcE-sHOneat-A,4.0,342,100.0
245203,She Sells Santa Barbara,Sears Santa Barbara,m1Z74PzxN8zFQlcfBI0qVg,2.0,51,80.95238095238095
245205,Cutler's Artisan Spirits,Cutler's Artisan Spirits,XkmJfBmH-G7eLiq8vJnJRQ,4.5,50,100.0
245206,Village Pool Supply,Village Pool Supply,mjeQk5W5A_SqbCMkFR-z2g,4.5,10,100.0
245207,Swedemasters,Swedemasters,42M9WxjURRx8_Sx7xKeWfQ,4.5,26,100.0
245208,Leadbetter Beach,Leadbetter Beach,P3zq1bsGCZm3qp4yLkqHnA,4.0,43,100.0
245209,"Daily Greenz, Etc.",Daily Greenz,JB5tlC_7u5IHT2Z_GHN-qw,5.0,8,80.0
245210,The Art of Consignment,The Art Of Consignment,-HCm7yAyNQKetrT0hq-LlA,4.5,13,100.0
245214,SecurePRO,SecurePRO,CXHz70AOtES7qw5Mc83Nwg,4.5,20,100.0
245216,A&M Roofing and Gutters,Al's Roofing & Gutters,E4CAu-mzRtu4RcONxAR3JQ,4.5,11,84.44444444444444
245217,Santa Barbara Roof Company,Santa Barbara Company,nPzqScDSAXsqB1OwFK7Epg,5.0,20,89.36170212765957
245223,Stella Mare's,Stella Mare's,TzNk1TcWLZn0JCpO83hBAA,4.5,477,100.0
245225,Continental Credit Control,Continental Credit Control,Mj135MbW42APR43FuwyOsw,1.5,21,100.0
245227,Channel Islands Chiropractic,Channel Islands Chiropractic,i87GonNIBlS-JPg1LAUZlw,4.5,29,100.0
245228,Cesar Transmissions and Engines,Cesar Transmissions and Engines,q89Eg2Dlq0dFJpOob4UdCA,3.5,7,100.0
245230,Channel Islands Adventure Company,Channel Islands Adventure Company,pnY7nrqLoPprcsSfQl1wWg,4.5,36,100.0
245231,Santa Barbara Wine Country Tours,Santa Barbara Wine Country Tours,TvBxBjed-iX6_22SwEYEFQ,5.0,23,100.0
245232,Santa Barbara Adventure Company,Santa Barbara Adventure Company,YbnJYHNp_fHbI-hcFg48vQ,5.0,195,100.0
245233,Buena Tile + Stone,Buena Tile + Stone,TcIJMhMvPEJKTa3LDZlQcg,2.5,5,100.0
245235,Urban Grow Systems,Urban Grow Systems,OCA29vA78dCCpzh4htUVpg,4.5,8,100.0
245236,Wells Fargo Bank,Wells Fargo Bank,mo3qhcagUPSwdqmkd-o-Hg,2.5,14,100.0
245240,Carr Winery,Carr Winery,iBTc6XKgW5HESEZIii-G4g,4.5,164,100.0
245242,Turner Medical Arts,Turner Medical Arts,z0j7t0cX90r2K8GZxwN-NQ,4.5,19,100.0
245244,Rudy's Mexican Restaurant,Rudy's Mexican Restaurant,b1shfPbHpkeWtbGbz5iAtg,3.0,130,100.0
245245,Julienne,Julienne,oktohqIGhMQxOP7h5ugHlg,4.0,284,100.0
245246,Sojourner Café,Sojourner Cafe,Qsd_S2f7fNFqngx2amRE7A,4.0,276,92.85714285714286
245247,Santa Barbara Independent,Santa Barbara Independent,YKkfFrXqiu9luFUp1VqpBw,3.0,5,100.0
245248,Alessia Patisserie & Cafe,Alessia Patisserie & Cafe ,WVNkMz4sEl35swjVtKHOFw,4.5,112,100.0
245249,AnyTech CA,AnyTech CA,EoqBNRNwwDOTaBrjErWVtQ,4.5,19,100.0
245250,Peanuts Maternity & Kids,Peanuts Maternity & Kids,Zdl6M1oDa_B49MGrlqbBtQ,4.5,27,100.0
245253,Taste Santa Barbara Food Tours,Taste Santa Barbara Food Tours,ggkif8dgbPvsqf8U3FI3uQ,5.0,124,100.0
245255,SB Evolution Landscape,SB Evolution Landscape,sM9yHeRw8eyUFOGzpM0yPA,4.5,39,100.0
245256,Sustainable Wine Tours,Sustainable Wine Tours,NDwoKO79_T49UEKVDlHd3A,5.0,358,100.0
245258,The Karpeles Manuscript Library Museum,Karpeles Manuscript Library Museum,8xKvHgbxmxW6zeadm74Njg,4.0,12,94.44444444444444
245262,CVS Pharmacy,CVS Pharmacy,UDZxN93l5_ggUFeF0EEcYg,3.0,7,100.0
245263,Isabella Gourmet Foods,Isabella Gourmet Foods,_ywevgEtI1SpZBtY3rILRg,4.5,17,100.0
245269,Strictly Vacations,Strictly Vacations,MJUtzKFelmsnlm225BwnGw,4.5,9,100.0
245271,ALIVE Santa Barbara,Aae Santa Barbara,FAabASyk_4p5UrUnUtyvpw,2.0,7,88.88888888888889
245273,Coastal Concierge,Coastal Concierge,vFTf9qG8QnGIIcfU8VkO8w,5.0,16,100.0
245282,Santa Barbara Spice Company,Santa Barbara Company,nPzqScDSAXsqB1OwFK7Epg,5.0,20,87.5
245284,Milk & Honey Tapas,Milk & Honey Tapas,E_ac8Q20OJD9L8cafCBKaQ,4.0,534,100.0
245287,Santa Barbara Backroads Wine Tours,Santa Barbara Backroads Wine Tours,V8dZigOlI5fjpRxgOWwY3g,4.5,36,100.0
245288,The UPS Store,The UPS Store,sCkN50fE_Pe9gwSnwVwiJA,3.5,37,100.0
245289,China Pavilion,China Pavilion,B_q2xoAgTyn6U4YNEc3kSw,3.5,348,100.0
245303,iPhone Repair Santa Barbara,iPhone Repair Santa Barbara,op-3-gjebABmII_IFBp9qA,5.0,13,100.0
245305,Andersen's Danish Bakery & Restaurant,Andersen's Danish Bakery & Restaurant,Ss6f5v_t5Vddiaz4ZOxL0g,4.0,1106,100.0
245309,Wine Edventures,Wine Edventures,HMkjv277ZaW_2tZelEn6LQ,5.0,165,100.0
245310,Carrillo Recreation Center,Carrillo Recreation Center & Ballroom,zGvBaY28FqD__tImfy7GuA,4.5,6,82.53968253968253
245311,El Presidio de Santa Barbara State Historic Park,El Presidio de Santa Bárbara State Historic Park,8kp1eqQflG1bHCTXnITnqA,4.0,31,97.91666666666666
245317,Josette Tkacik,Josette Tkacik,c6Oi6QctHxIbkn0HBS7bgw,5.0,11,100.0
245319,Ace Rivington,Ace Rivington,6aean82jIEp9ScEVowVJMA,5.0,36,100.0
245320,La Salsa,La Salsa,UAy8Qc_T0CuHxQRiUMNN4g,3.5,24,100.0
245321,Hook & Press Doughnuts,Hook And Press Donuts,3tvi-OJ_-iK1ecjzSaH-oA,4.5,217,83.72093023255813
245339,Karpeles Manuscript Library Museum,Karpeles Manuscript Library Museum,8xKvHgbxmxW6zeadm74Njg,4.0,12,100.0
245340,Westmont College Nursing,Westmont College,qBuAOvZxWwFLx0ECE7fdfg,4.5,13,80.0
245342,Joel's Roofing & Rain Gutter Co Inc.,Joel's Roofing & Rain Gutter,8ZTL4XHRqhN7cN6YdW6RKQ,2.0,9,87.5
245343,So Cal Pest Control,So Cal Pest Control,rFunuOeDPsZol-5MhwVjww,5.0,21,100.0
245347,The Fund for Santa Barbara,The Santa Barbara Art Foundry,YoHFJVHTyS5ZtrSTaXt6Jw,5.0,21,83.63636363636364
245348,California Wealth Advisors,California Wealth Advisors,dXw55Tj0ouGgIc1Mn3t6rg,3.5,6,100.0
245349,Alpha Thrift Store,Alpha Thrift Store,Pie2cFIWlfP6jR5PZsxn0w,3.0,41,100.0
245350,Santa Barbara Interiors,Santa Barbara Emotors,3lXHmv65COx5woh4CcprYg,4.0,10,81.81818181818181
245352,Fuzion Glass Gallery,Fuzion Glass Gallery,jCwBRUFdrrANn9-Sp5HAGw,4.5,23,100.0
245355,California Closets - Santa Barbara,California Closets - Santa Barbara,4ZqdYof7karLDzWDJ8UHoA,4.0,16,100.0
245357,Chocolats du CaliBressan,Chocolats du Calibressan,q8pu9u7rdo1YK3RmgphPjA,4.5,117,100.0
245358,Mizza,MIZZA,XyYsl2OyoMi6OMvzsdcVoQ,4.0,380,100.0
245359,Satellite Santa Barbara,Santa Barbara Trolley,kN1Z5QTAPqDgi-GG1sqacA,4.5,71,81.81818181818181
245360,Santa Barbara Cabinet Company,Santa Barbara Cabinet Company,jwP1QeBk2faOxVTCDlzfLg,4.0,5,100.0
245364,David Watkins Design,David Watkins Design,d2wMNBfJQ9aiAGeop-HMOw,4.5,7,100.0
245365,The Andersen's Danish Bakery and Restaurant,Andersen's Danish Bakery & Restaurant,Ss6f5v_t5Vddiaz4ZOxL0g,4.0,1106,90.0
245369,Panino Downtown Santa Barbara,Downtown Santa Barbara,4QjOsH83KEcjen94P99u3Q,4.0,12,86.27450980392157
245372,Lucky Cab Santa Barbara,Santa Barbara Club,4DQ2PkCWJIo71XQddHIoew,5.0,10,82.92682926829268
245379,Dave Scholl Automotive,Dave Scholl Automotive,m1grmiKZy3_WK2rgKBNfng,4.0,23,100.0
245380,Star Tech Auto Repair,Star Tech Auto Repair,IgDWPTKtI3i355gU-h9uWw,3.5,53,100.0
245382,The Garage,The Garden,EoLzj1yciIjEZS9ZEJe_kQ,3.0,85,80.0
245385,IHSP Santa Barbara,IHSP Santa Barbara,z2K-jFZhP7Em0Ol6p8V6kw,2.5,20,100.0
245386,Our Lady of Guadalupe,Our Lady of Guadalupe Mercado,Qi-A4ZgcEuSnq_8Fpfo_3Q,4.5,8,84.0
245387,Santa Barbara Forge & Iron,Santa Barbara Forge & Iron,RTtVLzVyGe_9wQr7nAm6dA,5.0,5,100.0
245388,Lara Auto Repair,Lara's Auto Repair,_WsbPtqSuxaBu5zd7H0-HQ,4.5,42,94.11764705882352
245390,White's Pet Hospital,White's Pet Hospital,NRV0bWbpS0GmYyjIGA4r6A,4.0,48,100.0
245393,Santa Barbara Recovery,Land Rover Santa Barbara,U22eDdkE5xH-gKsDZcknGA,3.5,21,82.6086956521739
245399,The Crafter's Library,The Crafter’s Library,iT8sa0U4i_A8HY3XntUbBA,5.0,19,95.23809523809523
245402,"Glenn L. Robertson, Attorney at Law",Glenn L Robertson Attorney At Law,A_tseRc8TWJckJ2IjBXPVw,3.5,5,97.05882352941177
245404,Cafe Shell,Cafe Shell,n_RyzuCAiR4yW2JLkl0Jng,2.5,21,100.0
245407,Santa Barbara,LF Santa Barbara,6zsdSFG86YXsgWK1wtU-3g,3.0,37,89.65517241379311
245408,Coast 2 Coast Collection,Coast 2 Coast Collection,S3lmzX0wJcTYf9q1e7P_CQ,5.0,12,100.0
245409,Sequel Salon Santa Barbara,Santa Barbara Salon,ZGTTTKEclsnoAPghqOaE5w,4.5,146,84.44444444444444
245420,Santa Barbara Arts,Santa Barbara Arts,PFGTk3VqhP_09fgHHheXpw,4.5,6,100.0
245423,Paper Source,Paper Source,klncZKgM0Y_4hCU2dYF6aw,3.5,18,100.0
245427,Cat Doctors,Cat Doctors,JbFsyY7pi85oaY4DoAgwCA,4.5,29,100.0
245428,Charm Hair Studio,Charm Hair Studio,Wj1XaNASAUSAHcp-MSFXRQ,5.0,6,100.0
245430,Otherworld Tattoo,Otherworld Tattoo,PQkDb-aBn1gBZtkS05Elkw,4.5,17,100.0
245431,Coastal Pride Carpet and Window Care Santa Barbara,Coastal Pride Carpet and Window Care/ Santa Barbara,BjuW-QHYA1g0cLmVz5tIQA,5.0,8,99.00990099009901
245432,De La Vina Inn,De La Vina Inn,clR4TxO8xgQrifYzJQ9OJg,4.5,22,100.0
245441,Kennedy Accounting Systems,Kennedy Accounting Systems,FbhbgFzX33w7qZctJJFA0g,2.0,5,100.0
245442,Casa Serena Treatment Programs For Women,Casa Serena Residential Treatment Programs for Women,-xQbOR8mFaCmwOFy_JZ1Cg,4.0,10,86.95652173913044
245454,Santa Barbara Airport,Santa Barbara Airport,82gwcD3UmhQ7uwNwkeNKTw,4.0,192,100.0
245457,Enterprise Rent-A-Car,Enterprise Rent-A-Car,CpmxcFYs8ukYdeXg0SgtmQ,3.5,27,100.0
245474,Cal-Orchid,Cal-Orchid,ZQa4feJ9ZlTti4hyp-bWKw,4.0,15,100.0
245476,Santa Barbara Orchid Estate,Santa Barbara Orchid Estate,X9eQxXnIAViTIlRtBRkqvQ,4.0,36,100.0
245485,More Mesa Beach,More Mesa Beach,538uB2z4YkIK7s1_OVUbpA,4.5,14,100.0
245486,Santa Barbara Plumbing Services,Santa Barbara Plumbing,EbG-jN4fJqf2QDfiPwxZvg,4.5,11,83.01886792452831
245490,White Jasmine Inn,A White Jasmine Inn,eFafEbJKZ4gs0Eefl20mOA,4.0,127,94.44444444444444
245493,Laguna Blanca School,Laguna Blanca School,lGYGCBpJginMhNXGbgFvDg,5.0,7,100.0
245497,Garage Door Santa Barbara,The Garage Santa Barbara,icjIOnb1ErT8Wnz5MkQ_Vg,5.0,17,81.63265306122449
245500,Wine Tours by Appellation,Appellation Wine Tours,3TtUXEH7-spv0A1-eqHTHA,5.0,46,93.61702127659575
245505,Norton's Pastrami & Deli,Norton's Pastrami & Deli,vhWlxyLEWAbNOMtQ42yzFg,4.5,492,100.0
245506,Savoy Cafe & Deli,Savoy Cafe & Deli,BErYojCJSO959vzaz9JclQ,4.5,571,100.0
245507,Gracie Barra Santa Barbara,Santa Barbara Bride,CbMm5x3SvdW6mCgjMYfnIw,4.5,24,80.0
245508,Crossroads Trading,Crossroads Trading Co.,HPKZ2gO4yYyUYFf2uESnGQ,3.0,68,90.0
245512,Willie's Barber Shop,Willie's Barber Shop,B_dgdorbXlF1BPTOHmhBbQ,4.0,10,100.0
245513,Los Arroyos Mexican Restaurant & Take Out,Los Arroyos Mexican Restaurant & Take Out,MwJsk91FJ73YzzmpVaJihQ,4.0,448,100.0
245517,Santa Barbara Cleaning Service ,Nancys Cleaning Services Of Santa Barbara,PhG-1jmDaWxPMAQzjXg_Sw,3.5,34,84.50704225352112
245518,Embermill,Embermill,ZJzlns_dFkapVajmdFHGuw,4.5,211,100.0
245521,Chi Beauty Artistry,Chi Beauty Artistry,3ZACaHHGdP12oEBuTzRhMw,5.0,5,100.0
245523,U.S. Bank Branch,U.S. Bank Branch,P0ToKWFksOpX-wBJuE5kSg,2.5,13,100.0
245525,Santa Barbara Shrine Club,Santa Barbara Club,4DQ2PkCWJIo71XQddHIoew,5.0,10,83.72093023255813
245527,Conditioning Specialists,Conditioning Specialists,myZ_JfNf8bOp6lLrDY9QHA,5.0,5,100.0
245529,Bici Centro,Bici Centro,gWMHPJiIM4rhJuvWBX4jzg,4.0,22,100.0
245531,MN Studio,Studio B,rYN_tYzdhC8xhsupYGoVTg,5.0,32,82.35294117647058
245532,Milpas Chiropractic,Mesa Chiropractic,UYv5eH0QVoMot5h-MFkJcw,4.0,11,83.33333333333334
245534,Bob Holzer Towing,Bob Holzer Towing,E9PIMEpILW5_Hx_sSMCkNQ,4.5,120,100.0
245537,Santa Barbara Botanicals,Santa Barbara Botanic Garden,Kd2ldlgqcWP7drZ-ChG4Kw,4.0,266,84.61538461538461
245538,Mastercraft Motors,Mastercraft Motors,fO9M9rPcg8FZJtG9J60pFQ,4.5,52,100.0
245543,Three Pickles Subs and Sandwiches,Three Pickles Subs and Sandwiches,GtrY5U_M1ac3bYCk0DUeIg,4.5,244,100.0
245547,Summer Solstice Celebration,Summer Solstice Celebration,R-jbPtxfK7PhdjrXFLwTCQ,5.0,20,100.0
245549,Union Bank,Union Bank,YW9bxMWQ3lUoi64lirtZYg,3.0,5,100.0
245559,Linnea Villegas Massage Therapy,Linnea Villegas Massage Therapy,NUmZfwk_AM6ET94yTZoS-w,5.0,10,100.0
245561,Infospire,Inspire,6u9TA3pDjNXaZCQ2f2RbMQ,1.5,7,87.5
245562,Superman Appliance Repair,Sears Appliance Repair,om5AVaS2H5WRtxQlwBIlUw,2.0,11,85.1063829787234
245563,Santa Barbara Estate Planner,Santa Barbara Estate Planner,jnUR4SD9C867RotJ20yFWw,5.0,7,100.0
245580,Gino's Sicilian Express,Gino's Sicilian Express,UjgqSqa4Biy34pHSEdwj_g,4.0,253,100.0
245581,Valhalla Martial Arts Kickboxing and Fitness,"Valhalla Martial Arts, Kickboxing And Fitness",2X7L-Q8enfS9ecSaIVaBaw,4.5,17,98.87640449438202
245585,Madison Nicole Design,Madison Nicole Design,hXHBCWgNu2gNXTJoeOWlOQ,5.0,9,100.0
245588,Nasif Hicks Harris & Co,"Nasif, Hicks, Harris & Co",FJhEvGx2yqJyup15xsB31A,4.5,6,95.83333333333334
245591,The Hungry Cat,The Hungry Cat,USVks6B2Xkf0WLmLIiXqMA,3.5,480,100.0
245592,Don Q Family Billard Center,Don Q Family Billiard Center,Xatkf0dry9ZCJMF-ivFSvg,4.0,17,98.18181818181819
245594,Elite Rooter Santa Barbara,Elite Rooter of Santa Barbara,PlC55NgQh3lpQD35JwLTDw,2.5,7,94.54545454545455
245597,Aldo's Italian Restaurant,Aldo's Italian Restaurant,MmN1qpG224QxOeq72DpN2g,3.0,311,100.0
245600,Noorsher Furniture & Rugs,Noorsher Furniture & Rugs,dF9K7pYw1TMT4Th8jXh61w,5.0,6,100.0
245605,Nema Roofing Solutions,NEMA Roofing Solutions,MRN0oVeSwONdZRk48bnoYQ,5.0,10,100.0
245607,TIAA Financial Services,Tremblay Financial Services,Lsobf10iNVfWUt3_PBIDyg,3.0,9,84.0
245608,Seige Law PC,Seige Law,Oin_BruaDr2wqonZ0Vy8zg,5.0,7,85.71428571428572
245613,One Carat Mani & Pedi,One Carat Mani & Pedi,KRzAUYNpg2AkU1ErQGsLbw,4.5,72,100.0
245614,Sushi Bar 29,Sushi Bar 29,bVaRZDHkWdsHuARGxxpREw,4.5,97,100.0
245617,FedEx Office Print & Ship Center,FedEx Office Print & Ship Center,5hJZe_v9Ax5GjXJCMQ9ijw,2.0,53,100.0
245636,Palazzio,Palazzio,z-9_8ot2TnKL9DX4k3MYMQ,3.0,345,100.0
245637,Santa Barbara Travel,Santa Barbara Travel,JZ1Vlmi-uGN8w5JNXEeHMw,4.5,15,100.0
245640,Vishal Wellness,Vishāl Wellness,l6ioOkbj97HQnfMLRR1b-g,5.0,6,93.33333333333333
245642,Radius Commercial Real Estate,Radius Commercial Real Estate,lM-W3n0-xhG4hpDSxKaOAw,4.5,5,100.0
245646,RBX Law,RBE Law,iAZPE_r7toYRAbzE4pYl4A,5.0,7,85.71428571428572
245647,Cheese Shop Santa Barbara,Cheese Shop Santa Barbara,sHpxBos5-7GNkaMDZ3fnGA,5.0,5,100.0
245652,Bella Rosa Galleries,Bella Rosa Galleries,jRUMx5_klPfszKmB9PmEgQ,5.0,48,100.0
245653,Tienda Ho,Tienda Ho,VEbHYioBfoPiIOWntE_DBA,4.5,34,100.0
245655,Hempwise,Hempwise,I1mKxV_Z6WBARNkSCWxu6g,4.5,5,100.0
245658,Hungry Cat,The Hungry Cat,USVks6B2Xkf0WLmLIiXqMA,3.5,480,83.33333333333334
245660,The Narrative Loft,The Narrative Loft,lTCoYu00AUV0SHxOa-XXBw,5.0,50,100.0
245663,Dune Coffee Roasters,Dune Coffee Roasters - Anacapa,-kY_HDP7IMvGl-kBIZVU4A,4.0,320,80.0
245664,DJ JAS Productions,JAS Productions,eWOFiCILPoctkbHv8DqzGw,5.0,73,90.9090909090909
245667,Apollo Painting and Construction,Apollo Painting and Construction,o4dnztmVHgzIqu1MuSPsXg,2.5,10,100.0
245672,Santa Barbara Vacation Rentals,Santa Barbara Vacation Rentals,5K-Rh9-pxrPCEp4wdlhiqg,3.0,16,100.0
245683,Santa Barbara Travel,Santa Barbara Travel,JZ1Vlmi-uGN8w5JNXEeHMw,4.5,15,100.0
245684,C'est Cheese,C'est Cheese,gdEZfd6RFXYmmXX71RDvbA,4.5,272,100.0
245688,Equinox Naturopathic Medicine,Equinox Naturopathic Medicine,PqL3vbxgvdqJdqQsYNN1ug,4.5,11,100.0
245689,Our Daily Bread,Our Daily Bread,bjhCtlYHrkgA5Ku8l-rB3g,3.5,106,100.0
245691,Santa Barbara Stringed Instruments,Santa Barbara Stringed Instruments,sMmFJd5KgJdeLGEVzvqf6A,5.0,5,100.0
245692,ALESSIA Patisserie and Cafe,Alessia Patisserie & Cafe ,WVNkMz4sEl35swjVtKHOFw,4.5,112,88.46153846153845
245693,Le Bon Cafe,Le Bon Cafe,NTWgjXi0ggOQnTOS1bTjEw,4.0,5,100.0
245698,Handlebar Coffee Roasters,Handlebar Coffee Roasters,PWWGbkPC_agn-4s1Hv1W5A,4.5,1048,100.0
245708,Santa Barbara Smog Shop,Santa Barbara Smog Shop,iigLynl9vDkg6OC2-mNNWw,5.0,83,100.0
245709,Kanaloa Seafoods,Kanaloa Seafood,k1XGvBoPAXdPoGC2W-f2aA,4.0,225,96.7741935483871
245715,Smog-It,Smog-It,qSSmaL8cAs0b_Ti1-eCJlg,3.0,41,100.0
245716,MOVE Santa Barbara County,Santa Barbara County Limousine,2VhnG5W9n0mp9eTr38nzVA,5.0,7,87.27272727272728
245719,Pro Garden Supply,Pro Garden Supply,u84km9tAwpr5xuTWsklgEg,5.0,22,100.0
245720,Your Place Restaurant,Your Place Thai Restaurant,O2lFAWD2WXXx5EKkzPutWQ,4.0,434,89.36170212765957
245721,McDonald's,McDonald's,jshnKTsnoXLSez5XD1qo7Q,2.5,56,100.0
245722,Oksana's Facials,Oksana's Facials,cFA-MpZW8KueETdWkPcn8Q,5.0,11,100.0
245723,Eller's Donut House,Eller's Donut House,mYofSuxrIrPS2Gjsu-ZI4w,4.5,47,100.0
245725,Your Place Thai Restaurant,Your Place Thai Restaurant,O2lFAWD2WXXx5EKkzPutWQ,4.0,434,100.0
245728,montecito event center,Montecito Event Center,S6FoPoVTohLoVS8uKtXJgQ,5.0,7,100.0
245730,H&R Block,H&R Block,4HMvO83RYKVWPMv6bwoLlg,2.0,13,100.0
245731,Salas Mobile Mechanic,Salas Mobile Mechanic,4g7eZD8PYvUEwROZeXxA-w,5.0,41,100.0
245732,A-OK Power Equipment,A-OK Power Equipment,Q7zOUnWQuNVnuCgC2q9HNg,2.0,14,100.0
245734,CNJ Nails & Spa,CNJ Nails & Spa,whfjh6HR5LwY4RpsXknTcg,3.0,49,100.0
245743,La Playa Pilates and Wellness Center,La Playa Pilates and Wellness Center,Tv-MNeXqRXUg7PKvpcD4vg,5.0,5,100.0
245744,Beautiful You,Beautiful You,aYcodGJ_8-VcwWHydXGwzA,5.0,14,100.0
245746,Andree Clark Bird Refuge,Andrée Clark Bird Refuge,vryDwc4Uj9QU1bukj8G3pw,3.0,11,95.83333333333334
245750,"Ronald B. Dinning, DMD","Ronald B Dinning, DMD",wzbq6UrOddYMt6amELzWvg,5.0,13,97.67441860465115
245753,Santa Barbara Sunrise RV Park,Santa Barbara Sunrise RV Park,ecapYwbEvmKHKAfsGA4tow,3.5,88,100.0
245754,Sherwin-Williams Paint Store,Sherwin-Williams Paint Store,lIpEyYdxc0xuThAJ6D1qIA,5.0,12,100.0
245759,Dreamscape Santa Barbara,Porsche Santa Barbara,3ZqShggSayVJ_OJ0DXpvHA,3.5,18,80.0
245761,Milpas Rental,Milpas Rental,FcT5E4EoNe6dUOPYkenSdw,4.5,9,100.0
245763,La Michoacana Premier,La Michoacana Premier,WVuSLF5tLVqMGMmj5pn7mw,4.0,30,100.0
245764,Little Caesars Pizza,Little Caesars Pizza,pUeTnGsnVi-H8RJ6prFFgw,2.0,24,100.0
245936,Rite Aid,Rite Aid,_o3AtnA941ClNRa8Rx7c-A,1.5,31,100.0
245769,Santa Barbara Paint Depot,Santa Barbara Paint Depot,BLBIC5LcGHNtVrofvol9Bw,3.5,7,100.0
245770,Transformative Bodywork,Transformative Bodywork,9siOf-TFHGFrsb9XqRi_Pg,5.0,14,100.0
245773,Percy Sales Events,Percy Sales Events,R8A21qfMOeYJRufxlo350A,5.0,17,100.0
245775,Brasil Stone,Brasil Stone,dGXnIfdT_8IJZbHF_-i-Sg,2.5,11,100.0
245777,Alston Face & Body,Alston Face & Body,3zxOOeLWsR4k7OrCv7bx7w,5.0,21,100.0
245778,Riviera Bar,Riviera Bar,sjWf71VmU5HIwqX8RGCLJw,4.5,22,100.0
245780,Walter Claudio Salon and Spa,Walter Claudio Salon,93NDI-c5l_lTizKOMyt2zw,3.5,103,83.33333333333334
245782,Tangonadas,Tangonadas,Kg71HUigI1rnY3UMFiLx0w,4.5,67,100.0
245783,Montecito Bancorp,Cos Bar Montecito,uWis-KTU95FrvtcgBnNI7w,3.5,10,82.35294117647058
245784,Santa Barbara Mobile Massage & Spa,Santa Barbara Mobile Massage & Spa,7vGqixcEe_4toOFU4BBARA,5.0,15,100.0
245785,Joe's Window Cleaning,Joe's Window Cleaning,3EgwZKw-Pj4mE-2G6yJtig,5.0,6,100.0
245790,Mail Box Express,Mail Box Express II,CR-vaZAG9xtZ6cYKS5ZvzA,5.0,12,91.42857142857143
245792,Santa Barbara Credit Solutions,Santa Barbara IT Solutions,NyqYpVVIbEQvz6zKE-Fyew,5.0,20,92.85714285714286
245796,Nancys Cleaning Services Of Santa Barbara,Nancys Cleaning Services Of Santa Barbara,PhG-1jmDaWxPMAQzjXg_Sw,3.5,34,100.0
245802,SUBWAY,Subway,Hqz96v1ymucUKNzIWfEKXw,3.0,5,100.0
245803,Santa Barbara Village,Villa Santa Barbara,lW6ai4Us51C-mFQkgiWpEQ,3.0,7,95.0
245815,Lilac Patisserie,Lilac Pâtisserie,hPzPpfSjgQkpWCD7YjcY-A,4.5,588,93.75
245822,Warbler Records & Goods,Warbler Records & Goods,RQWQ7FbKYpmirpi6OyIHcg,4.5,53,100.0
245825,ah juice organics,AH Juice Organics,GwtVBqKzW9j0zNQ7nYnT5g,3.5,115,100.0
245826,M. Manzo Construction,MAC Construction,dIYGIJtF9PGlrtSF8Os63Q,5.0,20,81.08108108108108
245827,Ah Juice Organic Cafe,AH Juice Organics,GwtVBqKzW9j0zNQ7nYnT5g,3.5,115,84.21052631578947
245828,Santa Barbara Contractors Association,Santa Barbara Cemetery Association,N5UlurP7vv-uz8zT3Jx_8Q,4.5,15,81.69014084507043
245830,Fish Window Cleaning,Fish Window Cleaning,t4pRiKo2ZW7bb9ikT5uxSw,4.5,8,100.0
245831,Reed Floors & Interiors,Reed Floors & Interiors,f1x-eHZeUf2fHVAQmWSdeg,4.0,14,100.0
245832,E-Bikery,E-Bikery,ghIZBi-vTJofv_dG7Fjz0Q,5.0,26,100.0
245833,Uncorked Wine Tasting and Kitchen,Uncorked Wine Tasting and Kitchen,8Lbz0hfE4MWzd7yDu9atBA,5.0,146,100.0
245835,Smardan-Hatcher Company,Smardan-Hatcher Co.,eXObTr9hH52hN51dkNKfXQ,3.0,5,85.71428571428572
245841,Casa de la Raza,La Casa De Maria,BensdYRuR-zra1g3nBJFXQ,4.5,12,83.87096774193549
245847,Fresh Coat Painters,Fresh Coat Painters,ZfkgUBO53otpEnQVMHkQBw,5.0,59,100.0
245849,Catering Connection,Catering Connection,dkknmgSHWyVaahT8u4ikZw,5.0,48,100.0
245850,Twenty-Four Blackbirds Chocolates,Twenty-Four Blackbirds Chocolates,alzPS7bo3yp3yystK62g2g,5.0,20,100.0
245860,Original - Santa Barbara Ghost Tours,Santa Barbara Ghost Tours,CoILk77I0S2x3w6qWRPqbQ,5.0,8,81.9672131147541
245861,Montecito Bank & Trust,Montecito Bank & Trust,sRCokMWcZKTbzfV5tgVXyg,1.5,7,100.0
245864,The Yes Store,The Yes Store,PP-4jwmHBF_U3Wox4Of4Dg,4.0,6,100.0
245870,Surf N Wear's The Beach House,Surf N Wear's Beach House,PsFQZqgJ_219iIi51PJPAg,4.0,45,92.5925925925926
245874,Riley's Flowers,Riley's Flowers,QVp5KhccY1vvjZIskif3uw,3.5,118,100.0
245880,MLK Committee of Santa Barbara,Oak Cottage Of Santa Barbara,Ws4D-2X4YR0X2kgaPZVrNA,4.0,10,82.75862068965517
245886,Santa Barbara Surveillance Company,Santa Barbara Shellfish Company,SZU9c8V2GuREDN5KgyHFJw,4.0,2404,80.0
245890,Origins Integrative Medicine,Origins Integrative Medicine,MdHjxZu4gvV7si2Calws8w,4.5,12,100.0
245891,Nancys Cleaning Services Of Santa Barbara,Nancys Cleaning Services Of Santa Barbara,PhG-1jmDaWxPMAQzjXg_Sw,3.5,34,100.0
245893,SANTA BARBARA,LF Santa Barbara,6zsdSFG86YXsgWK1wtU-3g,3.0,37,89.65517241379311
245894,Santa Barbara Fox,LF Santa Barbara,6zsdSFG86YXsgWK1wtU-3g,3.0,37,90.9090909090909
245895,Douglas A. Harlow: Allstate Insurance,Allstate Insurance: Douglas A. Harlow,ugmDxZ5Pc7SAXSOHOBAytw,3.5,9,97.2972972972973
245896,Stephen Penner Law Office,Law Offices Of Stephen E Penner,VU3CQfpKd5Ac0QrONocZ4w,4.5,9,89.28571428571429
245899,Salon 805,Salon 805,brb2LwSc0LO9VJe4MABDNg,3.0,20,100.0
245902,Lobero Theatre,Lobero Theatre,GOLv5fd9qD3fFEquDgVIug,4.0,36,100.0
245905,US Post Office,US Post Office,drHADXmuEUHWCGQg2qmBQg,4.5,6,100.0
245909,Santa Barbara Historical Museum,Santa Barbara Historical Museum,eWO0JDuHUwaTaT_bDMPLRw,4.5,35,100.0
245911,AB design studio,Design Studio MZ,bBl2LeT1nFCrq9fvTVe2jQ,4.0,6,81.25
245912,Santa Barbara Design Center,Santa Barbara Design Center,jQzW5TzidnTC_aU9nGFYHg,4.5,35,100.0
245915,Rose Cafe,Rose Cafe,eFn-8QlFGdkT_B-bWigtFQ,4.0,115,100.0
245916,Santa Barbara Overhead Door,Santa Barbara Overhead Door,YDRRBC9ykIIs4XZk4q6tvg,4.5,32,100.0
245920,Coastal Debt Collection,Coastal Collections,tvFXh_oAfNTP-ikGah1NFw,5.0,7,85.71428571428572
245921,Iron Horse Auto Body,Iron Horse Auto Body,nUqrF-h9S7myCcvNDecOvw,4.5,32,100.0
245922,Tech Doctors - Santa Barbara,Tesla Motors - Santa Barbara,E0nw-XFYeMXT8zKodRnLeA,4.5,49,85.71428571428572
245928,Carl's Jr.,Carl's Jr.,FYc3iwBUhGhxJAtJ6oRvJQ,2.5,10,100.0
245929,Santa Barbara Plaza,LF Santa Barbara,6zsdSFG86YXsgWK1wtU-3g,3.0,37,85.71428571428572
245930,Eyeglass Factory,Eyeglass Factory,6BMWwdBZ3QY8riECCI5eIg,4.5,72,100.0
245931,Santa Barbara Monumental Co,Santa Barbara Dental Care,JgSTUp2pz0b0I6uxXQKnVw,4.0,47,80.76923076923077
245932,Sprouts Farmers Market,Sprouts Farmers Market,t5igEXKZt4CMtA2FX-GoGA,4.0,21,100.0
245937,Outrageous Photo Booths,Outrageous Photo Booths,X41kJ-jXXrk-hu73dCPgJA,5.0,22,100.0
245938,BStudios,Studio B,rYN_tYzdhC8xhsupYGoVTg,5.0,32,87.5
245941,Summit Gasoline,Summit Gasoline,tUpS1ztCfz7Q13-ZL-lCIQ,2.5,5,100.0
245944,Santa Barbara Trophy & Engraving,Santa Barbara Trophy & Engraving,4oZfP4bquOb9MX0KRgzVrA,5.0,8,100.0
245945,Aqua-Flo Supply,Aqua-Flo Supply,Et1epQdqO_P1zVyIqMsVcQ,4.5,7,100.0
245949,Jeff Peppard Inc,Peppard Jeff DDS,Apquu3Jv4saxr0UKd8pCTQ,3.0,24,81.25
245953,Petco,Petco,raoPXXnwEZugf9FDXzfHrA,3.0,30,100.0
245954,Luis Landscape and Maintenance,Casa Landscape Maintenance,HyuVFOdV2vkxFxMwQugjsg,3.0,6,82.14285714285714
245956,Visiting Nurse & Hospice Care,Visiting Nurse & Hospice Care,Vr2_7HRJbY-IOezXTouSzg,4.5,7,100.0
245959,Wildwood Kitchen,Wildwood Kitchen,scH9yupjqMr-XP3bzJGY0A,4.0,218,100.0
245960,Potek Winery,Potek Winery,sBxbAv4TEjGZiLmPlnxrbQ,4.5,33,100.0
245962,"Ferguson Bath, Kitchen & Lighting Gallery","Ferguson Bath, Kitchen & Lighting Gallery",YUrMj0-zS7jejLHEfPF-VA,3.0,15,100.0
245963,Santa Barbara Stoneworks,Sears Santa Barbara,m1Z74PzxN8zFQlcfBI0qVg,2.0,51,83.72093023255813
245964,Santa Barbara Stone & Masonary,Santa Barbara Stone & Masonry Supplies,4M0sVKEh60Gzjb_Jv2n-Ug,2.5,9,85.29411764705883
245968,The Mill,The Mill,aYMpjij5ShtEoZueMrQPRw,4.0,5,100.0
245971,iD Works,iD Works,ounNupatqSOAuXuweSeqOA,5.0,10,100.0
245972,Haik's German Autohaus,Haik's German Autohaus,Ys_XDFY5uMMUDnrJxABDHw,4.0,36,100.0
245973,Santa Barbara Towing,Santa Barbara Towing,7wN5USDIbOOuA87EEyqJhA,2.5,24,100.0
245980,Intermezzo by Wine Cask,Intermezzo By Wine Cask,PPcz-0UtIJ8O7xDT551y2g,4.5,141,100.0
245982,Good Cup,Good Cup,wuzoQhym6ll3fjAiVgIJbw,3.5,109,100.0
245983,The Dress,The Dress,yMXgFFx-KjmT_QItAuk_Ew,5.0,71,100.0
245986,Italian Pottery Outlet,Italian Pottery Outlet,HnJYNGsFWzcW0NCD9vAAiw,4.5,28,100.0
245989,Viva Oliva,Viva Oliva,rlh6-MqKplp6DE42aRuS6w,5.0,20,100.0
245995,Unique Tan,Unique Tan,rQQPHtz05Y4hnDxY6kljFw,3.0,10,100.0
246000,Exclusive DUI Defense,Exclusive DUI Defense,N2jrh0i71rxUNcimuXj2Eg,4.5,12,100.0
246001,Opal Esthetics,Alma Aesthetics ,3Y8bjGa7yUCclrHGM9TA3g,5.0,5,82.75862068965517
246002,Roy,Roy,tyt3pz0x3ZB8GXsSx1a9Aw,4.0,251,100.0
246005,Pathways to Natural Health,Pathways to Natural Health,9tre38I5Rsz2Lkx-EASg3Q,3.5,11,100.0
246008,Creamistry,Creamistry,sLfc9_WCN0lcTeUIA3X2og,4.0,153,100.0
246011,Dynamic Healing Therapies,Dynamic Healing Therapies,K_opOIdhUkUNeJkFB_dQRQ,5.0,16,100.0
246026,Santa Barbara Therapy Collective,Santa Barbara Collective,D5eQp0MHzKNfMVvOCoREWg,4.0,8,85.71428571428572
246027,Harris Personal Injury Lawyers,Harris Personal Injury Lawyers,lPz2WIJ488KiUXYZoS0jqQ,5.0,17,100.0
246030,Brandy Melville,Brandy Melville,UBiZwYMRHvshyZbKcFzNRQ,2.5,40,100.0
246032,Barefoot Boutique,Barefoot Boutique,UZuR9Or3vj0Xy4zeLHM7KA,3.5,5,100.0
246033,Organic Aesthetics,Organic Aesthetics,bGZeYIrgClowHkdLPUoj5A,5.0,8,100.0
246034,Nina Lafuente Waxing,Nina Lafuente Waxing,bNSiPOsJ299IVT97u7TeUQ,5.0,42,100.0
246035,Nina Lafuente Waxing,Nina Lafuente Waxing,bNSiPOsJ299IVT97u7TeUQ,5.0,42,100.0
246039,Santa Barbara Foundation,Honda of Santa Barbara,WbmY1I8rZNUqQz4ksnEMzw,3.0,10,82.6086956521739
246046,El-Asyouty Sherif MD,El Asyouty Sherif MD,sRnin9DQOizmonQ2NugLww,1.5,10,85.0
246054,Beauty By V Hair Studio,Beauty By V Hair Studio,JOk_DOe-UUs7NxkEglNvKw,4.0,5,100.0
246057,Santa Barbara PC Tech,Santa Barbara PC Tech,STMmqr8liHiphy18PQIUsg,4.5,11,100.0
246062,Woolfolk's Refinishing,Woolfolk's Refinishing,iiJE62zfvy2gYtD-77Av8w,4.5,5,100.0
246064,Santa Barbara Modern Home,HOME Santa Barbara,qO9dNNIvNbCBd8ZgjxMxgQ,4.5,13,83.72093023255813
246067,Ally Detail,Ally Detail,V4zFdsULzaRFJmOyQsiH_Q,5.0,155,100.0
246070,NAMI Santa Barbara,Santa Barbara Nails,GctpGtQPijpg3uTjzOrafQ,4.0,30,91.89189189189189
246071,Mental Wellness Center,Wellness Therapy Center,eYUnC19--nnv0cpVO9CBgw,4.5,16,80.0
246072,AM Fitness,AC4 Fitness,8Djd_JrAL7wQUKA1CAvM7A,4.0,31,85.71428571428572
246079,Hummingbird Wine Tours,Hummingbird Wine Tours,5TCv4LXYmYCRT_yDEPXIpw,5.0,5,100.0
246081,EcoLawn SB,EcoLawn,jbDa3HdU-9u0_U_GvKrlMA,5.0,43,82.35294117647058
246082,La Casa De La Raza,La Casa De Maria,BensdYRuR-zra1g3nBJFXQ,4.5,12,82.35294117647058
246087,East Beach Ventures,East Beach Rentals,z1l6bkziy4Hf5NQ6S5cTzA,4.5,11,81.08108108108108
246088,Santa Barbara Taxi,Santa Barbara Taste,hLJxo7JnM3Pl_xFJYXbFZw,5.0,48,86.48648648648648
246094,Doug Ellis Photography,Doug Ellis Photography,reOkg7KZQQjXbIqBO0GsTw,5.0,34,100.0
246095,Metropolitan Fiesta 5 Theatre,Metropolitan Fiesta 5 Theatre,Iy-wu0TDX50r2DlgbOwAJw,2.5,27,100.0
246096,Madame Rosinka's Intuitive Readings,Madame Rosinka’s Intuitive Readings by Gina,obQDNdz0aUynbz60MxtWqQ,4.5,10,87.17948717948718
246105,Saks OFF 5TH,Saks OFF 5TH,JWyBKuDjc1tKP4DZXVEnpg,3.0,31,100.0
246106,Santa Barbara Farmers Market,Santa Barbara Fish Market,sor6oj-nuslOcSx7di4urA,4.0,327,86.79245283018868
246107,The Tent Merchant,Tent Merchant,fE0TC_zj0s_2h5ZMBrmGmw,4.0,36,86.66666666666667
246109,The Law Office of Stephen E. Penner,Law Offices Of Stephen E Penner,VU3CQfpKd5Ac0QrONocZ4w,4.5,9,90.9090909090909
246110,Dan Marchiando - Paragon Mortgage Group,Dan Marchiando - Paragon Mortgage Group,CJZy9WvbnFwp_hiS7rmHvA,5.0,6,100.0
246117,Valle Verde,Valle Verde,MJ4LjLtqTUhN0-TKHZEJYA,3.0,17,100.0
246119,COGOP Santa Barbara,Santa Barbara Dojo,x3bLTM7G6bX0rJlzmpw5JA,5.0,52,86.48648648648648
246125,CB Paint and Decor,CB Paint and Decor,KljrL5FaFd9fedx3eL6Qsg,5.0,5,100.0
246132,Underground Hair Artists,Underground Hair Artists,Q8So7F6LuHCh2UGCbWkpMw,4.5,140,100.0
246133,hidden city studios,Hidden City Studios,mSIk7UFW6Z4_HvGagYSJaw,4.0,5,100.0
246135,Savvy on State,Savvy On State,fvvcazqU4YeWyRaagMF5pw,2.0,9,100.0
246137,Forever 21,Forever 21,A2-SK2Y9rC7fsDDL56QB7Q,2.5,47,100.0
246140,Wine Cask - Santa Barbara,Santa Barbara Winery,uBvHmZ7BMT8JW5kxgimPWg,4.0,410,80.0
246141,Jill's Place,Jill's Place,kbWKwvLXfJm5sLVfw-Foww,4.0,325,100.0
246150,Santa Barbara Sparkling Spa,Santa Barbara Wine Spa,xnoeontD7V5krlmK8pk0JQ,4.5,33,81.63265306122449
246153,Color Services,Color Services,oibmEJGNnI_1-fZQ1sxMWA,4.5,34,100.0
246154,Avis Car Rental,Avis Rent A Car,DuzZ68TZWlQ3mALJZ0ASVQ,3.5,19,86.66666666666667
246155,Santa Barbara Locksmiths,Santa Barbara Locksmiths,o1-760NFJUlIPppBeF40Vg,3.5,42,100.0
246156,Auto Body & Paint Action,Anacapa Auto Body & Paint,4fhN8dEgPxZu9y96PI_Mkg,5.0,52,81.63265306122449
246157,Tint Designs,Tint Designs,CLwdWq1tW90AjgozNsBTFA,5.0,24,100.0
246159,Santa Barbara Home Improvement Center,Santa Barbara Home Improvement Center,Chu4vK5Wt0WTLvIkiLETjg,3.5,110,100.0
246161,Tent Merchant,Tent Merchant,fE0TC_zj0s_2h5ZMBrmGmw,4.0,36,100.0
246173,World Famous El Paseo Mexican Restaurant,El Paseo Mexican Restaurant,DqVpNtgFCP47n6frh-LREA,3.5,262,80.59701492537313
246174,Santa Barbara Catholic Chapel,Calvary Chapel of Santa Barbara,exuaio1ovuII_EW63gmuRA,5.0,7,80.0
246176,La Paloma Cafe,La Paloma Cafe,4FdsX3MbkcdBRAr1aymF6A,4.5,77,100.0
246177,Silver Wines,Silver Wines,6wPNzf-HzS-TDt6CjI_LSg,4.5,22,100.0
246179,Tilly's,Tillys,yGB3lfj2n9L2Wgo_ieDEqg,3.0,7,92.3076923076923
246181,Gold's Gym,Gold's Gym,LsFLAV2Sfq_DaRjDaI8LRA,3.5,39,100.0
246182,Cowboys & Angels Salon,Cowboys and Angels Salon,XLbh-HlT8Hgh9VTvVZJrTw,5.0,17,91.30434782608697
246183,Novo | Salon | Santa Barbara,Santa Barbara Salon,ZGTTTKEclsnoAPghqOaE5w,4.5,146,80.85106382978724
246184,Dear Diary,Dear Diary,iWq0hg3GweTIlPuqowOwQg,3.0,29,100.0
246185,Santa Barbara Festival Ballet,Santa Barbara Festival Ballet,KvsrrnqHNJ0Cu_cri9N0Kg,4.5,5,100.0
246186,Santa Barbara Sea Charters,Santa Barbara Skin Care,91JU8CoYaIAFEaoyZbPcDA,3.0,41,81.63265306122449
246189,Cage,Cage,UOyCQ7fufo5CXAboi62aJQ,3.0,18,100.0
246199,Marshalls,Marshalls,QDj4DXLgJWWaPDy4aCu55A,3.5,34,100.0
246202,Infinite Beauty,Infinite Beauty,kGaPh3zNKalTjtDG69bcNQ,5.0,8,100.0
246208,Movegreen,Movegreen,8cep0_812ftdvVZcU2hv1w,4.5,128,100.0
246211,Plum Goods,Plum Goods,LBtAYvdJtLRugUY3NWUxng,4.5,64,100.0
246213,El Paseo Restaurant,El Paseo Mexican Restaurant,DqVpNtgFCP47n6frh-LREA,3.5,262,82.6086956521739
246214,Namaste,Namaste,lwiHyuh_Maws-my4zZwFkQ,4.5,8,100.0
246219,Starbucks,Starbucks,KiE0h68HGOO7ZXAqkMBdiw,2.5,35,100.0
246227,Italian Pottery Outlet,Italian Pottery Outlet,HnJYNGsFWzcW0NCD9vAAiw,4.5,28,100.0
246228,Saunders Law Office,Saunders Law Office,hdkbH5JMKB8QYkEjl0mLZg,5.0,5,100.0
246233,MTD Transit Center,MTD Transit Center,3ltmlZnGkqWKb8UBRsL1eg,2.0,13,100.0
246234,Santa Barbara County Bar Association,Santa Barbara Cemetery Association,N5UlurP7vv-uz8zT3Jx_8Q,4.5,15,82.85714285714285
246235,Downtown Waterfront Electric Shuttle,Downtown Waterfront Electric Shuttle,-JvB2PUfqNRjJZRgRpvWGg,4.0,15,100.0
246237,Au Bon Climat Winery,Au Bon Climat Winery,mwsA08gpaEALG3C1ZI4ktw,4.0,82,100.0
246238,Dalgenes Interiors,Dalgenes Interiors,hQfYVwieUBZSH2fVkpiuQg,4.0,9,100.0
246244,Float Luxury Spa,Float Luxury Spa,NsyU7HYnx6U6m2OygjiYyg,4.5,256,100.0
246249,The Mill,The Mill,aYMpjij5ShtEoZueMrQPRw,4.0,5,100.0
246250,Third Window Brewery,Third Window Brewing,CWdCNIJU4Kh480NV9dgQjw,4.5,183,85.0
246251,Brasserie Solera,Brasserie Solera,opcGJ-lCNTLhRRuGxVkCnw,4.0,20,100.0
246252,Potek Winery,Potek Winery,sBxbAv4TEjGZiLmPlnxrbQ,4.5,33,100.0
246256,Art From Scrap,Art From Scrap,xbNv_7AM-ApV1dxEg24EoA,4.5,28,100.0
246258,Alano Club of Santa Barbara,Santa Barbara Golf Club,AgTPBMMz2Cmn11lbPe3K8A,3.0,40,84.0
246262,MarBorg Industries,MarBorg Industries,vPpaMhawb-Dm8sVbjy6w3w,3.0,16,100.0
246266,Lumber Liquidators Flooring,Lumber Liquidators,0MYuqN68x8uHcOR3_08wSg,4.5,12,80.0
246267,Wells Fargo ATM,Wells Fargo Bank,mo3qhcagUPSwdqmkd-o-Hg,2.5,14,83.87096774193549
246268,Santa Barbara Cemetery,Optometry Care Santa Barbara,dO8mWdDY04Bxejg2AQ6mew,4.0,37,84.0
246273,Santa Barbara Zoo,Santa Barbara Zoo,sjm9TFtN69KrVsgajcL2Pg,4.0,681,100.0
246277,Santa Barbara Art Glass,Santa Barbara Art Glass,xuhCaQ1gnWyHY0tFSsrh2g,5.0,204,100.0
246282,Hayward Lumber,Hayward Lumber,Sqzpk3B4f6L7-oDQk4_66A,3.0,5,100.0
246283,CrossFit Pacific Coast,CrossFit Pacific Coast,rhheskPIwp1N8wK6Vc0ONQ,5.0,36,100.0
246286,Higgins Muffler & Brake,Higgins Muffler & Brake,_9bC6VOnthnpY4CIvCEkAg,4.0,33,100.0
246288,Happy Canyon Vineyards,Happy Canyon Vineyard,4dF9bWpFOKGiFmL3tFmvbQ,4.0,69,97.67441860465115
246292,Cali-Forno Pizzeria,Cali-Forno Pizzeria,IXQH9-nnTWZFgBF0V3MH-A,4.0,16,100.0
246294,Genuine Chiropractic,Genuine Chiropractic,2WqgRavKxc-0OYyG-a3Rmw,5.0,5,100.0
246295,Divinitree Santa Barbara,Furniture Santa Barbara,AusVlhFvpPUtTtJ8CF5zbQ,3.5,5,80.85106382978724
246298,Gold Elements,Gold Elements,ladxqE09XhO3irbWWbHdgw,2.5,5,100.0
246299,805 Rolfing and Massage,805 Rolfing and Massage,la6QlISZ0karI-TBNnkZmQ,5.0,50,100.0
246301,Kimpton Canary Hotel,Kimpton Canary Hotel,gkwSfsu1bxyTzTY3XCW0DA,4.0,481,100.0
246303,Kimpton Canary Hotel,Kimpton Canary Hotel,gkwSfsu1bxyTzTY3XCW0DA,4.0,481,100.0
246304,Santa Barbara City TV,City of Santa Barbara,VafFgSte05Q2erUYIxINSQ,4.0,72,85.71428571428572
246306,Grassini Family Vineyards,Grassini Family Vineyards,S8saWaZlToeNoloR2fMrAQ,4.5,161,100.0
246308,Sol Seek Yoga Studio,Sol Seek Yoga Studio,xnHscNRBOXYdiBifcVa4eA,4.5,63,100.0
246309,Polar Bear,Polar Bear,lNWjZchYi5YKxwOIRAszKQ,5.0,6,100.0
246313,Polar Bear,Polar Bear,lNWjZchYi5YKxwOIRAszKQ,5.0,6,100.0
246315,Santa Barbara Walking Tours,Santa Barbara Towing,7wN5USDIbOOuA87EEyqJhA,2.5,24,85.1063829787234
246316,Divine Yoga Studio Santa Barbara,Iyengar Yoga Studio of Santa Barbara,fqm8MD9mJycpD9Lk7szjng,3.5,5,82.35294117647058
246318,Finch & Fork,Finch & Fork,-FM4CxOg4XXmX_Ebky_SiQ,4.0,1405,100.0
246319,Santa Barbara Coast,Santa Barbara Gas,7YNFCvQcWMVYMAWbKSBDMg,3.0,19,88.88888888888889
246320,Charles Schwab,Charles Schwab,fGTync1-a8lQB2bTOINYIA,3.5,7,100.0
246321,Jamie Slone Wines,Jamie Slone Wines,QBNATcq7Stx9LxcSq16W7w,4.5,210,100.0
246323,Bank of America Financial Center,Bank of America Financial Center,JWvEFTjToXfHWV4YMWQegg,2.0,15,100.0
246325,Happy Canyon Vineyard,Happy Canyon Vineyard,4dF9bWpFOKGiFmL3tFmvbQ,4.0,69,100.0
246327,Santa Barbara City Clerk,Santa Barbara City College,94VEqr73aUrj6LnJfvfeAw,4.0,35,88.0
246329,State of California,California Pasta,2bxZhBk8JZkJ1GqfTB0cUQ,3.5,287,80.0
246330,Santa Barbara Fasteners,Santa Barbara Barbers,c6P7VRcWhdJz4bMBZDvsNA,4.0,12,81.81818181818181
246334,Anacapa Plumbing,Anacapa Plumbing,l7tXTDmcYR6jeYwZ3NhOIA,4.5,96,100.0
246337,Adams Printing & Graphics,Adams Printing & Graphics,rwsVxJqln-0HZFg1zxWtwQ,4.5,7,100.0
246345,Insulate SB,Insulate SB,i_Cf7_P_VnPubHkWshL4KA,5.0,6,100.0
246346,101 Deli,101 Deli,LsniEK_m_Jbj7JMbT4eRxQ,4.5,28,100.0
246347,VCA Care Specialty and Emergency Animal Hospital,VCA Care Specialty and Emergency Animal Hospital,rjeH0b1F7qj2gxxOO8vzYA,3.5,94,100.0
246348,Santa Barbara Locksmiths,Santa Barbara Locksmiths,o1-760NFJUlIPppBeF40Vg,3.5,42,100.0
246350,Crossfit Pacific Coast,CrossFit Pacific Coast,rhheskPIwp1N8wK6Vc0ONQ,5.0,36,100.0
246352,Los Tarascos Bakery and Deli,Los Tarascos Bakery and Deli,8JzURExziDYuCrd7Ve9nDQ,4.5,44,100.0
246354,Budget Car Rental,Budget Rent A Car,nhQswQDj-7YtK2YRndFrng,4.0,5,88.23529411764706
246359,Forever 21,Forever 21,A2-SK2Y9rC7fsDDL56QB7Q,2.5,47,100.0
246361,Hidden City Studios,Hidden City Studios,mSIk7UFW6Z4_HvGagYSJaw,4.0,5,100.0
246362,Figueroa Complete Auto Care,Figueroa Street Complete Auto Care,9FrFHY2dwkDKhddGxpx36w,4.5,75,88.52459016393442
246364,Figueroa Street Complete Auto Care,Figueroa Street Complete Auto Care,9FrFHY2dwkDKhddGxpx36w,4.5,75,100.0
246368,Santa Barbara City Hall,City of Santa Barbara,VafFgSte05Q2erUYIxINSQ,4.0,72,86.36363636363636
246369,City of Santa Barbara,City of Santa Barbara,VafFgSte05Q2erUYIxINSQ,4.0,72,100.0
246373,SeaVees,SeaVees,YP7dUMVSmUE8xt-QH6M1aA,5.0,12,100.0
246374,Bryant and Sons,Bryant & Sons,wtEgueguwMSfHsmuFnS42w,4.0,36,85.71428571428572
246378,Rite Aid,Rite Aid,_o3AtnA941ClNRa8Rx7c-A,1.5,31,100.0
246383,Sur La Table,Sur La Table,1BT287ZmdIWGVoGCIJ68iw,4.0,23,100.0
246384,The Blue Owl,The Blue Owl,bp482wqF6v80AltDNlPDfw,4.5,530,100.0
246385,H&M,H&M,noByYNtDLQAra9ccqxdfDw,3.0,24,100.0
246386,Grassini Family Vineyards,Grassini Family Vineyards,S8saWaZlToeNoloR2fMrAQ,4.5,161,100.0
246398,CosmoProf,Cosmoprof,cUXuZ3BR4IBuHbHKn9KfEw,3.0,6,100.0
246399,Avis Car Rental,Avis Rent A Car,DuzZ68TZWlQ3mALJZ0ASVQ,3.5,19,86.66666666666667
246401,Santa Barbara Home Improvement Center,Santa Barbara Home Improvement Center,Chu4vK5Wt0WTLvIkiLETjg,3.5,110,100.0
246404,Taylor Electric,Stover Electric,whradiY4jl1Sg4DZ1Xe-kQ,4.5,15,80.0
246408,East Beach,East Beach,3UhSCgqvl444e4j3l4HXyQ,4.5,58,100.0
246409,Cabrillo Bike Path,Cabrillo Beach Bike Path,EqM41ApPw8zZF1CJsLLrhA,5.0,5,85.71428571428572
246417,Panaderia Veronica,Panaderia Veronica,DdD7j67fu8kM6DkvY4JCIA,4.5,26,100.0
246418,Tina's Nail Salon,Tina's Salon,FlmRcGv-PrBuRlnv20p_lw,3.5,106,82.75862068965517
246424,Granny's Garage,Granny's Garage,q4oXv_YMmrZ_4l57A4fx9A,4.5,28,100.0
246425,Stewart's De Rooting & Plumbing,Stewart's De Rooting & Plumbing,-06ngMH_Ejkm_6HQBYxB7g,4.0,25,100.0
246428,Mission Harbor Behavioral Health,Mission Harbor Behavioral Health,rKh6GLHoyK7A044sVf6Jsw,4.0,5,100.0
246429,Lemos Feed & Pet Supply,Lemos Feed & Pet Supply,hjyII_vOD7HvEiY1xHrikg,4.5,20,100.0
246434,Pacific Crepes,Pacific Crêpes,ZKi4F9BlA46rLvLyeIE3VA,3.5,252,92.85714285714286
246435,Lost Horizon Bookstore,Lost Horizon Bookstore,shABaXkhIW1Xg7Uoo4Hj9w,5.0,13,100.0
246438,Layla Threading,Layla Threading,dKAu4j6GskdIvyiBy9QFhw,2.5,13,100.0
246439,T-Mobile,T-Mobile,HykUZW1jphAnGR259fPLyg,2.5,19,100.0
246443,Salt Cave Santa Barbara,Salt Cave Santa Barbara,7ephR-Pbwyfz9F3GQn4r8w,4.0,466,100.0
246446,Santa Barbara Farmers Market,Santa Barbara Fish Market,sor6oj-nuslOcSx7di4urA,4.0,327,86.79245283018868
246449,Pinkberry Santa Barbara,Ivy Santa Barbara,pzAEZqrFKz3r0RJt82YwZw,4.5,12,80.0
246450,California Pasta,California Pasta,2bxZhBk8JZkJ1GqfTB0cUQ,3.5,287,100.0
246453,Nordstrom Ebar Artisan Coffee,Nordstrom Ebar Artisan Coffee,FSWJmMXXKAXdL6mrc-DzBQ,4.5,21,100.0
246454,Marketplace Café,Marketplace Cafe,uJc9lKaxLNBZch866x4_pA,4.0,47,93.75
246456,Modern Laundry,Modern Laundry,im35mq8Fz1VZfYu4j7NqNg,4.0,86,100.0
246460,Santa Barbara City Fire Department,Santa Barbara Police Department,PTGq3QNcnOfcddz35Wq5HQ,2.0,25,83.07692307692307
246462,Santa Barbra Singles,Santa Barbra Singles,R18GV-QMjios1eXzXZS3AQ,1.5,13,100.0
246463,Gala Restaurant,Maeda Restaurant,i3pBufSYEgx3_nLxxRrtGg,3.5,6,83.87096774193549
246464,Truong & Company Jeweler,Truong & Company Jeweler,oDnnlCOYpkMZwOv0oFSp4A,5.0,58,100.0
246467,Sushi Tyme,Sushi Tyme,XwnkfMUiyH-OsJXbmbOK5g,3.5,155,100.0
246469,33 Jewels,33 Jewels,s_unpSeR066EBOLVquoWGQ,3.5,45,100.0
246470,Starbucks,Starbucks,KiE0h68HGOO7ZXAqkMBdiw,2.5,35,100.0
246471,CAJÉ Coffee Roasters,Cajé Coffee Roasters,r_UPGh9GHMyBhPVMKVxRuw,4.5,36,100.0
246473,Papyrus,Papyrus,jnwvVUnLFlUwnflFoRAd6g,4.0,5,100.0
246474,Oakberry Acai Bowls and Smoothies,Oakberry Açaí Bowls and Smoothies,NORF647ibBQ4U-VNMgzSLg,4.5,77,84.84848484848484
246482,Shell,Shell,FVu6kUpm_e8jj6pPj_DwvQ,2.5,14,100.0
246490,Lovebird Boutique and Jewelry Bar,Lovebird Boutique & Jewelry Bar,mfmG6_5QSfYPf6iaWsMY4Q,4.5,19,93.75
246491,La Paloma Cafe,La Paloma Cafe,4FdsX3MbkcdBRAr1aymF6A,4.5,77,100.0
246494,Rejuvenation Spa & Nails,Rejuvenation Spa & Nails,uaiO5FEJvzhZrEs0ILYNZw,3.5,57,100.0
246496,Better Body Sports,Better Body Sports,TnN6TVmwCdfYccb10lCwSg,5.0,8,100.0
246497,Paradise Cafe,Paradise Cafe,29YqJwOGEuAWqlHZxMc1OA,3.5,290,100.0
246500,Visit Santa Barbara,Villa Santa Barbara,lW6ai4Us51C-mFQkgiWpEQ,3.0,7,84.21052631578947
246501,Santa Barbara Film Commission,Mission Santa Barbara,2yHl6wl1iFa_Jo_SZcmSuw,4.0,321,84.0
246510,Cory Motors,Cory Motors,EPjWfixb8L_Kmn6_KR0wjg,4.0,26,100.0
246519,Banc of California,Banc of California,m8AFhwVg0iIWI532XP_hyw,4.5,11,100.0
246522,Occhiali Fine Eyewear,Occhiali Fine Eyewear,Azon0KH1iGFfcQkpsQ5U8Q,5.0,16,100.0
246529,Agápe Films,Agápe Films,QSFlM9BRZmWnHoOyhgrDsg,5.0,26,100.0
246534,Coast Plumbing,Low Cost Plumbing,vebWprx6VYzlKoH1Gp1X3g,4.0,13,83.87096774193549
246541,Infinite Beauty,Infinite Beauty,kGaPh3zNKalTjtDG69bcNQ,5.0,8,100.0
246542,Santa Barbara Newcomers,HOME Santa Barbara,qO9dNNIvNbCBd8ZgjxMxgQ,4.5,13,82.92682926829268
246545,Fuel Depot,Fuel Depot,Vb-9SshcFWWDNcLYgCAtkw,2.5,6,100.0
246546,The Point Market,The Point Market,GmOfZHgU9fm75f1nmVZnNA,3.5,7,100.0
246549,Iko Design Studio,Design Studio MZ,bBl2LeT1nFCrq9fvTVe2jQ,4.0,6,84.84848484848484
246551,Baron Erik Spafford Photographer,Baron Erik Spafford Photographer,mDrHKkEQdsnYBjqo9y940w,5.0,20,100.0
246555,Aloe Dermatology,Aloe Dermatology,1pUKh_QrfDBx07wYlka3RA,4.0,28,100.0
246567,West Covina Wholesale Nursery,West Covina Wholesale Nursery,CdnepzpM7Dgne235YI_OyA,5.0,6,100.0
246584,Recreation Center,UCSB Recreation Center,dSH7t37AJxHIpdkTY93Kyg,4.0,16,87.17948717948718
246594,San Andres Hardware,San Andres Hardware,S6rI1Tuw7YwpWipj32I1jA,3.5,36,100.0
246597,The Alchemy of Beauty,The Alchemy of Beauty,NVMLtimFWtNqN96naf5Q4g,4.0,34,100.0
246598,Alchemy Of Beauty.,The Alchemy of Beauty,NVMLtimFWtNqN96naf5Q4g,4.0,34,87.17948717948718
246604,SBNC Westside Neighborhood Clinic,SBNC: Westside Neighborhood Clinic,t2qmtDrWqSMurJw-U-sMLQ,4.0,16,98.50746268656717
246607,Stirling Moving and Storage,Stirling Moving and Storage,PvIApbI6RieHTXiDIRyV7Q,4.5,22,100.0
246609,Mesa Painting,Mesa Painting,ts7SZg4hcu4FnH-byvT1WQ,4.5,51,100.0
246615,Tino's Italian Grocery,Tino's Italian Grocery,T9I4G6Or3sAbyYmB7c23hw,4.5,96,100.0
246623,Transformational Abdominal Massage By Jada Delaney,​​Transformational Abdominal Massage by Jada Delaney,IumeSIqW3DZ_bgrqgSy6jg,5.0,11,98.0392156862745
246624,Santa Barbara Contemporart Art,Museum of Contemporary Art Santa Barbara,zGjpbVApADyoHCNJbcBh-w,3.5,11,82.85714285714285
246626,Lovewater Surf School,Lovewater Surf School,iiTApETRW5Ksl5m1MUGRug,5.0,28,100.0
246632,MAC Cosmetics,MAC Cosmetics,VvH45E73s0sln00rUhhYGg,4.0,41,100.0
246635,FG Beauty Boutique,Glow Beauty Boutique,KXVC9UqRtRxRvLOn6pVBYw,5.0,33,89.47368421052632
246638,Jay Farbman Photography,Jay Farbman Photography,zBm5JVv5wjKcSXqpHG7rTg,5.0,7,100.0
246644,Blenders In The Grass,Blenders In the Grass,dQ6d9H7rnFSOSC_FXbJ_FQ,4.0,50,100.0
246645,Viva Santa Barbara,Villa Santa Barbara,lW6ai4Us51C-mFQkgiWpEQ,3.0,7,91.89189189189189
246649,Foot Locker,Foot Locker,xMk5aDGssTj3LjxRWybxrg,3.0,19,100.0
246657,Press Room,The Press Room,jnDN1GNUqS1Zo5y8sStmbg,4.0,111,83.33333333333334
246661,Karen's Kleaning,Karen's Kleaning,KZ124Gx59WktlhuzJ1Gtjw,3.5,14,100.0
246663,Franceschi Park,Franceschi Park,VeIrgRMOK_0ZToziUd2kUA,4.5,26,100.0
246671,McConnell's Fine Ice Creams,McConnell's Fine Ice Creams,cEN8j6jL0OJ0zhe-AX58Hw,4.5,156,100.0
246675,Metropolitan Paseo Nuevo 4 Cinemas,Metropolitan Paseo Nuevo Cinemas,wrHiC82EFgvH72Kv5Uw5-Q,2.5,53,96.96969696969697
246676,Immaginare Events by Giseli Spera,Immaginare Events by Giseli Spera,JENciGOcpz4V-SRKchiMvw,5.0,10,100.0
246678,Supercuts,Supercuts,t1GI_XU8ynUMlKbB1aRDHg,3.0,40,100.0
246685,California Santa Barbara,Santa Barbara Salon,ZGTTTKEclsnoAPghqOaE5w,4.5,146,83.72093023255813
246686,Jiffy Lube,Jiffy Lube,oQl9X8cK3BxpLl6hN4u-xA,3.5,146,100.0
246687,Starbucks,Starbucks,KiE0h68HGOO7ZXAqkMBdiw,2.5,35,100.0
246688,Santa Barbara Farmers Market,Santa Barbara Fish Market,sor6oj-nuslOcSx7di4urA,4.0,327,86.79245283018868
246689,Cajun Kitchen,Cajun Kitchen Cafe,4uspKB1d3pGdgjOClA-UkQ,4.0,234,83.87096774193549
246692,Santa Barbara House Of Prayer,James House Santa Barbara,E7ntP36ZqLS0qq2_RCHr4w,4.0,18,81.4814814814815
246693,Anacapa Vapor,Anacapa Vapor,iveVXWUFOTVTmDt0yI8yJw,5.0,23,100.0
246695,Dr Kori - Chiropractic,Dr Kori - Chiropractic,M3Lmmezv6ZL8oEjldnbbmQ,5.0,22,100.0
246697,Downtown Santa Barbara,Downtown Santa Barbara,4QjOsH83KEcjen94P99u3Q,4.0,12,100.0
246698,Hair By Krysta,Hair by Krysta Kay,yyY6kwPK5s6wqFGGJhfO1w,5.0,12,87.5
246700,Golden Line Coffee Bar,Golden Line Coffee Bar,u3uB0GD7cVf5NC-AFHdwnQ,5.0,10,100.0
246706,Fashion Eyes,Fashion Eyes,nvqXHNfZVGzOVoKO3aD8Lw,4.5,13,100.0
246718,Zugan Health Urgent Care,Zugan Health Urgent Care,GW1giI0hKOH7yFKcYUrr2g,4.0,76,100.0
246722,Planet Beauty,Planet Beauty,SqVKxcfYHOoJi-8kwEzjpA,3.5,14,100.0
246723,Cable Tv-Santa Barbara,Santa Barbara Club,4DQ2PkCWJIo71XQddHIoew,5.0,10,80.0
246725,Zumiez,Zumiez,QqXYEFrBWDuqFfnKwYaBwA,4.0,8,100.0
246733,Bibi Ji,Bibi Ji,oinV9xrSkR3b_T8sK1nsqg,3.5,260,100.0
246734,The Coffee Bean & Tea Leaf,The Coffee Bean & Tea Leaf,6afesz8yZhjOgijkWl4jig,3.5,77,100.0
246737,Kai Sushi,Ahi Sushi,Ow29cE1wS-_LrfN7jEuDPA,3.5,137,88.88888888888889
246739,Sunglass Hut,Sunglass Hut,3u5af9F_sRZHSg1GOTVssw,3.0,12,100.0
246740,Pickles & Swiss,Pickles & Swiss,fVUurZgbWXzp2QzDzJzmpA,4.5,1213,100.0
246741,Evangelina Boutique,Evangelina Boutique,x9OpEDgaPmWFRHB9OjI1cw,3.5,9,100.0
246742,Hoffmann Brat Haus,Hoffmann Brat Haus,YiSr-W5BBX6uXnhWPxk82Q,4.0,417,100.0
246743,The Yes Store,The Yes Store,PP-4jwmHBF_U3Wox4Of4Dg,4.0,6,100.0
246744,N&S Expressions,N&S Expressions,Rf_WoNvchBAkB69H0dOzJA,4.5,30,100.0
246745,Santa Barbara Wine Therapy,Santa Barbara Wine Therapy,Bm-NlFiZWMCwmmz9B_rlCA,4.0,254,100.0
246746,Follow The Leader K9,Follow the Leader k9,fswX9sbAcZmDirBwi_KmTQ,5.0,25,100.0
246748,CalBurrey Roofing Construction,CalBurrey Roofing Construction,B_F1iMzTRYmrKBiIHtWvMA,4.0,5,100.0
246752,Tops Unlimited,Hats Unlimited,kXqEIfxg-Jw_nKW44Ia-OQ,3.5,15,85.71428571428572
246755,Big Brand Tire and Service,Big Brand Tire & Service,rDZHk4aLvMUd7D2OFM9HDA,3.5,19,92.0
246756,Fermie's A-1 Autobody & Paint,Fermie's A-1 Autobody & Paint,JIGus2EsiEAZb1Q4N9Xl-w,4.5,29,100.0
246757,HWD Fitness Santa Barbara,PULSE Fitness Santa Barbara,eWGUz12uvX7ZCTvEEnzVVQ,4.5,21,84.61538461538461
246759,Lily's Kitchen,L's Kitchen,JxVPdQrAac7qNUnwse7xcw,5.0,13,88.0
246760,Lily's Flowers,Riley's Flowers,QVp5KhccY1vvjZIskif3uw,3.5,118,89.65517241379311
246761,Iron Horse Auto Body,Iron Horse Auto Body,nUqrF-h9S7myCcvNDecOvw,4.5,32,100.0
246766,US Post Office,US Post Office,drHADXmuEUHWCGQg2qmBQg,4.5,6,100.0
246768,K-Nine Solutions,K-Nine Solutions,i38vbr87MsxksCNbGqCW8A,5.0,40,100.0
246769,Santa Barbara Surf School,Santa Barbara Surf School,XcMTtU_twdP_Zd7oWBkceg,5.0,22,100.0
246775,Mireles Auto & Smog,Mireles Auto & Smog,GYU129pjy7deXXNC-rZICw,5.0,13,100.0
246776,LL Transportation,Luxe Transportation,uf7ubtoT85HSXp9xhPcHhg,5.0,34,88.88888888888889
246777,A C Ramirez Floor Coverings,Ramirez A C Floor Coverings,My2fwY7NOpu063bPOvE-Ig,3.0,8,100.0
246778,California Electric Supply,California Electric Supply,j8paEZYmMxgeeY91hwL_Vw,4.0,8,100.0
246779,The Habit Burger Grill,The Habit Burger Grill,9u79dIXLQzmt9rnOZEnBaQ,4.0,306,100.0
246780,Lash Construction,MAC Construction,dIYGIJtF9PGlrtSF8Os63Q,5.0,20,84.84848484848484
246781,Santa Barbara Bikes To-Go,Santa Barbara Bikes To Go,zsk5qJ179aZvgtz62JCj7A,5.0,91,88.0
246782,Cal Coast Adventures,Cal Coast Adventures,DboqYyH-S8pV6WxaF9Plow,5.0,184,100.0
246784,Moto Loco,Moto Loco,w3rJyrTjkRW6LMOMbMIrYw,3.0,29,100.0
246787,Dal Pozzo Tire,Dal Pozzo Tire,1mlMvev5_d130E5dGYws9g,4.5,17,100.0
246788,John Hurley Automotive,John Hurley Automotive,DIHk_ilpXmH2Y6q6erHLqQ,5.0,8,100.0
246789,Challenge Asphalt,Challenge Asphalt Paving,uHprVoxTV7CwKJdaEEf3aA,4.0,18,82.92682926829268
246791,HP Autosport,HP Autosport,aSu-8XbZwhqe9-DVwdQ3GQ,5.0,35,100.0
246792,Habit Burger & Grill,Habit Burger Grill,-ipZBVF9nWm1vzrvQ3444A,4.0,131,94.73684210526316
246795,Santa Barbara Rescue Mission,Mission Santa Barbara,2yHl6wl1iFa_Jo_SZcmSuw,4.0,321,85.71428571428572
246799,Inspiration Point,Inspiration Point,7V_I4YRGEXZVSGrw3jDbDA,4.5,86,100.0
246807,Grant House Sewing Machines,Grant House Sewing Machines,zTb7x5g7Vdv6U1gsHF-jQQ,4.5,15,100.0
246808,SB Farmers Market,Sprouts Farmers Market,t5igEXKZt4CMtA2FX-GoGA,4.0,21,82.05128205128204
246809,The Press Room,The Press Room,jnDN1GNUqS1Zo5y8sStmbg,4.0,111,100.0
246812,MAC Cosmetics,MAC Cosmetics,VvH45E73s0sln00rUhhYGg,4.0,41,100.0
246815,Morales Law,Morales Law,VMsxvHCNQxVprtvR7b_1GQ,4.5,9,100.0
246820,Banana Republic,Banana Republic,bfh3U-F-TFtP1cC_ExFriQ,3.5,7,100.0
246821,Santa Barbara Brokers,Santa Barbara Barbers,c6P7VRcWhdJz4bMBZDvsNA,4.0,12,90.47619047619048
246823,Santa Barbara Salon,Santa Barbara Salon,ZGTTTKEclsnoAPghqOaE5w,4.5,146,100.0
246827,Fancy Nails,Fancy Nails,q3uEFx4AIthiOmTf0KFiIQ,3.0,79,100.0
246828,Andres Hair Salon,Andres Hair Salon,89WxLHRVIOaVh_94JH8TZA,5.0,7,100.0
246834,Killer B's BBQ And Bar,Killer B's BBQ Bar and Grill,AoBQeAvMtTOYTx-hThDLZA,3.0,25,88.0
246835,The Closet Trading Company,The Closet Trading Company,Dz2J8mgCNUnNlgbD0L52ig,4.5,204,100.0
246837,The Grapeseed Company,The Grapeseed Company,Rgn77CUvvbhqNWpfgxgT3A,4.0,10,100.0
246839,Insert Santa Barbara,Santa Barbara Inn,5skL69RhjE0byYLjyqVG5w,4.0,180,86.48648648648648
246841,805 Boba,805 Boba,1pd4VYTww1UWDVai2r2RKg,3.0,248,100.0
246844,Viva Oliva,Viva Oliva,rlh6-MqKplp6DE42aRuS6w,5.0,20,100.0
246845,Nine West,West Marine,fLf9hBH3Cm-cg8SO0eI39w,4.0,7,80.0
246846,Chipotle Mexican Grill,Chipotle Mexican Grill,fLk_N8vU25DNZmbU-70gkw,3.5,57,100.0
246847,Atelier Lolë Santa Barbara,Santa Barbara Floral Artistry,2I1lIXLO9geS_Vz6rJIRCQ,5.0,12,80.0
246849,Choppa Poke,Choppa Poke,IG-CwPl5mb6-hmpFjXUIvA,4.0,52,100.0
246850,Dargan's Irish Pub & Restaurant,Dargan's Irish Pub & Restaurant,8MoqZqlNN9AXzG91_Hpc_Q,4.0,289,100.0
246851,Pressed Juicery,Pressed Juicery,jI9wCmBu77tExISLsVurOQ,4.0,16,100.0
246853,La Cumbre Plaza,La Cumbre Plaza,qBTyG8JYYE8DWur0eBTYcw,3.0,27,100.0
246856,Inspire,Inspire,6u9TA3pDjNXaZCQ2f2RbMQ,1.5,7,100.0
246857,Best BBQ Santa Barbara,Santa Barbara Barbers,c6P7VRcWhdJz4bMBZDvsNA,4.0,12,83.72093023255813
246859,Abercrombie & Fitch,Abercrombie & Fitch,8Uf0cIgD8m-YjQM3evsJqg,3.0,12,100.0
246860,Pascucci,Pascucci,CziOtnFSklimJnBgksDDwA,3.5,1069,100.0
246862,Furniture Santa Barbara,Furniture Santa Barbara,AusVlhFvpPUtTtJ8CF5zbQ,3.5,5,100.0
246865,Taqueria Cuernavaca,Taqueria Cuernavaca,uO39--k_hrCFgZh-Bl8m8A,4.5,409,100.0
246867,Fastrack Bicycles,Fastrack Bicycles,uDQNEJly3Y7O1kNvluQiRg,5.0,52,100.0
246873,"Coldzone Refrigeration, Heating & Air Conditioning",A+ Refrigeration Heating & Air Conditioning,5FI87fLU-GkzSSusjnsJlg,3.0,18,86.02150537634408
246874,Artistic Nail Spa,Artistic Nails & Spa,9D7dDnaZZglUOj75xFy-nw,2.0,123,91.89189189189189
246876,The Walking Company,Walking Company,mZ_d2i9bb3cH4_Ne0p7ldg,4.0,15,88.23529411764706
246877,PokeCeviche,PokeCeviche,9jEv_7tueRJdV5CZwVcwPg,4.0,127,100.0
246878,"Go! Calendars, Toys & Games",Go! Calendars Games Toys & Books,OCeylb8A6O9wt2NrR9dB8A,4.0,14,88.13559322033898
246879,Lolë Atelier Santa Barbara,Santa Barbara Floral Artistry,2I1lIXLO9geS_Vz6rJIRCQ,5.0,12,80.0
246881,Tent Merchant,Tent Merchant,fE0TC_zj0s_2h5ZMBrmGmw,4.0,36,100.0
246884,OfficeMax,Officemax,kzpOb196bUlnr9ncGFjfew,4.0,25,100.0
246887,Acupuncture Integration,Acupuncture Integration,8lXKv1pk5-TE54u3HKt6yw,5.0,6,100.0
246888,Branch Out Tree Care,Branch Out Tree Care,9iRLEeiicy9RKZw3UfbaaA,3.5,22,100.0
246891,Sage and Onion,Sage & Onion,RHgj2ssSXnS0VA7DRvKomg,4.0,7,84.61538461538461
246894,Sonoma Fit Santa Barbara,Santa Barbara IT Solutions,NyqYpVVIbEQvz6zKE-Fyew,5.0,20,80.0
246895,Santa Barbara Roasting Company,Santa Barbara Roasting Company,VgAKmXE8B7J0I_O_R13UKQ,4.0,511,100.0
246897,Apna Indian Kitchen,Apna Indian Kitchen,-I7M6l0h46VdiN09Y1NUZw,4.5,246,100.0
246898,7-Eleven,7-Eleven,EtGFDdjui_Hww78JU4XoXg,3.0,6,100.0
246908,Susan Quinlan Doll & Teddy Bear Museum & Library,Susan Quinlan's Doll & Teddy Bear Museum and Library,SGZ6GdsB25VoVqPTEAB21Q,5.0,7,94.0
246911,Moon River,Moon River,XwnDVPHPCXhCLOtNzBlMwQ,3.5,6,100.0
246913,Wetzel's Pretzels,Wetzel's Pretzels,gUaVw2fxj9EGbCIIFH4uVQ,3.0,19,100.0
246916,Macy's,Macy's,rJvNMqniFNvr7KSqo4hEsQ,2.0,25,100.0
246919,Workzones,Workzones,oyJdcjCTGEM2KiGqyJaFwA,5.0,17,100.0
246920,Merry Maids of Santa Barbara,Molly Maid of Santa Barbara,xGmrSP6O99zHRdU_bDN70w,3.0,15,87.27272727272728
246922,Solstice Sunglasses,Solstice Sunglasses,CYrAi1ZTuF9Gkx5UBD9Xqw,4.0,8,100.0
246923,Ben & Jerry's,Ben And Jerry's,VUPpj-CsDJY4cIGQLqJ_xw,4.0,5,85.71428571428572
246924,Men's Wearhouse,Men's Wearhouse,E964sbwO5A8c348vZchBtA,4.0,68,100.0
246925,Antique Alley,Antique Alley,M4n8LURoCNCMYkw_Yd9q1A,4.5,47,100.0
246928,CVS Pharmacy,CVS Pharmacy,UDZxN93l5_ggUFeF0EEcYg,3.0,7,100.0
246933,Bond Fitness,Bond Fitness,MWcd_c9E9mmn-9q9XSeeJA,5.0,28,100.0
246934,Tondi Gelato,Tondi Gelato,c3UA1gYc6VY7dEyS0135pQ,5.0,103,100.0
246936,Center Stage Theater,Center Stage Theater,RUGLYI3OKkIAQNPU3lBwdw,2.5,5,100.0
246939,Panera Bread,Panera Bread,EC9-hDcyqE8c_m03X3VhIQ,2.5,31,100.0
246944,Smart & Final,Smart & Final,ryGwDtxLX9crWxXQMfFAvQ,2.5,17,100.0
246946,Santa Barbara Trapeze Co,Santa Barbara Travel,JZ1Vlmi-uGN8w5JNXEeHMw,4.5,15,81.81818181818181
246949,Santa Barbara Ice Co.,Couch Santa Barbara,5MZzFu2uZeRIUv1z0SiqNg,4.5,16,85.0
246952,East Beach Tacos,East Beach Tacos,tf6S06LD09IFDHUpOPqPaw,4.5,856,100.0
246954,JVS Automotive Repair,Ayers Automotive Repairs,wdO59jXr1uulOCJ9Pwc0UQ,2.5,130,84.44444444444444
246960,Santa Barbara Cemetery,Optometry Care Santa Barbara,dO8mWdDY04Bxejg2AQ6mew,4.0,37,84.0
246984,Montecito Pet Hospital,Montecito Pet Hospital,iSyt-cIWCx5C-rSOY3ViHg,4.0,23,100.0
246985,Skin Prophecy,Skin Prophecy,3-boHajTIv_mXnd6_yLoRQ,5.0,19,100.0
246987,Montecito Dental Group,Montecito Dental Group,tDLbqqAIzuNcU6WSFTzRww,4.0,12,100.0
246988,Vera Kong Piano Studio,Vera Kong Piano Studio,1mqNI-eS2fnQv9kQn5yB4A,5.0,10,100.0
246991,La Playa Pilates & Wellness Center,La Playa Pilates and Wellness Center,Tv-MNeXqRXUg7PKvpcD4vg,5.0,5,94.28571428571428
247008,Santa Barbara Fiduciary,Santa Barbara Radiator,XLKBIY3UJsAxd4QnpvL9xQ,4.0,5,80.0
247009,Santa Barbara Coast City Lifestyle,Santa Barbara City College,94VEqr73aUrj6LnJfvfeAw,4.0,35,80.0
247011,Angel,Angel,iyrC0B8Gr8DcJURMJFOAKw,3.0,9,100.0
247015,The Manor Bar,The Honor Bar,r2IhvKZQ_wLR5mLBnPOilg,4.5,557,84.61538461538461
247037,Pipeline Transportation,Pipeline Transportation,S7Y89ospgc9yvLSr3H0RKA,5.0,23,100.0
247049,Hair by audrey johnson,Hair By Audrey Johnson,BkmVHg6HjHWMc0OFxcd6VQ,5.0,5,100.0
247052,Hwy 101 Santa Barbara,RH Santa Barbara,zv_3f5U_-7v3UJzpgfhzGQ,3.0,23,81.08108108108108
247058,Santa Barbara Investment Company,Santa Barbara Consignment Company,BEyeRiDB3VH1_1JvsylByg,3.0,12,86.15384615384616
247062,Sequel Salon,Sequel Salon,Y7PWniPxY-ddGD-cG2ccOg,5.0,7,100.0
247065,Coastal Hideaways,Coastal Hideaways,JL9BqMNHZmxa9omybAk4jA,2.5,19,100.0
247070,The Coffee Bean & Tea Leaf,The Coffee Bean & Tea Leaf,6afesz8yZhjOgijkWl4jig,3.5,77,100.0
247072,Jen Stein Realty,Jen Stein Realty,rFIgyABWzwipjxv915X_ZQ,4.5,9,100.0
247078,Giovanni's,Giovanni's,9Ujw_PoR_Vv67gf4vsAk-g,3.0,54,100.0
247079,The Tennis Shop of Montecito,The Tennis Shop of Montecito,eXVNAwV66oyah7rQIWZHqQ,4.5,10,100.0
247081,Local Montecito,Montecito Cafe,hLUqElKTjOzpt_ZXkWVuiA,4.0,104,82.75862068965517
247084,Lilac Montecito,Montecito Library,DHUL6nCSHLSgkzD02OYA0w,3.5,5,81.25
247086,Christian Menard at Guaranteed Rate,Christian Menard - Guaranteed Rate,fikFRUtIXlsVfZEy_ueOeQ,5.0,8,95.65217391304348
247093,Montecito Dental Group,Montecito Dental Group,tDLbqqAIzuNcU6WSFTzRww,4.0,12,100.0
247094,Richie's Barber Shop,Richie's Barber Shop,mzapu7i0ixWPWl9x9cZgSg,4.5,70,100.0
247101,The UPS Store,The UPS Store,sCkN50fE_Pe9gwSnwVwiJA,3.5,37,100.0
247102,Ca' Dario,Ca' Dario,o4IiNbNybcy-L4vzTSoDJw,4.0,672,100.0
247103,Renaud's Patisserie and Bistro,Renaud's Patisserie & Bistro,-loV4cB2Uh9TCltTRgGzWQ,4.0,379,93.10344827586206
247109,The Nurture Cottage,The Nurture Cottage,XFMjsNmXc7fRMm5qzZaeMQ,4.5,5,100.0
247113,Mary Layman Keller Williams Realty,Mary Layman - Keller Williams Realty,4n7wndXagEJoZJkUMapBVw,5.0,5,97.14285714285714
247123,Riviera Smiles,Riviera Smiles,ImBb0KoTyhafYIoebVZtMg,4.0,20,100.0
247127,Patricia Noel Studio,Patricia Noel Studios,IReweLdjduBOuwmw7ZZNZw,5.0,6,97.5609756097561
247137,Juice Ranch Cafe,Juice Ranch,0tbscjPg4IzURekIn_CJ1Q,4.0,150,81.4814814814815
247363,Montecito Bank and Trust,Montecito Bank & Trust,sRCokMWcZKTbzfV5tgVXyg,1.5,7,91.30434782608697
247143,First American Title Company,First American Title Company,h0L85hgWPIm93HUG1Wr6rg,3.5,5,100.0
247145,Johnny Was,Johnny Was,pIkd6FfcFeF8m0pFLTEznA,4.0,5,100.0
247146,Montecito Optometry,Montecito Optometry,Y-jtSRglYdxr--7aOYyDig,5.0,8,100.0
247150,Dr. Adam Lowenstein- Montecito Plastic Surgery,Montecito Plastic Surgery - Adam D. Lowenstein MD,n81O6-nLXw30K0y-ovfpHw,4.5,28,92.63157894736842
247152,Chevron,Chevron,3yI-WR2x322OvcGVUOSUjg,2.5,43,100.0
247159,Home Care Assistance,Home Care Assistance,E57mYmTSD53K_sb-wBUPVA,4.5,9,100.0
247162,Tennis Shop of Montecito,The Tennis Shop of Montecito,eXVNAwV66oyah7rQIWZHqQ,4.5,10,92.3076923076923
247163,Jeannine's Bakery & Restaurant,Jeannine's American Bakery Restaurant,Hj44PIrCtv61ETVclzLMwg,4.0,380,86.56716417910448
247166,Jeannine's American Bakery & Restaurant,Jeannine’s American Bakery & Restaurant,L4-_gPiqsuX50JN_-qUhNQ,5.0,41,97.43589743589743
247168,Cava Restaurant & Bar,Coast Restaurant & Bar,jZAU0OShjmcxIhkruFlZng,3.5,55,88.37209302325581
247183,The Point Market,The Point Market,GmOfZHgU9fm75f1nmVZnNA,3.5,7,100.0
247190,Michelle Cook,Michelle Cook,cIi_9KGPkn8e6lD5CwZSVQ,5.0,9,100.0
247536,Aloha Moving,Aloha Moving,5nPAqAW0dFvJYSB3c0jbAg,4.0,13,100.0
247199,Bella Duran Salon and Spa,Mira Bella Salon & Spa,_PxWQoKAfyoNtEaPsqDZrA,3.5,41,80.85106382978724
247200,Whiskey & Leather,Whiskey & Leather,7zz_RsK5QcYGK9FWeHOVzA,4.5,12,100.0
247203,Santa Barbara Architechts,Santa Barbara Arts,PFGTk3VqhP_09fgHHheXpw,4.5,6,83.72093023255813
247204,Montecito Center,Montecito Event Center,S6FoPoVTohLoVS8uKtXJgQ,5.0,7,84.21052631578947
247207,Montecito Concierge Medicine,Montecito Concierge Medicine,TYUI6xRfoR23ssBZr7dLaA,5.0,13,100.0
247214,The Silver Bough,The Silver Bough,nTZuJSfwCoNOyA1yS3rbOQ,4.5,7,100.0
247216,Viva Oliva,Viva Oliva,rlh6-MqKplp6DE42aRuS6w,5.0,20,100.0
247218,Santa Barbara Realtors,Santa Barbara Emotors,3lXHmv65COx5woh4CcprYg,4.0,10,88.37209302325581
247223,Honor Market,Honor Market,C-zgOpqD2K0xDJU4ty7zKg,4.5,57,100.0
247224,Oliver's,Oliver's,iHdrLu8deF5GceB0V1rPhA,4.5,313,100.0
247226,Honor Bar,The Honor Bar,r2IhvKZQ_wLR5mLBnPOilg,4.5,557,81.81818181818181
247228,Montecito Cafe,Montecito Cafe,hLUqElKTjOzpt_ZXkWVuiA,4.0,104,100.0
247241,Michelle King - Village Properties,Aaron Gilles - Village Properties,YQ3TYRdzFr_cKkOaj-WJ5A,5.0,7,80.59701492537313
247244,The Liquor & Wine Grotto,The Liquor & Wine Grotto,h4zjPjFmQgJQzYEXLcHenw,5.0,46,100.0
247246,Montecito Inn,Montecito Inn,2KWdqoTYBTpBq-Rlb4sR5w,3.5,262,100.0
247247,The Monarch,The Monarch,c_a38vt6v2tRq-VjdTZHZw,4.0,53,100.0
247257,Bottle Shop,Bottle Shop,XscTpOBks1vDNUIwVsZAlA,4.0,31,100.0
247268,Montecito Fitness,Montecito Inn,2KWdqoTYBTpBq-Rlb4sR5w,3.5,262,80.0
247272,Turner Medical Arts,Turner Medical Arts,z0j7t0cX90r2K8GZxwN-NQ,4.5,19,100.0
247291,Shine Blow Dry Bar,Shine Blow Dry Bar,tAW-PKSPH2AFz2w2XQNosw,4.0,14,100.0
247305,Village Properties,Village Properties,fqTdXTSaip2FFLVJKZ3YaA,4.5,6,100.0
247307,Coast Village Inn,Coast Village Inn,rh0NFfOWQ_eSTYHup9pAkQ,3.5,61,100.0
247654,Starbucks,Starbucks,S7Cl9gYqaC9jlw32yd4_Yg,3.0,50,100.0
247328,Angel Montecito,Montecito Cafe,hLUqElKTjOzpt_ZXkWVuiA,4.0,104,82.75862068965517
247338,Alice's Nail Boutique,Alice's Nail Boutique,zKimFAwCwitwyOzTtBYQZg,3.5,46,100.0
247344,Santa Barbara Real Estate by JoAnn,Santa Barbara Estate Planner,jnUR4SD9C867RotJ20yFWw,5.0,7,80.64516129032258
247357,Los Arroyos Montecito Mexican Restaurant and Take Out,Los Arroyos Mexican Restaurant & Take Out,MwJsk91FJ73YzzmpVaJihQ,4.0,448,85.1063829787234
247360,Coastal Properties,Coastal Properties,tC7NTR33UP7QafxBcKxv-g,4.0,8,100.0
247362,China Palace,China Palace,UA3HxLprLSOO9J6l1iR2Cg,3.5,205,100.0
247371,Starbucks,Starbucks,KiE0h68HGOO7ZXAqkMBdiw,2.5,35,100.0
247374,Vons,Vons,WQnjp_CEYTYKBBKJDME0bQ,2.5,24,100.0
247376,Santa Barbara Properties,Pour Santa Barbara,3hv0_BFbB32m_hay8zxfJg,5.0,14,80.95238095238095
247378,Michelle K Montecito Brow Studio,Michelle K Montecito Brow Studio,e9MlroCGKfrYOoWjKUk5wA,5.0,36,100.0
247383,Buy Santa Barbara,Ivy Santa Barbara,pzAEZqrFKz3r0RJt82YwZw,4.5,12,88.23529411764706
247397,CVS Pharmacy,CVS Pharmacy,UDZxN93l5_ggUFeF0EEcYg,3.0,7,100.0
247399,Santa Barbara Running,Santa Barbara Inn,5skL69RhjE0byYLjyqVG5w,4.0,180,84.21052631578947
247402,Montecito bank,Montecito Inn,2KWdqoTYBTpBq-Rlb4sR5w,3.5,262,81.4814814814815
247412,BlueStar Parking,BlueStar Parking,WQ1srlZUm2LCwM_X3fGhyg,4.0,17,100.0
247428,Montecito Academy,Montecito Cafe,hLUqElKTjOzpt_ZXkWVuiA,4.0,104,83.87096774193549
247430,Secret Bao,Secret Bao,q36uZc2hQml10YGHazJaoQ,4.5,145,100.0
247432,Wells Fargo ATM,Wells Fargo Bank,mo3qhcagUPSwdqmkd-o-Hg,2.5,14,83.87096774193549
247433,Blenders In The Grass,Blenders In the Grass,dQ6d9H7rnFSOSC_FXbJ_FQ,4.0,50,100.0
247434,Occhiali Fine Eyewear,Occhiali Fine Eyewear,Azon0KH1iGFfcQkpsQ5U8Q,5.0,16,100.0
247435,Sakana Sushi Bar and Japanese,Sakana Sushi Bar & Japanese,wFES5bGDiPANW13hNHnXOQ,4.0,374,92.85714285714286
247437,Panino 4,Panino,wfjqxgLSsLtyzswzQBziSw,4.0,165,85.71428571428572
247440,Caffe Luxxe,Caffe Luxxe,e8NRt-1C8eI85C59pKhJuA,3.5,50,100.0
247443,George,George,17lqqiJaoGq_Zt2B_NEH2w,5.0,9,100.0
247445,One Hour Martinizing Montecito,One Hour Martinizing,j5L5ymg1YwIHQ6mgaElJqQ,2.0,13,80.0
247446,Hudson Grace,Hudson Grace,9jeckzrKKEM1HatJoS7gBA,4.5,8,100.0
247454,Action Urgent Care,Action Tree Care,9BTUSRKsFJBd9lA97pomgw,2.5,11,82.35294117647058
247455,Union Bank,Union Bank,Nys0pd52lpDumfinmfg_HA,1.5,14,100.0
247456,Rori's Artisanal Creamery,Rori's Artisanal Creamery,wxdpQV7CZHn6_DFr-JGUgw,4.5,289,100.0
247457,Rori's Artisanal Creamery,Rori's Artisanal Creamery,wxdpQV7CZHn6_DFr-JGUgw,4.5,289,100.0
247459,Toy Crazy,Toy Crazy,MgKiqgAMxApsk9Wqusuf6g,5.0,10,100.0
247460,Bettina,Bettina,VOcGcN0bvGU_nzxbJgR5jQ,4.5,311,100.0
247461,Merci To Go,Merci To Go,M3LZKA-tVFRJyPeKA3_2OA,4.5,9,100.0
247463,Pressed Juicery,Pressed Juicery,jI9wCmBu77tExISLsVurOQ,4.0,16,100.0
247464,Montecito Cleaners,Montecito Cafe,hLUqElKTjOzpt_ZXkWVuiA,4.0,104,81.25
247467,Little Alex's,Little Alex's,D-1BoOczhXGgwhBOR5v-nQ,3.5,110,100.0
247468,Montecito Barbers,Montecito Barbers,uoeorCGGYUYDV8S2A8e8EQ,5.0,15,100.0
247470,Physical Focus,Physical Focus,N8UuoSmGoeZY_hWoFHSTPQ,5.0,5,100.0
247480,Coral Casino Beach & Cabana Club,Coral Casino Beach & Cabana Club,N3gvFwDF2QA9HzEPsMPZ7A,4.5,32,100.0
247481,José Eber Salon,Jose Eber Salon,2GRe6cUrQRfA1mtzS1DNkA,5.0,12,93.33333333333333
247482,Bella Vista,Bella Vista,MX2YGruhd0sMNHZGK7p5-Q,4.0,261,100.0
247483,The Spa at Four Seasons Resort The Biltmore Santa Barbara,Spa at Four Seasons Resort The Biltmore Santa Barbara,aZDwYjoAuLMEPh1VNDYiiw,4.0,34,96.36363636363636
247484,"Spa at Four Seasons Resort The Biltmore, Santa Barbara",Spa at Four Seasons Resort The Biltmore Santa Barbara,aZDwYjoAuLMEPh1VNDYiiw,4.0,34,99.06542056074767
247485,Ty Lounge,Ty Lounge,0m0SQSIzM9WcDhJ7UEVCLQ,4.0,32,100.0
247490,Four Seasons Resort The Biltmore Santa Barbara,Four Seasons Resort The Biltmore Santa Barbara,l-rGtJt0E7PAklT0IK7oFQ,4.5,508,100.0
247491,Tydes Restaurant,Tydes Restaurant,noiUCN8A9Vdm9pUbWX6K-w,4.0,56,100.0
247494,Hammonds Beach,Hammonds Beach,WN-t8DRw7EWLWwPyoBkrwA,4.5,11,100.0
247495,Coral Casino Beach and Cabana Club,Coral Casino Beach & Cabana Club,N3gvFwDF2QA9HzEPsMPZ7A,4.5,32,93.93939393939394
247504,Santa Cruz Market,Santa Cruz Markets,KTlABGqop4Q7FzD7lSkHJQ,4.0,28,97.14285714285714
247506,Cottage Residential Center,Cottage Residential Center,NxqPTmBYZ7Vf7Cyl6CBDNQ,4.5,6,100.0
247510,Ala Mar Motel,Ala Mar Motel,qaW-xH2tjfG0bUisSSdfAA,2.0,139,100.0
247514,Rudy's Mexican Restaurant,Rudy's Mexican Restaurant,b1shfPbHpkeWtbGbz5iAtg,3.0,130,100.0
247520,Eagle Inn,The Eagle Inn,bjsBMTS4RD7Bs35ugv_fPA,4.5,368,81.81818181818181
247523,7-Eleven,7-Eleven,EtGFDdjui_Hww78JU4XoXg,3.0,6,100.0
247529,Stearns wharf Santa Barbara,Sears Santa Barbara,m1Z74PzxN8zFQlcfBI0qVg,2.0,51,82.6086956521739
247531,The Harbor Restaurant,The Harbor Restaurant,6EPPtwJR1kdIfHiCjzCzuw,3.5,477,100.0
247533,Longboard's Grill,Longboard's Grill,Aes-0Q_guDeYewMapFs_vg,3.0,516,100.0
247534,The Milo Santa Barbara,The Patio Cafe Santa Barbara,a9K3jxNUUe6jr1uh8FsakQ,3.0,65,80.0
247535,Hotel Milo Santa Barbara,Hotel Milo Santa Barbara,UjOq8dBVNv9weHrVDqm3kQ,3.0,825,100.0
247537,The Eagle Inn,The Eagle Inn,bjsBMTS4RD7Bs35ugv_fPA,4.5,368,100.0
247539,Seaside Transportation,Eos Transportation,geKBfuHkJFpQttIFfPHrmg,4.5,80,85.0
247540,Beach House Inn,Beach House Inn,XGGPXLaa_B2Qc79cq9YPlg,4.5,96,100.0
247542,West Beach,West Beach,B5oLvDymksg4vKl8NH4qOA,3.5,13,100.0
247543,Santa Barbara Museum of Natural History Sea Center,Santa Barbara Museum of Natural History Sea Center,bkYLkzoMB-FeK7v-A5KROg,4.0,96,100.0
247547,"Santa Barbara Pier, California",California Closets - Santa Barbara,4ZqdYof7karLDzWDJ8UHoA,4.0,16,81.25
247549,Hideaway Santa Barbara,Comedy Hideaway - Santa Barbara,63i477hAMhatmWMqIlHz5Q,4.5,8,83.01886792452831
247554,Chevron,Chevron,bsXwUFUoVZTH4HzoubR6gw,2.5,9,100.0
247555,Lavender Inn by the Sea,Lavender Inn by the Sea,pfl45YV5Us5NvDm5cLremw,4.5,165,100.0
247557,Brisas del Mar Inn at the Beach,"Brisas Del Mar, Inn at the Beach",jX1kNhinDzathM9gLumIjA,4.5,194,98.41269841269842
247562,Char West,Char West,2pBNVsJo3a3CPbInUu9lvQ,3.0,134,100.0
247563,Madame Rosinka Consultant,Madame Rosinka Consultant,HVR-oYQXcHE4LlqswEk2LA,4.0,12,100.0
247565,Casa Del Mar Inn,Casa Del Mar Inn,_W9lITxMHNInaS2Lv2XoUw,4.0,194,100.0
247568,Avania Inn of Santa Barbara,Avania Inn of Santa Barbara,QMJ0NWkqBdEcHW54IMCCFg,2.5,201,100.0
247569,Inn by the Harbor,Inn by the Harbor,lkLTSknBEvbLGwwc1lQRlQ,4.0,133,100.0
247574,Chad's Cafe,Cody's Cafe,2YnQAJdeFrcgPa8MqIYcDg,3.5,294,81.81818181818181
247575,Mother Stearns Candy Co,Mother Stearns Candy,9dYarThtZVX4PvmtnFIrxA,3.0,41,93.02325581395348
247576,Great Pacific Ice Cream Co,Great Pacific Ice Cream,x8JcV7sAyDN5k9qbnlfGdA,2.5,122,93.87755102040816
247579,Coastal Treasures,Coastal Treasures,SAUUqfWpxZ_JYAqakY8T8Q,4.0,6,100.0
247580,Nature's Own Gallery,Nature's Own Gallery,D4eV7CbXkUuMnVBR7DfuvQ,4.0,6,100.0
247581,Stearns Wharf,Stearns Wharf,V2cQOeZwPBmjpln6_p1Ygw,4.0,297,100.0
247582,Deep Sea Tasting Room,Deep Sea Tasting Room,eL4lyE7LNoXEMvpcJ8WNVw,4.0,472,100.0
247583,stearn wharf,Stearns Wharf,V2cQOeZwPBmjpln6_p1Ygw,4.0,297,96.0
247584,Old Wharf Trading Co,Old Wharf Trading Company,PEA2QAt8z6BQXiBDCiokgg,4.0,20,88.88888888888889
247585,Santa Barbara Swim Club,Santa Barbara Club,4DQ2PkCWJIo71XQddHIoew,5.0,10,87.8048780487805
247586,Harbor House Inn,Harbor House Inn,j_MFw1jIyDU_Nt-J4wKCHA,4.5,322,100.0
247590,Polarity Chiropractic,SMART Chiropractic,0XtUH1HZ7g8ffwNtKG8szQ,5.0,9,82.05128205128204
247594,Santa Barbara Mattress Warehouse,Santa Barbara Mattress,azMFjlYACqGkTm6Vin3rwQ,4.0,31,81.4814814814815
247597,Naturalist Carpet Cleaning,Naturalist's Carpet Cleaning,ydBIdEQJA_NQEgQgMrprSg,3.5,25,96.2962962962963
247630,UCSB Theater & Dance,UCSB Theater & Dance,FbUkX5SQqKKebj0GgT9kDQ,4.0,5,100.0
247666,UC Santa Barbara Family Vacation Center,UC Santa Barbara Family Vacation Center,DnqMITzlJwE4io3FKI8CiQ,5.0,84,100.0
247675,De La Guerra Dining Commons,De La Guerra Dining Commons,6RBrYMiAf8jFJI4fDoQpcw,3.0,6,100.0
247678,Action Tree Care,Action Tree Care,9BTUSRKsFJBd9lA97pomgw,2.5,11,100.0
247680,Platinum Movers,Platinum Movers,21iAKJxAt04nIemJwMLejg,5.0,68,100.0
247684,Eagle Paragliding,Eagle Paragliding,nAtJuaVtsug43VKB1hNKWg,4.5,61,100.0
247685,Santa Barbara Highlands,Santa Barbara Gas,7YNFCvQcWMVYMAWbKSBDMg,3.0,19,85.0
247686,Eat This Shoot That!,Eat This Shoot That!,zVwnTKz7JIOoN-MbbQMzYA,5.0,80,100.0
247687,Moby Dick Restaurant,Moby Dick Restaurant,MJI-bNIn3QDgiGggm9Wp1w,3.0,871,100.0
247690,La Playa Inn,La Playa Inn,Sa4XawsvhELaeL6-5-pGKg,4.5,54,100.0
247691,Mason Beach Inn,Mason Beach Inn,ZZQs5sQpWnYOfolSb3CXMA,3.5,122,100.0
247697,Marina Beach Motel,Marina Beach Motel,o5w6WfzeqpP8S_ewvy_pMA,4.5,135,100.0
247699,"West Beach Inn, a Coast Hotel","West Beach Inn, a Coast Hotel",7j8rT3FZbXgL4k0DnXi2Mw,4.0,137,100.0
247701,Santa Barbara Carriage and Western Art Museum,Santa Barbara Carriage & Western Arts Museum,qnYAS5YrS5Xt5LkRMEj4EA,4.5,8,94.3820224719101
247706,Santa Barbara Parasail,Santa Barbara Salon,ZGTTTKEclsnoAPghqOaE5w,4.5,146,82.92682926829268
247707,Santa Barbara Shellfish Company,Santa Barbara Shellfish Company,SZU9c8V2GuREDN5KgyHFJw,4.0,2404,100.0
247709,Santa Barbara Landing,Santa Barbara Inn,5skL69RhjE0byYLjyqVG5w,4.0,180,84.21052631578947
247710,Stardust Sportfishing,Stardust Sportfishing,M-GMA5wbpjusPT04_zg4PA,4.5,48,100.0
247711,Channel Islands Expeditions,Channel Islands Expeditions,RCW8TubyS43nYJY9z8wq7w,5.0,77,100.0
247712,Beachside Inn,Beachside Inn,9EYjOTfvKWKOpCh_WY_zLg,2.5,55,100.0
247714,Condor Express Whale Watching,Condor Express Whale Watching,9NfPTgy_L9X57ep_Wq13Iw,4.5,82,100.0
247716,Stearns Wharf Bait & Tackle,Stearns Wharf Bait and Tackle,IszQVvGlBZTBK2NyUNVK1Q,4.0,8,92.85714285714286
247717,Toma Restaurant & Bar,Toma Restaurant & Bar,6EizP0XyqITuGZ8GZMI9Lw,4.5,1084,100.0
247718,Truth Aquatics,Truth Aquatics,US1LvQeJ03KH0sViR-KfVQ,4.5,31,100.0
247719,Lil' Toot Santa Barbara,Santa Barbara Zoo,sjm9TFtN69KrVsgajcL2Pg,4.0,681,80.0
247720,Stearns Wharf,Stearns Wharf,V2cQOeZwPBmjpln6_p1Ygw,4.0,297,100.0
247721,Castillo Inn at the Beach,Castillo Inn at the Beach,CgjtA5DXxQBqWSvcC8zl6Q,4.5,233,100.0
247724,Action Tree Care,Action Tree Care,9BTUSRKsFJBd9lA97pomgw,2.5,11,100.0
247727,Coh & Associates,Tolan & Associates,6g3P8EoMq0EVvjk7COymdQ,5.0,6,82.35294117647058
247728,Patios Del Sol Apartments,Patios Del Sol Apartments,Wu1Kaf0kOpFQoumBs_muxw,3.0,5,100.0
247729,Double Dolphin Cruises,Double Dolphin Cruises,ILkHFkSh_1_xccmDECYHTw,4.5,21,100.0
247730,Santa Barbara Sailing Center,Santa Barbara Sailing Center,bIFsp9D_q87dEtt8pdI1DA,4.0,134,100.0
247736,Best Western Beachside Inn,Best Western Beachside Inn,svNB9xp0PWFKj6jDrCmRyw,3.0,133,100.0
247738,Los Banos del Mar Pool,Los Banos Del Mar Pool,lL0wdTowBmM2GE5FxLnlwg,4.0,10,100.0
247741,Santa Barbara Swim Club,Santa Barbara Club,4DQ2PkCWJIo71XQddHIoew,5.0,10,87.8048780487805
247742,West Beach,West Beach,B5oLvDymksg4vKl8NH4qOA,3.5,13,100.0
247745,"Sandspit, Santa Barbara, CA",Salt Cave Santa Barbara,7ephR-Pbwyfz9F3GQn4r8w,4.0,466,80.0
247749,Stanton's Gourmet Catering,Stanton's Gourmet Catering,_VFFzHb5eFYKdinYf_0GPQ,5.0,11,100.0
247759,UC Santa Barbara,UC Santa Barbara Soccer,Id8LiSdQ9FbHzwxxUHwGjw,4.5,5,82.05128205128204
247765,Appellation Wine Tours,Appellation Wine Tours,3TtUXEH7-spv0A1-eqHTHA,5.0,46,100.0
247769,Santa Barbara City College Athletic Club,Santa Barbara Athletic Club,6jomGWEI4ryImrWPguUQQQ,3.0,55,80.59701492537313
247772,SBCC Track Field,SBCC Track Field,iep0_8gdQ7AxYtcBe7w-ug,5.0,7,100.0
247777,Middle College Santa Barbara,Santa Barbara Collective,D5eQp0MHzKNfMVvOCoREWg,4.0,8,80.76923076923077
247782,Beach City,Beach City,C4lTPbrpAZlpCdpbDeNlNA,2.0,78,100.0
247783,John Dunn Gourmet Dining Room,John Dunn Gourmet Dining Room,H5bsmYmdO3FBVQHC3jfx2g,4.0,5,100.0
247791,Santa Barbara City College,Santa Barbara City College,94VEqr73aUrj6LnJfvfeAw,4.0,35,100.0
247797,Breakwater Restaurant,Breakwater Restaurant,7wcHZ80HLJVwUijAH_efJQ,3.5,212,100.0
247798,Chuck's Waterfront Grill,Chuck's Waterfront Grill,9dp3hVDlQ0VtjPW_7ISoXg,3.5,260,100.0
247800,Santa Barbara Maritime Museum,Santa Barbara Maritime Museum,cQFaUkvUyILSCd3vqhgJMg,4.5,26,100.0
247801,Endless Summer Bar & Cafe,The Endless Summer Bar Cafe,KobS8yqBelXH11gaIhZJSg,3.5,258,88.46153846153845
247806,La Playa Stadium,La Playa Stadium,q00Rq--oAc2s6vwG-tFkEg,4.5,7,100.0
247807,Saturday Fishermen's Market,Saturday Fishermen's Market,Ea2N2vZirKywxylvVo9Xpg,5.0,9,100.0
247811,Santa Barbara City College Library,Santa Barbara City College,94VEqr73aUrj6LnJfvfeAw,4.0,35,86.66666666666667
247828,Subway,Subway,VciWUuWgNshjkRDPHiFCoQ,3.5,8,100.0
247831,Starbucks,Starbucks,S7Cl9gYqaC9jlw32yd4_Yg,3.0,50,100.0
247854,University Cal Santa Barbara,University Of California - Santa Barbara,PZcS2-2DCssSz3v2Qydriw,4.5,119,82.35294117647058
247856,UCSB Campus Store,UCSB Campus Store,tqYx0jA8gXOApuaUuuOLew,3.5,13,100.0
247903,Elings Park,Elings Park,dGVsh3S39RlPj_MfBZklZQ,4.5,44,100.0
247904,Rudy's Mexican Restaurant,Rudy's Mexican Restaurant,b1shfPbHpkeWtbGbz5iAtg,3.0,130,100.0
247905,Villa Rosa Inn,Villa Rosa Inn,grEJZ7iyhUbF8xuwmFRdAA,2.5,204,100.0
247906,East Beach Santa Barbara,Santa Barbara Jet Boats,yeuyv11rUuGNRScqwxuHzA,4.0,40,80.85106382978724
247910,The Neighborhood 2.0 O,The Neighborhood Bar,pqF3WkYktbR28uk2PSR7Rg,4.0,240,80.95238095238095
247911,The Neighborhood Bar,The Neighborhood Bar,pqF3WkYktbR28uk2PSR7Rg,4.0,240,100.0
247919,Catch California,California Pasta,2bxZhBk8JZkJ1GqfTB0cUQ,3.5,287,81.25
247920,The Brewhouse,The Brewhouse,FTFaEinJgzqY0ZHQMUSpQQ,3.5,696,100.0
247921,Wingman Rodeo - Montecito Street,Wingman Rodeo - Montecito Street,0c28ysQJ_M1fVToTFV-FWQ,4.0,44,100.0
247924,Tyger Tyger,Tyger Tyger,Btm9ODncqCqYsnpawaHioA,4.0,167,100.0
247925,Eladio's Restaurant,Eladio's Restaurant,B3kpvT4oLJdQmU9lPnxdKA,3.5,265,100.0
247927,Harbor View Inn,Harbor View Inn,zmEFVIU5cakWga2cyskz2Q,3.5,304,100.0
247928,Pear Harbor Santa Barbara,Santa Barbara Harbor,TDXzJrOJTdja-3SIWZu6FQ,4.5,32,88.88888888888889
247931,Jeannine’s American Bakery And Restaurant,Jeannine’s American Bakery & Restaurant,L4-_gPiqsuX50JN_-qUhNQ,5.0,41,92.5
247932,Coldzone Refrigeration Heating and Air Conditioning,A+ Refrigeration Heating & Air Conditioning,5FI87fLU-GkzSSusjnsJlg,3.0,18,80.85106382978724
247933,805 Productions,NLC Productions,uOJpsExQwccuDA1eDxTEOQ,5.0,7,80.0
247935,The Berry Man,The Berry Man,NfHhm-3-zyeBBBwX0rNonQ,4.5,6,100.0
247938,Elings Park,Elings Park,dGVsh3S39RlPj_MfBZklZQ,4.5,44,100.0
247942,CEC ELECTRICAL SERVICES,CEC Electrical Services,kqGRQwEHlbW3GfX_ivUspQ,4.0,12,100.0
247943,Santa Barbara Ice Bath,Santa Barbara Bay Cafe,ALMuGwPnbAVc4SIbcmQmcA,3.5,10,86.36363636363636
247946,Electric Bikes by Wheel Fun Rentals,Electric Bikes by Wheel Fun Rentals,ezc9d8pMAsIv80b2EeNUXw,4.5,10,100.0
247947,Beach Bike Rentals,East Beach Rentals,z1l6bkziy4Hf5NQ6S5cTzA,4.5,11,83.33333333333334
247948,Leadbetter Santa Barbara,Santa Barbara Barbers,c6P7VRcWhdJz4bMBZDvsNA,4.0,12,80.0
247949,Surf N Wear's Beach House,Surf N Wear's Beach House,PsFQZqgJ_219iIi51PJPAg,4.0,45,100.0
247951,Mountain Air Sports,Mountain Air Sports,yLbWh-qmQiCMaNTySMy30Q,4.5,35,100.0
247959,Rainbow Custom Painting of Santa Barbara,Rainbow Custom Painting of Santa Barbara,2grltZ0IWGCOMk0i4JBDFA,4.5,7,100.0
247960,East Beach Ventures,East Beach Rentals,z1l6bkziy4Hf5NQ6S5cTzA,4.5,11,81.08108108108108
247964,Goat Tree,Goat Tree,B1yPXzIIJrLWyTcE4jsYuQ,3.5,311,100.0
247966,Oku,Oku,Y57sylYCgq2VQJuBCnjPfA,4.0,429,100.0
247968,Finney's Crafthouse,Finney's Crafthouse,EZc2myE2mYk2h9JK9qu8gw,4.5,1047,100.0
247969,Wheel Fun Rentals,Wheel Fun Rentals,aOcTUvH7Vh6v0jPeVPieUA,4.0,33,100.0
247971,Majorelle,Majorelle,p1O9fslzql9rL4ncJOZeNg,3.0,7,100.0
247974,Rusty's Pizza Parlor,Rusty's Pizza Parlor,C-aATB7SbuwMBPN5dgjghQ,3.0,127,100.0
247976,Blackbird,Blackbird,xRapA2lG7mjJ6eOqHmxe-A,4.0,155,100.0
247978,ITH Santa Barbara Beach Hostel,Motel 6 Santa Barbara - Beach,nJp-4Qb_eeXWnojBcM3hBQ,3.0,129,81.35593220338984
247979,Santa Barbara Trolley Company,Santa Barbara Trolley,kN1Z5QTAPqDgi-GG1sqacA,4.5,71,84.0
247981,Flor De Maiz,Flor De Maiz,0ac5lGA_0wdKDnib3y59Xg,4.0,434,100.0
247982,Lighthouse Skateshop,Lighthouse Skateshop,1vj7ACAQgZHCY6vzo2xBdg,5.0,25,100.0
247983,Skyenna Wine Lounge,Skyenna Wine Lounge,kBqyg_L_Xn9jQTCHYODbRg,5.0,90,100.0
247988,Santa Barbara Old Town,Santa Barbara Towing,7wN5USDIbOOuA87EEyqJhA,2.5,24,85.71428571428572
247990,Santa Barbara PC Tech,Santa Barbara PC Tech,STMmqr8liHiphy18PQIUsg,4.5,11,100.0
247994,Guadalajara Market & Deli,Guadalajara Market,34PSBuVNmEguXTwmyH5Tcg,2.5,11,83.72093023255813
247995,Santa Barbara DMV,Santa Barbara DMV,UAt42UOX6yUWtgg22i7p-g,2.5,27,100.0
248070,Starbucks,Starbucks,XSL9RuLwRTyhNUwUo7WAPw,2.0,18,100.0
248071,Starbucks,Starbucks,XSL9RuLwRTyhNUwUo7WAPw,2.0,18,100.0
248081,UCSB Library,UCSB Library,bDCpBpB_qWllhop4BI11Bg,4.5,18,100.0
248083,"University of California, Santa Barbara",University Of California - Santa Barbara,PZcS2-2DCssSz3v2Qydriw,4.5,119,96.20253164556962
248108,"University of California, Santa Barbara",University Of California - Santa Barbara,PZcS2-2DCssSz3v2Qydriw,4.5,119,96.20253164556962
248122,Alta Orthopaedics,Alta Orthopaedics,SVDKFJCjkWXhksm2TBnCVg,3.5,65,100.0
248125,Body Boot Camp of Santa Barbara,Santa Barbara Fit Body Boot Camp,EHB_mONYxgBMWSY_wIDO0A,5.0,7,95.23809523809523
248132,Goat Tree,Goat Tree,B1yPXzIIJrLWyTcE4jsYuQ,3.5,311,100.0
248133,Loveworn,Loveworn,la1UYQMEMNlxM4Pneku9zw,4.5,15,100.0
248134,Starbucks,Starbucks,KiE0h68HGOO7ZXAqkMBdiw,2.5,35,100.0
248135,McConnell's Fine Ice Creams,McConnell's Fine Ice Creams,cEN8j6jL0OJ0zhe-AX58Hw,4.5,156,100.0
248136,Santo Mezcal,Santo Mezcal,nYPzsOjvida-ne7swSPHpA,4.5,990,100.0
248137,Santa Barbara FisHouse,Santa Barbara FisHouse,E7RtIisUoRMcADSebBgNAA,3.5,1140,100.0
248140,SB Biergarten,Biergarten,AXC__4yZrn-N3BT7-2bV_Q,4.0,104,86.95652173913044
248141,Amtrak Station Santa Barbara,Santa Barbara Amtrak Station,nhIffYn3kMRlHeClz0az1g,3.0,105,100.0
248142,Hotel Californian,Hotel Californian,sHwHKUBKYe2PPvgyc361yw,3.5,162,100.0
248147,Moxi (The Wolf Museum of Exploration and Innovation),MOXI - The Wolf Museum Of Exploration + Innovation,2YTJa7DDWx2TQmHu-tPXlg,4.5,141,86.27450980392157
248149,Santa Barbara Biltmore,Santa Barbara Bride,CbMm5x3SvdW6mCgjMYfnIw,4.5,24,82.92682926829268
248150,land and sea tour,Land and Sea Shark Tour,v1Uxox6sMjOV2z1Wk8KN3Q,3.0,122,85.0
248151,Santa Barbara Art Walk,Santa Barbara Arts,PFGTk3VqhP_09fgHHheXpw,4.5,6,85.0
248154,Anchor Woodfire Kitchen,Anchor Woodfire Kitchen,PZIVcSuN-G_I6oG6EVKntQ,3.5,59,100.0
248156,Hotel Indigo Santa Barbara,Hotel Indigo Santa Barbara by IHG,6IlR-3BtA1GISMljfRZfEw,3.5,248,88.13559322033898
248157,Blue Tavern,Blue Tavern,OFfJsY9KeOyelk46m_jzzw,4.0,137,100.0
248159,"MOXI, The Wolf Museum of Exploration and Innovation",MOXI - The Wolf Museum Of Exploration + Innovation,2YTJa7DDWx2TQmHu-tPXlg,4.5,141,93.06930693069306
248161,Margerum Wine Company,Margerum Wine Company,O3jPfTDRn5_1O3ZM_LuxQw,4.5,139,100.0
248162,Wheel Fun Rentals,Wheel Fun Rentals,aOcTUvH7Vh6v0jPeVPieUA,4.0,33,100.0
248167,Rooted Vine Tours,Rooted Vine Tours,gaNQrd95h2-4TZaUDPTAIQ,5.0,45,100.0
248168,S B Pacific Window Cleaning,SB Pacific Window Cleaning,VdVm2N8SzGr_gIdjdGbtGg,5.0,14,94.33962264150944
248170,Super Value Smog,Super Value Smog,l2CuGoQb4ZFFQNnivegqqA,5.0,123,100.0
248173,Santa Barbara Athletic Club,Santa Barbara Athletic Club,6jomGWEI4ryImrWPguUQQQ,3.0,55,100.0
248176,Santa Barbara Newhouse II,Santa Barbara FisHouse,E7RtIisUoRMcADSebBgNAA,3.5,1140,85.1063829787234
248178,Santa Barbara Amtrak Station,Santa Barbara Amtrak Station,nhIffYn3kMRlHeClz0az1g,3.0,105,100.0
248180,Acupuncture Santa Barbara,Acura Santa Barbara,0bcrp5XdgxABZ4jZDjBwAw,4.5,12,81.81818181818181
248182,Moreton Bay Fig Tree,Moreton Bay Fig Tree,wBCib_JxScMn2t2nKyZD5Q,4.5,77,100.0
248183,Santa Barbara Amtrak,Acura Santa Barbara,0bcrp5XdgxABZ4jZDjBwAw,4.5,12,87.17948717948718
248184,SeaVees,SeaVees,YP7dUMVSmUE8xt-QH6M1aA,5.0,12,100.0
248185,West Beach,West Beach,B5oLvDymksg4vKl8NH4qOA,3.5,13,100.0
248187,Butterflies and Bikinis,Butterflies and Bikinis,PPU4HJ_-WUAHSsL6uylhSA,2.5,18,100.0
248188,DV8 Cellars,DV8 Cellars,ouQpkEJnFZzJy86ECkcTzQ,4.5,78,100.0
248190,Stearns Wharf,Stearns Wharf,V2cQOeZwPBmjpln6_p1Ygw,4.0,297,100.0
248192,Loquita Santa Barbara,Santa Barbara Koi,xChRp1Aqqxnk5H4t-TMW9g,4.5,13,84.21052631578947
248193,Channel Islands Surfboards,Channel Islands Surfboards,b_CINVwS45VYbf_y8sCbaQ,3.5,33,100.0
248197,Kunin Wines,Kunin Wines,1xsBRB203LiYLcC3mktfdA,4.0,168,100.0
248198,Santa Barbara Winery,Santa Barbara Winery,uBvHmZ7BMT8JW5kxgimPWg,4.0,410,100.0
248202,Corks n' Crowns,Corks n' Crowns,MAIfD4kJDCydgoD1l2b_vw,4.0,276,100.0
248203,Municipal Winemakers,Municipal Winemakers,bf32KWp9yvN-WT8c-QtbzA,4.5,260,100.0
248217,MG Construction Santa Barbara,Castle Construction of Santa Barbara,DBzyFxLJG3CCEBm3zshfww,5.0,5,83.07692307692307
248223,Glo Aesthetics by Caren,Glo Aesthetics by Caren,HuqzYAm-TZnj76NVt8v4tA,5.0,7,100.0
248226,Sugar Cat Studio,Sugar Cat Studio,VC4jqq8Hu1_RjBFt8nHD2Q,5.0,19,100.0
248227,Enterprise Fish Co,Enterprise Fish,a32M9H9nkkPGKTKB5W27NA,3.5,1094,90.9090909090909
248229,Santa Barbara Wine Collective,Santa Barbara Wine Collective,FrxcwylzrO-ZnzxtiyUdDg,4.0,83,100.0
248231,Santa Barbara Brewery Tours,Santa Barbara Brewery Tours,XaClpgO7KFKZSuqBzXDcwA,2.5,6,100.0
248232,DeeTours of Santa Barbara,DeeTours of Santa Barbara,QNilrbTi8912ye2ztnBMpA,5.0,188,100.0
248234,Chase Palm Park,Chase Palm Park Plaza,0eDtbcIiQYE4Ks3Zcd-NtA,4.5,8,83.33333333333334
248235,Santa Barbara Trolley,Santa Barbara Trolley,kN1Z5QTAPqDgi-GG1sqacA,4.5,71,100.0
248236,Craft Beer Club,Craft Beer Club,MxmcGeTRzLPaTwhDm1txSQ,2.0,20,100.0
248241,Young America's Foundation's Reagan Ranch Center,Young America's Foundation - Reagan Ranch Center,FcY-TxG1bqTqa5fjuzSPZg,4.0,21,95.83333333333334
248246,Bysun Building,Bysun Building,jZIK7MddnUvwzSj88kLT1Q,5.0,5,100.0
248247,Brass Bear Brewing,Brass Bear Brewing & Bistro,d0E938M2_4kcuULUdnj-Xw,4.5,269,80.0
248251,Ducati Of Santa Barbara,Ducati Vespa of Santa Barbara,BMs5sZ2YyLpCoAoY98t7aQ,4.0,39,88.46153846153845
248254,Santa Barbara Hot Tubs,Santa Barbara Ghost Tours,CoILk77I0S2x3w6qWRPqbQ,5.0,8,89.36170212765957
248256,The Blue Door,The Blue Door,2xM4gM1FVyPbnzgjIJNIrQ,4.5,40,100.0
248257,Santa Barbara Hot Rod Limo,Santa Barbara Hot Rod Limo,4yZ33oIbpbDKKbrxw01gyA,5.0,29,100.0
248258,Santa Barbara Arts and Crafts Show,The Santa Barbara Arts and Crafts Show,U30tya2Nos1IVd9qM73bxQ,4.5,9,94.44444444444444
248260,Dylan Star,Dylan Star,bi08wAU8DNISO50ybFHmbQ,5.0,24,100.0
248261,The Lark Santa Barbara,The Garage Santa Barbara,icjIOnb1ErT8Wnz5MkQ_Vg,5.0,17,86.95652173913044
248262,Yankee Noodle,Yankee Noodle,jKocMyXjEqgb9dL9S5vrEA,4.0,100,100.0
248266,Pearl Social Santa Barbara,Pearl Social Santa Barbara,AV3XPH1iv8PKSO6mrnYgLg,4.5,36,100.0
248270,Test Pilot,Test Pilot,j_m8zce-jSRQn5JmC633GQ,4.5,252,100.0
248271,Union Ale,Union Ale,eHRzuUXA2jrR99ecioWU4g,3.5,207,100.0
248273,Pearl Social Santa Barbara,Pearl Social Santa Barbara,AV3XPH1iv8PKSO6mrnYgLg,4.5,36,100.0
248275,Helena Avenue Bakery,Helena Avenue Bakery,IDtLPgUrqorrpqSLdfMhZQ,4.0,389,100.0
248276,The Lark,The Lark,oGDGlUbOjHxmmCh8ZYcDCg,4.0,1520,100.0
248278,Paradise Springs Winery,Paradise Springs Winery,XI6CauzyZbKceQSUqnrB5A,4.5,67,100.0
248279,Les Marchands Restaurant & Wine Shop,Les Marchands Restaurant & Wine Shop,0t1pU_Ky3Jvgq5Ya_OC1pA,4.5,207,100.0
248282,Carlyle Salon and Style Bar,Carlyle Salon and Style Bar,cwjjxu04J8Wxmq_cwdA3FQ,4.5,173,100.0
248283,Sustainably You Bodywork & Skincare,Sustainably You Bodywork & Skincare,NZjVe9ZGh0tOZIp9PKtJDQ,5.0,17,100.0
248284,Jeffrey C Edman MD,Jeffrey C Edman MD,kpIICAHMJt94ECKtsIYrNQ,4.5,13,100.0
248286,Juice Ranch Cafe,Juice Ranch,0tbscjPg4IzURekIn_CJ1Q,4.0,150,81.4814814814815
248287,Seventh Dimension Dance,Seventh Dimension Dance,Mdn16IEoRO1xvg36-ZhakA,5.0,32,100.0
248290,Sevilla Santa Barbara,Villa Santa Barbara,lW6ai4Us51C-mFQkgiWpEQ,3.0,7,95.0
248293,Evolutions Medical & Day Spa,Evolutions Medical & Day Spa,TsSiySYySLYtuQKlEQiZPw,4.5,102,100.0
248296,Jang's Karate Center,Jang's Karate Center,8tCEzDOsZUXvMtfF0VENMA,5.0,7,100.0
248298,Chandler Mens Salon,Chandler Men's Salon,wlNz1dwKtbrMpqH-nlRkBA,5.0,20,97.43589743589743
248300,Yoga Soup,Yoga Soup,Gh_T5EjpOb2Pm4OTOAQteg,4.5,77,100.0
248301,Crimson Day Spa,Crimson Day Spa,7uYocWT3HDthh16x4p2-ag,5.0,41,100.0
248303,Riverbench Santa Barbara Tasting Room,Riverbench Santa Barbara Tasting Room,-e8RwknT5szoLk9uBZjzcw,4.0,121,100.0
248304,Area 5.1 Winery,Area 5.1 Winery,c-W17u2jiFOD2H_d6uo-bQ,4.5,236,100.0
248306,Gosnell Tree & Landscape,Gosnell Tree & Landscape,a7LFK7ecT5WBuOYDiugdOQ,4.5,6,100.0
248307,Harbor Meat & Seafood,Harbor Meat & Seafood,Slihcg1bmYvw-V_FUFghLg,5.0,14,100.0
248308,The Funk Zone,The Funk Zone,IljCDlZnTftfZEruqa4sRQ,4.0,43,100.0
248313,The Lab,The Lab,Gt96eXzqQSqSgE0BPV2MHA,5.0,6,100.0
248315,Lucky Penny,Lucky Penny,DOfiulOub9hVPBCtiDl9Fw,4.0,643,100.0
248316,Figueroa Mountain Brewing Co.,Figueroa Mountain Brewing Co.,v4lz71o76wWD8H15NsbZGA,4.0,425,100.0
248318,Santa Barbara Running Company,Santa Barbara Roasting Company,VgAKmXE8B7J0I_O_R13UKQ,4.0,511,88.13559322033898
248319,Cutler's Artisan Spirits,Cutler's Artisan Spirits,XkmJfBmH-G7eLiq8vJnJRQ,4.5,50,100.0
248321,Figueroa Mountain Brewing Company,Figueroa Mountain Brewing Co.,v4lz71o76wWD8H15NsbZGA,4.0,425,90.32258064516128
248323,The Base,The Base,8yeGQZDoFg1IGHzPTN3yTQ,5.0,10,100.0
248330,The Wayfarer,The Wayfarer,b7UPlhqUiliUy9vITKHGvQ,4.0,141,100.0
248331,Oreana Winery,Oreana Winery,w8AxfAjNq7wU5jHmpLSpNg,3.5,241,100.0
248332,The Waterman,The Waterline,lwbFhaGaKUtwPdaXXjy3mQ,4.5,11,80.0
248336,Folio Press and Paperie,Folio Press & Paperie,I90uFOFgAnZ9xs90JWc8DA,4.0,21,90.9090909090909
248340,The Shopkeepers,The Shopkeepers,QF1YPdDqpn0KGI2eOUXHqg,4.5,10,100.0
248341,Area 5.1 Winery,Area 5.1 Winery,c-W17u2jiFOD2H_d6uo-bQ,4.5,236,100.0
248343,Santa Barbara Art,Santa Barbara Arts,PFGTk3VqhP_09fgHHheXpw,4.5,6,97.14285714285714
248345,The Funk Zone,The Funk Zone,IljCDlZnTftfZEruqa4sRQ,4.0,43,100.0
248347,Chandler Men's Salon,Chandler Men's Salon,wlNz1dwKtbrMpqH-nlRkBA,5.0,20,100.0
248348,Sansum Clinic Radiology,Sansum Clinic Pesetas Radiology,ogmDAwjNbbjLt5Krqez2vw,2.5,9,85.18518518518519
248351,Santa Barbara Roasting Company,Santa Barbara Roasting Company,VgAKmXE8B7J0I_O_R13UKQ,4.0,511,100.0
248358,ARCO,ARCO,akjci9MICIgNnUYJdr8mXg,2.0,9,100.0
248378,UCSB Theater & Dance,UCSB Theater & Dance,FbUkX5SQqKKebj0GgT9kDQ,4.0,5,100.0
248383,UC Santa Barbara,UC Santa Barbara Soccer,Id8LiSdQ9FbHzwxxUHwGjw,4.5,5,82.05128205128204
248392,Panda Express,Panda Express,ebJav941naDgngDP2EIRHw,2.5,51,100.0
248415,Yoshinoya,Yoshinoya,cVW9b_1bqsvTU1jhGNWUsw,3.0,9,100.0
248418,UCSB Student Health,UCSB Student Health Service,HEWPUj_4ckqFk-0dW9AHUA,3.5,10,82.6086956521739
248422,Santa Barbara Hillel,Santa Barbara Humane ,dPt9QgLAIuI2a-CKdv5cSA,3.0,34,80.0
248423,Eagle Carpet Cleaning,Coast Carpet Cleaning,QssNtairW2WfT0BekFhBGw,5.0,34,80.95238095238095
248438,Coral Tree Cafe,Coral Tree Cafe,L8rhRyXtpq2nCE0il1KN_g,3.0,28,100.0
248454,Backyard Bowls,Backyard Bowls,34Eqv8jXgxg_EEwcsNgeeg,4.0,659,100.0
248455,Taco Tour Santa Barbara,Santa Barbara Tasting Tours,1NkWcNHFxi2YaV5yjUlJUQ,5.0,18,84.0
248461,Chocolate Maya,Chocolate Maya,mPKqBWLSD8wxJLJ_4juY2w,4.5,159,100.0
248463,Seven Bar & Kitchen,Seven Bar & Kitchen,omnCKxL0f_akh0eYeJxjDg,4.0,353,100.0
248464,Sirena,Sirena,n5lGrWToav9NvNJgF6l5CQ,5.0,16,100.0
248465,AVA Santa Barbara,Aae Santa Barbara,FAabASyk_4p5UrUnUtyvpw,2.0,7,94.11764705882352
248472,The Valley Project,The Valley Project,VguQ-YnKapMYMrfaKljWBg,4.0,75,100.0
248475,Chase Palm Park,Chase Palm Park Plaza,0eDtbcIiQYE4Ks3Zcd-NtA,4.5,8,83.33333333333334
248481,Shoreline Park Santa Barbara,Santa Barbara Shoe Repair,nPFRYPMt9c25BGA4gtO4ug,4.0,62,83.01886792452831
248483,Moxy Santa Barbara,Santa Barbara Koi,xChRp1Aqqxnk5H4t-TMW9g,4.5,13,85.71428571428572
248485,East Beach,East Beach,3UhSCgqvl444e4j3l4HXyQ,4.5,58,100.0
248487,State Street Boxing Club,State Street Boxing Club,0kolK4-GzY9h-t8sZxguqA,4.5,12,100.0
248488,Spearmint Rhino Gentlemen's Club Santa Barbara,Spearmint Rhino Gentlemen's Club,7sfcBZE-sXSUWfdITZqf0w,2.5,30,82.05128205128204
248494,Mony's Mexican Food,Mony's Mexican Food,m4kvY0viCwxqRtgOycnKVQ,4.5,768,100.0
248497,Pali Wine Co.,Pali Wine,mxZMSFUamk7SIf5ndCLAxA,4.0,142,81.81818181818181
248500,REI,REI,jonGqssih-tDc_lDgNCkLg,3.5,66,100.0
248503,Santa Barbara Winery,Santa Barbara Winery,uBvHmZ7BMT8JW5kxgimPWg,4.0,410,100.0
248508,Little Corner Store,Little Corner Store,E451ihy72tsLMAxbpPa0WQ,4.0,11,100.0
248511,Kelsey Crews Photo,Kelsey Crews Photo,HP57DM8L7Vb2lMOmbIaLwA,5.0,12,100.0
248513,The Little Corner Store,Little Corner Store,E451ihy72tsLMAxbpPa0WQ,4.0,11,90.47619047619048
248514,Sevilla,Sevilla,TYVln68leW7BYuVksFyB5A,4.0,12,100.0
248515,Yume Sushi,Sushi Tyme,XwnkfMUiyH-OsJXbmbOK5g,3.5,155,90.0
248516,Ablitt's Fine Cleaners,Ablitt's Fine Cleaners,5-p_nkU5Gt3oSLdMrobWhw,4.0,125,100.0
248520,DIRECTV,DIRECTV,CEJzacfJRGZ3fJEdxDVHIw,1.0,26,100.0
248524,Brows To Brazilian Wax Makeup & Skincare Salon,Brows To Brazilian Wax & Skincare Salon,1Kmlr4Zm4_4kT2BwTlZvgg,4.0,29,91.76470588235294
248527,Tyger Tyger,Tyger Tyger,Btm9ODncqCqYsnpawaHioA,4.0,167,100.0
248529,Nook Santa Barbara,Santa Barbara Dojo,x3bLTM7G6bX0rJlzmpw5JA,5.0,52,88.88888888888889
248530,Fox Wine Co.,Fox Wine,OCW1gs6Rjn90_x5EV0PuaA,4.5,69,80.0
248531,Ace Rivington,Ace Rivington,6aean82jIEp9ScEVowVJMA,5.0,36,100.0
248534,Stape Cycles,Stape Cycles,pC3X0OUsy6jr5-1oC1MMFA,5.0,14,100.0
248535,Avis Rent A Car,Avis Rent A Car,DuzZ68TZWlQ3mALJZ0ASVQ,3.5,19,100.0
248537,Dawn Patrol,Dawn Patrol,MbzgGsMQpGyVrUJXi_Jw0Q,4.0,807,100.0
248538,Beachbreak Cafe,Beachbreak Cafe,RdFgbrE_8sf6NImEMopaPQ,3.5,141,100.0
248539,Key 2 Fitness,Key 2 Fitness,gb6g4-ew5AD_YNy8weQUQg,5.0,45,100.0
248541,Wallace Cleaning Company,Wallace Cleaning Company,-KnkzbzgnvmiXSIDGXd9fQ,4.5,30,100.0
248545,Dart Coffee Co,Dart Coffee Co,3DSgJFIaXjdknbZn3LSnPQ,4.5,123,100.0
248547,Topa Topa Brewing Co.,Topa Topa Brewing Company,pUVRCYL8rT4I5Ry5FYkRsA,4.5,105,86.95652173913044
248551,Stand Up Paddle Sports ®,StandUp Paddle Sports ® LLC,2ddDy9dOhltOBlqyVdDzQw,4.5,13,90.19607843137256
248558,Monkeyshine,Monkeyshine,7lzL9rJLiojDh5kVzKGoLQ,4.0,36,100.0
248560,Hertz Rent A Car,Hertz Rent A Car,PBXxrP47r1cFiUD9Tm7uPA,2.5,22,100.0
248563,State Street Ballet,Apple State Street,KzzGpjfUs3DGkNGi46yoeA,2.5,235,86.48648648648648
248566,Oren's Automotive,Oren's Automotive,-BljPVosg2GY5YH5OrYzPw,5.0,53,100.0
248574,Laughin' in Santa Barbara,Santa Barbara Inn,5skL69RhjE0byYLjyqVG5w,4.0,180,80.95238095238095
248575,The Waterline,The Waterline,lwbFhaGaKUtwPdaXXjy3mQ,4.5,11,100.0
248586,Golden Eagle Tattoo,Golden Eagle Tattoo,okKaZt47m3hhUi24KwBadQ,4.0,149,100.0
248588,Above & Beyond Body Arts,Above & Beyond Body Arts,Kpq3dO74ZCxIHdQU8Yvlgg,4.0,74,100.0
248592,Little Rainbow Foot Spa,Little Rainbow Foot Spa,pnsVI4jbOGwzDk5GlHQT5Q,3.5,69,100.0
248596,Santa Barbara Lights,IHSP Santa Barbara,z2K-jFZhP7Em0Ol6p8V6kw,2.5,20,89.47368421052632
248598,M8RX Nightclub & Lounge,M8RX Nightclub & Lounge,DanmmTKbIoNZ28uWtaU2kg,4.0,22,100.0
248600,The Adult Store,The Adult Store,HdWXWU6CZueBZsf1oKNBcQ,4.0,32,100.0
248605,Above & Beyond Body Arts,Above & Beyond Body Arts,Kpq3dO74ZCxIHdQU8Yvlgg,4.0,74,100.0
248609,Mr. Rooter Plumbing of Santa Barbara County,Mr. Rooter Plumbing of Santa Barbara County,k6q0tvmfAe_Q_oNhc1JVtw,2.0,39,100.0
248614,Santa Barbara Student Home,HOME Santa Barbara,qO9dNNIvNbCBd8ZgjxMxgQ,4.5,13,81.81818181818181
248622,La Aroma De Havana Cigar Lounge,La Aroma De Havana Cigar Lounge,zkMqKD6IZPcU10g0a2APmg,4.5,73,100.0
248623,Carzoid,Carzoid,QqQYHzbeWLvXX-VRpTiMaw,4.5,23,100.0
248624,Staples,Staples,96g0BNIjSAequK5UjTqV9w,3.0,19,100.0
248627,JJ’s Diner,JJ’s Diner,5t5fKwgnfaT-ScmfTcxwHg,4.5,65,100.0
248628,Santa Barbara Business College,Santa Barbara City College,94VEqr73aUrj6LnJfvfeAw,4.0,35,82.14285714285714
248630,Holiday Inn Express Santa Barbara,Holiday Inn Express Santa Barbara,OevgFa-maNijC2anmt1_mQ,3.5,195,100.0
248631,Santa Barbara Koi,Santa Barbara Koi,xChRp1Aqqxnk5H4t-TMW9g,4.5,13,100.0
248633,Shalhoob's Butcher Shop,Shalhoob’s Butcher Shop,kpP2NhrCEabTWk9kfZdLbw,4.5,62,95.65217391304348
248634,Oren's Automotive,Oren's Automotive,-BljPVosg2GY5YH5OrYzPw,5.0,53,100.0
248635,REI,REI,jonGqssih-tDc_lDgNCkLg,3.5,66,100.0
248637,Laplace Wine Bar & Shop,Laplace Wine Bar & Shop,_dNk5IpkVVyN2nWMXTA2eA,4.5,17,100.0
248638,Rincon Brewery,Rincon Brewery,PaqDZUu76fZtMvcYqCEBig,4.0,32,100.0
248641,Hayashida and Associates Physical Therapy,Hayashida & Associates Physical Therapy,brUN8CI63gPusKne0PidEg,3.5,14,95.0
248642,State Street Boxing Club,State Street Boxing Club,0kolK4-GzY9h-t8sZxguqA,4.5,12,100.0
248643,Fit Buddha,Fit Buddha,HGpCLdCCSvfdiwZRqWQ_Uw,4.5,73,100.0
248645,Wheel Fun Rentals,Wheel Fun Rentals,aOcTUvH7Vh6v0jPeVPieUA,4.0,33,100.0
248646,East Beach,East Beach,3UhSCgqvl444e4j3l4HXyQ,4.5,58,100.0
248647,Santa Barbara Beach,Santa Barbara Beach Yoga,4y-x55zF4GrCGXjtsAew0w,5.0,10,88.37209302325581
248648,Chromatic Gate,Chromatic Gate,lIooZerqwDWdARQOhng0dQ,4.5,21,100.0
248649,Santa Barbara Trailer Repair,Santa Barbara Shoe Repair,nPFRYPMt9c25BGA4gtO4ug,4.0,62,83.01886792452831
248651,"Channel Plumbing, Inc.","Channel Plumbing, Inc.",dwUKeve9AV-iut1sQhNxqw,4.5,23,100.0
248653,Shalhoob's Funk Zone Patio,Shalhoob's Funk Zone Patio,eikRexw04kC6siBDkFnayQ,4.5,367,100.0
248656,Metropulos Fine Foods Merchant,Metropulos Fine Foods,bXrQejeR66IwebuhxPS7GA,4.5,323,82.35294117647058
248658,Shalhoob's Funk Zone Patio,Shalhoob's Funk Zone Patio,eikRexw04kC6siBDkFnayQ,4.5,367,100.0
248659,Velvet Jones,Velvet Jones,Go-vuNoQ64pojSRJ580SJQ,3.5,96,100.0
248662,Creative Services Catering,Creative Services Catering,P0Vw8tMLwkSAva6r-GJM_g,4.5,16,100.0
248663,Random,Random,pQgVk24ZYzhO0Q9J7b8NRw,3.5,21,100.0
248664,Drunken Crab,The Drunken Crab,OM5beWRkxZSu1TShUC3EDw,4.0,595,85.71428571428572
248665,State Street Axe Club,State Street Boxing Club,0kolK4-GzY9h-t8sZxguqA,4.5,12,84.44444444444444
248667,The Drunken Crab,The Drunken Crab,OM5beWRkxZSu1TShUC3EDw,4.0,595,100.0
248670,After Dark Mac N Cheese,Mac N Cheese After Dark,5lGOPqwxBNR9hfA9mFr2vA,4.5,140,100.0
248671,Nest Integrative Medicine Spa,NEST-An Integrative Medicine Spa,CalX7-3wkprpS5dePcS9GQ,4.0,10,95.08196721311475
248672,Holiday Inn Express Santa Barbara,Holiday Inn Express Santa Barbara,OevgFa-maNijC2anmt1_mQ,3.5,195,100.0
248676,Shaker Mill,Shaker Mill,pKSB4wXLiS8rd1cAEgD8oA,4.5,79,100.0
248679,Broad Street Oyster Company,Broad Street Oyster Company,AqOSpSqdocwtIjqTECW2ng,5.0,5,100.0
248681,Santa Barbara Autowerks,Santa Barbara Autowerks,KuJk57adEjp4JP01ZAkQvw,5.0,79,100.0
248682,Aperitivo,Aperitivo,Hl_vXTiYLozWo7T9Cq17vw,5.0,47,100.0
248684,Magic Pita Cafe,Magic Pita Cafe,hrEtM0WMgwhv19mzVnKiJQ,4.0,26,100.0
248685,India House,India House,q6661I3CGW0UB740E5Zjfw,2.0,136,100.0
248686,Cubaneo,Cubaneo,RjOnk_W82F2brYtpDZ59MA,4.0,133,100.0
248687,Modern Times Academy of Recreational Sciences,Modern Times Academy of Recreational Sciences,Sp4HOjXy-LYV_4yy10L3jg,4.5,74,100.0
248690,Oat Bakery,Oat Bakery,izSgTrqebu8bN8ONOCs6cQ,5.0,123,100.0
248691,Himalayan Kitchen,Himalayan Kitchen,BwUWmUFKCuJ-nN9vFwMt2Q,4.0,361,100.0
248692,Enterprise Rent-A-Car,Enterprise Rent-A-Car,vTKvukNEAErW24Y6QxKDKw,3.5,17,100.0
248693,St Francis Pet Clinic,St Francis Pet Clinic,E017jKWZcpaNlNF9Gp-Fuw,4.0,45,100.0
248694,Indochine,Indochine,5zYKjslztA7sOitOnEBEJQ,3.0,74,100.0
248697,99 Cents Only Stores,99 Cents Only Stores,sBqGr6xrKgrEs6z2PtpRVA,2.5,49,100.0
248701,Santa Barbara Wine Therapy,Santa Barbara Wine Therapy,Bm-NlFiZWMCwmmz9B_rlCA,4.0,254,100.0
248702,Uncle Roccos Famous NY Pizza,Uncle Roccos Famous NY Pizza,TCWnTa69sJ3vGQsdEe3Esw,2.5,317,100.0
248703,Whiskey Richards,Whiskey Richards,s-iUpeKVCuPd5m4OJ3HixQ,4.0,81,100.0
248704,Easy Smog,Easy Smog,jQuPRiNwqaUaG3q5W0hr6Q,4.5,14,100.0
248705,santa barbara soccer club,Santa Barbara Club,4DQ2PkCWJIo71XQddHIoew,5.0,10,83.72093023255813
248709,Oxi Fresh of Santa Barbara Carpet Cleaning,Santa Barbara Carpet Cleaning,888NNTv5hbXTb950RxjP6w,4.0,46,81.69014084507043
248715,Cafe Los Arcos,Cafe Los Arcos,EWl5aixg4hCcuVYpz4BLKQ,3.0,10,100.0
248716,Spa del Mar,Spa Del Mar,g16T1sQcYjsGu1A2-i1Q8g,4.5,64,100.0
248717,Hilton Santa Barbara Beachfront Resort,Hilton Santa Barbara Beachfront Resort,MWKowhzHQ_scqnJEqAUYgA,2.5,288,100.0
248718,Rodney's Grill,Rodney's Grill,5bDjg02rlg6ODEUT-UQT-A,3.5,39,100.0
248719,Dimitar Tennis Academy,Dimitar Tennis Academy,RX8w8SB5rrDY3-InDMT7Fw,4.5,11,100.0
248721,Rotary Club of Santa Barbara,Santa Barbara Golf Club,AgTPBMMz2Cmn11lbPe3K8A,3.0,40,82.35294117647058
248727,Roundhouse,The Roundhouse,e63pcbZaXxSY_YyhBol-bw,2.5,22,83.33333333333334
248729,Champ's Barber Shop,Richie's Barber Shop,mzapu7i0ixWPWl9x9cZgSg,4.5,70,82.05128205128204
248734,Sit 'n Sleep,Sit 'n Sleep,JVkVgpRYW4x1Zqmwf_rSdw,4.5,29,100.0
248735,Reid's Appliances,Reid's Appliances,6yaJPLJZyyoELd2lj5JgjQ,4.0,31,100.0
248738,Santa Barbara Brewing Company,Santa Barbara Brewing Co,KC8_Rx4Orlsz8LIonCYXsA,3.5,642,90.56603773584906
248739,The Cruisery,The Cruisery,ycbmvmBYk4w_ZmdrPL0tBQ,4.0,362,100.0
248740,Energy Tattoo,Energy Tattoo,6swZ2vF-r8TllIuB25eQCQ,4.5,169,100.0
248742,Bucatini,Bucatini,64Rl3pT4Md4-8ckeaNVZCQ,3.5,280,100.0
248743,Santa Barbara Craft Ramen,Santa Barbara Craft Ramen,COSC9JC0Vjr89CaTZuPkUA,4.0,477,100.0
248744,Wolf's Head,Wolf's Head,_nOctXNUOeIrGmQdqLP8kQ,5.0,46,100.0
248745,All India Cafe,All India Cafe,NynM3SwsOMFJryABCKuOlg,3.0,88,100.0
248748,Insomnia Cookies,Insomnia Cookies,wb6rAxDPWP_5AAl3CKCM1w,3.5,75,100.0
248754,Jiffy Lube,Jiffy Lube,oQl9X8cK3BxpLl6hN4u-xA,3.5,146,100.0
248756,The Barber Shop,The Barber Shop,a3iJjFzOy437mBKt4bqPqw,4.0,79,100.0
248757,Hana Kitchen,Hana Kitchen,Js3m_GdqNUGnEgXJ8WMtfQ,3.0,253,100.0
248759,The Vintage Fox,The Vintage Fox,tsxo_nwoc058R7oR-J40Hg,5.0,6,100.0
248760,Anas Taco Bar,Ana's Taco Bar,LgSEHsI9DKyeGVGtn61tEg,3.0,85,96.2962962962963
248761,Galanga Thai Restaurant,Galanga Thai Restaurant,Xw_5QkLTyIEg6Hs-kXGNbg,3.5,297,100.0
248762,Mac's Fish & Chip Shop,Mac's Fish and Chip Shop,DLTwr11KNMA1hEN7OrkY2A,3.5,459,91.30434782608697
248763,Team Tire Pros,Team Tire Pros,tNtcFP8-Vx3gkKE346QTVQ,4.5,115,100.0
248787,UCSB Arts & Lectures,UCSB Arts & Lectures,2nWT4w2GaY0jVsQyIWqlcg,3.5,7,100.0
248827,Hibachi Steak House and Sushi Bar,Hibachi Steak House & Sushi Bar,gebiRewfieSdtt17PTW6Zg,3.5,488,93.75
248828,Pascucci Restaurant,Aksum Restaurant,OMWhamtXhqlYCj66MqcxuQ,5.0,9,80.0
248833,Santa Barbara Comedy Nights,Santa Barbara Night Market,ySRkAFddd1tCUzRDjbECdg,4.0,11,83.01886792452831
248840,The James Joyce,The James Joyce,1rC0hBT49gVljFQYTIGIaA,3.5,163,100.0
248844,Holdren's Steaks & Seafood,Holdren's Steaks & Seafood,cAbdvzqtFLaAAMFIyPf2AA,4.0,544,100.0
248853,The Red Piano,The Red Piano,2nk4hq2oRfym8ROQ5iS47g,4.5,229,100.0
248855,Santa Barbara Pizza House,James House Santa Barbara,E7ntP36ZqLS0qq2_RCHr4w,4.0,18,84.0
248856,Patxi's Pizza,Patxi's Pizza,i5C6RVgr03HSrgCl8oa1Fg,4.0,730,100.0
248858,The Natural Cafe,The Natural Cafe,lu2UpRHLBZfvLG_caNEHKQ,4.0,566,100.0
248860,Pierre Lafond Wine Bistro,Pierre Lafond Wine Bistro,m4xrhESFLaA7PiddXeg2aw,3.5,188,100.0
248861,Pressed Juicery,Pressed Juicery,jI9wCmBu77tExISLsVurOQ,4.0,16,100.0
248862,Cold Stone Creamery,Cold Stone Creamery,mEzH6V1ruMHJrgKuLGoi1g,2.5,52,100.0
248864,HighTide SB,HighTide,P-QnNW1zd952_Bd55RmeGw,4.0,24,84.21052631578947
248865,Topa Construction,MAC Construction,dIYGIJtF9PGlrtSF8Os63Q,5.0,20,84.84848484848484
248866,The Beaver Tree Company,Beaver Tree Company,JPO1YUeclm1Kba98Rz7l5A,3.5,19,90.47619047619048
248869,Santa Barbara Shoe Repair,Santa Barbara Shoe Repair,nPFRYPMt9c25BGA4gtO4ug,4.0,62,100.0
248870,Joel's Roofing & Rain Gutter Co Inc.,Joel's Roofing & Rain Gutter,8ZTL4XHRqhN7cN6YdW6RKQ,2.0,9,87.5
248873,Fred's Upholstery,Fred's Upholstery,muK_Wi72ToaZuJl_RjJMPg,4.0,8,100.0
248874,The Roundhouse,The Roundhouse,e63pcbZaXxSY_YyhBol-bw,2.5,22,100.0
248875,Santa Barbara School Of Tennis,Santa Barbara Surf School,XcMTtU_twdP_Zd7oWBkceg,5.0,22,80.0
248876,Salon Del Mar,Salon Del Mar,nIBrKn8Rgoj6787Z13UIuQ,4.5,40,100.0
248879,Santa Barbara Beach Yoga,Santa Barbara Beach Yoga,4y-x55zF4GrCGXjtsAew0w,5.0,10,100.0
248880,Reunion Kitchen + Drink,Reunion Kitchen + Drink,304FY8qhcOpm9SIkrzmhoQ,4.5,61,100.0
248884,The Set,The Set,jfRq1KtjEGyPoMo9HZVw2Q,3.5,32,100.0
248885,Hertz Rent A Car,Hertz Rent A Car,PBXxrP47r1cFiUD9Tm7uPA,2.5,22,100.0
248887,Convivo Restaurant,Convivo Restaurant and Bar,Qkg16mN-8QR66gjzg6gMyw,4.0,445,81.81818181818181
248888,Santa Barbara Inn,Santa Barbara Inn,5skL69RhjE0byYLjyqVG5w,4.0,180,100.0
248891,Blue Sands Inn,Blue Sands Inn,lJcc3BOuEwT8dMJwc4NXKg,3.5,38,100.0
248892,Fresco at the Beach,Brews at the Beach,Srt_8c1wZDcFSCsOTbJkiw,4.0,12,86.48648648648648
248893,Santa Barbara Beach,Santa Barbara Beach Yoga,4y-x55zF4GrCGXjtsAew0w,5.0,10,88.37209302325581
248895,Crossfit Pacific Coast,CrossFit Pacific Coast,rhheskPIwp1N8wK6Vc0ONQ,5.0,36,100.0
248897,Precision Auto Service,Precision Auto Service,RkR4c235ZALlY-wrlxvJxA,4.5,27,100.0
248899,Kiwi's Auto Repair,Kiwi's Auto Repair,DJ8-4SHGd8c7Vl5x64GVYQ,4.5,75,100.0
248904,Rewind Photography,Rewind Photography,R5kbkKHnpHYodtD6mpnVaA,5.0,23,100.0
248908,Relaxing Station,Relaxing Station,yPTY-Cs0CzdLTYXGMwnhAQ,4.0,92,100.0
248911,Chad's,Chad's,FEBwxZMEpxRwVXx9Fm0XZw,4.0,1268,100.0
248912,Santa Barbara Community Housing,Santa Barbara County Limousine,2VhnG5W9n0mp9eTr38nzVA,5.0,7,85.24590163934427
248915,La Maison Santa Barbara,La Maison Santa Barbara,Q4NzKHw97EthvpQatme4Jw,5.0,9,100.0
248918,Institution Ale Co,Institution Ale Company,sj2o49ZCq2iJlZxDNrHDaA,4.5,150,87.8048780487805
248919,O'Malley's Bar,O'Malleys Bar,B91yBSPvAz5O_t9JFafN1Q,2.5,172,96.2962962962963
248924,Lotus Boutique,Lola Boutique,bf4eNKYiCgDDyc_rsWnwYA,4.5,7,81.4814814814815
248925,The Standard Men's Shop,The Standard Men's Shop,MRZDZxyNNdT1YdDZhceryQ,5.0,41,100.0
248926,Santa Barbara Volkswagen,Volkswagen Santa Barbara,4bI-w7o7srBp-z3o31dIXw,3.5,42,100.0
248930,Stabiles Mobile,Stabiles Mobile,s4rcTUy6_6yw9h5dkPKuqw,4.0,10,100.0
248932,Baja Sharkeez,Baja Sharkeez,l_slvEnh4v3W8BXF1gYlcQ,3.5,655,100.0
248935,Ultraviolet Audio Video,Ultraviolet Audio Video,pLDIhiXuL7J9cbJr6IbRjw,4.5,9,100.0
248936,Santa Barbara Pizza House,James House Santa Barbara,E7ntP36ZqLS0qq2_RCHr4w,4.0,18,84.0
248941,Yellowstone Clothing,Yellowstone Clothing Inc,-XjAOOYVnUIHUxxjNcpUmQ,3.5,23,90.9090909090909
248944,Hotel Santa Barbara,Hotel Santa Barbara,7ksGJFAvz6UJa_QrcK8ZEg,3.5,261,100.0
248945,Haley Hotel,Haley Hotel,6bbpLqP90jEcJN5QI0SZ7w,3.5,58,100.0
248950,ARCO,ARCO,akjci9MICIgNnUYJdr8mXg,2.0,9,100.0
248953,Alison Bryan Destinations,Alison Bryan Destinations,hGwCdB5rZh8u0myX3ggecA,5.0,8,100.0
248955,Marcel Hemp,Marcel Hemp,KGI80yXlBPvD1qen7r6Rjw,5.0,23,100.0
248956,Starbucks,Starbucks,KiE0h68HGOO7ZXAqkMBdiw,2.5,35,100.0
248957,Game Seeker,Game Seeker,2Vg3EYsyjrXQJkT3YzNEXA,4.5,60,100.0
248958,ABS Glass,ABS Glass,nfUpdKZ1mYnIGDe1v_9GhQ,3.5,33,100.0
248959,Drift Santa Barbara,LF Santa Barbara,6zsdSFG86YXsgWK1wtU-3g,3.0,37,85.71428571428572
248960,Asher Market,Asher Market,uxT5zII5plD0B3RBHwHVNw,5.0,10,100.0
248961,Dawn Cafe Santa Barbara,Santa Barbara Craft Ramen,COSC9JC0Vjr89CaTZuPkUA,4.0,477,83.33333333333334
248965,Calvary Chapel of Santa Barbara,Calvary Chapel of Santa Barbara,exuaio1ovuII_EW63gmuRA,5.0,7,100.0
248966,Consolidated Overhead Door and Gate,Consolidated Overhead Door & Gate,JkVxduEKqEs--GnS3VeLWA,3.5,15,94.11764705882352
248967,FOCUS Santa Barbara,Santa Barbara FisHouse,E7RtIisUoRMcADSebBgNAA,3.5,1140,87.8048780487805
248971,Santa Barbara Dojo,Santa Barbara Dojo,x3bLTM7G6bX0rJlzmpw5JA,5.0,52,100.0
248972,Stuttgart Motors,Stuttgart Motors,jobplOWnC-90opR4QNnDPg,5.0,17,100.0
248973,Whitcraft Winery,Whitcraft Winery,QcMPEiTXY2wS5dKZdzIW0w,4.0,34,100.0
248976,Cabrillo Inn at the Beach,Cabrillo Inn at the Beach,fXIsVDI9SEdJO9901CGfyw,2.5,122,100.0
248977,"Santa Barbara, CA East Beach",Santa Barbara Bay Cafe,ALMuGwPnbAVc4SIbcmQmcA,3.5,10,80.0
248978,Bistro 1111,Bistro 1111,-TArOdux8Z4oH-jIM1FJuQ,3.5,63,100.0
248979,Ronald B. Dinning | DMD,"Ronald B Dinning, DMD",wzbq6UrOddYMt6amELzWvg,5.0,13,90.9090909090909
248980,Hyatt Santa Barbara,Hyatt Place Santa Barbara,shtNOsRUiZtTa36RNzI32A,3.0,67,86.36363636363636
248983,Santa Barbara Air Bus,Santa Barbara Arts,PFGTk3VqhP_09fgHHheXpw,4.5,6,82.05128205128204
248984,Costa Kitchen & Bar,Costa Kitchen & Bar,eUIsUpG6KAonYxGoExzy2Q,5.0,14,100.0
248986,Noblessa Santa Barbara,Lexus Santa Barbara,LM6pBWPuIuJJ8Y11RzlbPQ,4.5,261,82.92682926829268
248989,Caliber Collision,Caliber Collision,M7zcSHk1QQqglUM4bwHHGw,4.5,6,100.0
248991,Santa Barbara Wine Country Tours,Santa Barbara Wine Country Tours,TvBxBjed-iX6_22SwEYEFQ,5.0,23,100.0
248992,Joe's Cafe,Joe's Cafe,nB0dV8yPv29F3-CFMPG8cw,3.5,726,100.0
248993,Zia Cafe,Cafe Zoma,3RtMd3VZ21WL5auDr6Jp9A,4.0,27,82.35294117647058
248994,Santa Barbara Farmers Market,Santa Barbara Fish Market,sor6oj-nuslOcSx7di4urA,4.0,327,86.79245283018868
248995,Old Kings Road,Old Kings Road,qmOn3S_BzihpLP2aMG9QSg,4.0,81,100.0
248999,Home Furnace & Air Conditioning,Home Furnace & Air Conditioning,izvWEbpTZMe0t5l1FrtbgQ,4.5,23,100.0
249001,Curtis Carpet Inc,Curtis Carpets,5dF_EDBit8ChzpjjjZxZig,3.5,5,83.87096774193549
249006,Idyll Mercantile,Idyll Mercantile,_WlnmpxGIJhkPBzE2v4btg,5.0,5,100.0
249007,Yona Redz,Yona Redz,WUGRmrfSzQCyeG6mYAM-vw,4.5,125,100.0
249008,Sunny Korean Restaurant,Sunny Asian Restaurant,hEpRFnkUl4C6NVOVSMiTVg,3.5,45,84.44444444444444
249010,Design Within Reach,Design Within Reach,TinAvKlW61thzvqVgqf6zw,4.0,8,100.0
249011,Aaron Brothers Art & Framing,Aaron Brothers Art & Framing,qhSnCD9P7pafSHqaGr5-NQ,4.0,11,100.0
249013,Lighthouse Coffee,Lighthouse Coffee,gsXBNWHWhHv_f9NcwpVajw,4.5,29,100.0
249014,Dr. Hurtado Dentistry,Dr Hurtado Dentistry,XUM2oyMmY-v1FbzqKAsZrA,4.5,14,97.5609756097561
249022,Superior Fitness Center,Superior Fitness Center,OSFLne37VrY__yzhGjx1xQ,5.0,20,100.0
249026,Touch-Up Color Bar,Touch-Up Color Bar,FkKsoMuf_AtPyKotYJn5jw,4.0,16,100.0
249031,La Bella Rosa Bakery,La Bella Rosa Bakery Cafe,xIGiif0TmmmGuV2-sidMSw,3.0,46,88.88888888888889
249032,Avanti Full Service Salon,Avanti Full Service Salon,UsIgzWQ2hi9U9C6sxKwpXw,4.5,27,100.0
249033,Collins & Associates,Tolan & Associates,6g3P8EoMq0EVvjk7COymdQ,5.0,6,84.21052631578947
249036,Night Lizard Brewing Company,Night Lizard Brewing Company,WrU1ZYN4jlYcL5mvJrQsCQ,4.5,133,100.0
249040,RadioShack,RadioShack,Ey4Mdfr_B4qqZWsV2Wc7fg,2.5,6,100.0
249041,Thrive Therapy Santa Barbara,Santa Barbara Wine Therapy,Bm-NlFiZWMCwmmz9B_rlCA,4.0,254,88.88888888888889
249043,Mac's Grog 'N' Groc,Mac's Grog N Groc,DEegOHB-VnPXsptrCf3qMA,4.0,5,83.33333333333334
249044,Pedego Electric Bikes Santa Barbara,Pedego Electric Bikes Santa Barbara,pS8SpbPGNV5-asskDMiD9g,5.0,41,100.0
249045,Kanaloa Seafood,Kanaloa Seafood,k1XGvBoPAXdPoGC2W-f2aA,4.0,225,100.0
249048,Levi's Store,Levi’s Store,QQkxPwLtlzylyPZ1XYt3sg,4.5,13,91.66666666666666
249052,Santa Barbara Body Contouring,Santa Barbara Body Contouring,5L-1W_XOG_A1eL8PO3yPIw,4.5,9,100.0
249054,Auras Spa,Auras Spa,PbOTaVws8GMEqkKO0L_tLA,5.0,6,100.0
249055,Honeys,Honeys,7JkmrXDxl58maLKL0j2WaQ,4.5,107,100.0
249056,The Salon,The Salon,pAnb7kDAyH9IsNkwq4wCdg,4.5,9,100.0
249057,Acupuncture Integration,Acupuncture Integration,8lXKv1pk5-TE54u3HKt6yw,5.0,6,100.0
249058,"Santa Barbara Gas, Propane & Smog",Santa Barbara Ice & Propane,OHG0Lj5xgw5Q3UCQJ_4_jw,4.0,13,80.0
249061,Sachi Ramen And Robata Bar,Sachi Ramen And Robata Bar,YXaCcpETNtxrNNK6TbUTlw,4.0,324,100.0
249063,Little Kitchen,Little Kitchen,E1R-xslwl7XeTN5lQ7mWPg,4.5,272,100.0
249065,19 Blue Salon,19 Blue Salon,x6ByESFVanIYcomQsXQYGw,4.5,108,100.0
249066,Santa Barbara Wine Shuttle,Santa Barbara Wine Shuttle,XbKXYLjC50m1_OFESDYLWA,5.0,6,100.0
249067,The Palace Grill,The Palace Grill,edJoBsse6nsF0BYh6pATAg,4.5,1500,100.0
249069,Green Table,Green Table,XgehM3pBZWuXi45J2dqRJQ,4.5,319,100.0
249074,Hats Unlimited,Hats Unlimited,kXqEIfxg-Jw_nKW44Ia-OQ,3.5,15,100.0
249075,Pedego Electric Bikes Santa Barbara,Pedego Electric Bikes Santa Barbara,pS8SpbPGNV5-asskDMiD9g,5.0,41,100.0
249076,Maudet's,Maudet's,NNfsMie_xMUAnf4eKoQ64g,5.0,6,100.0
249083,A-American Self Storage,A-American Self Storage,Zh09tfHtkRaausaEnVrXzA,4.0,5,100.0
249087,The Narrative Loft,The Narrative Loft,lTCoYu00AUV0SHxOa-XXBw,5.0,50,100.0
249088,Innate Fitness,Innate Fitness,vMPY-J53FaDh9kvOURK_Gg,5.0,14,100.0
249089,Santa Barbara Dance Arts,Santa Barbara Dance Arts,2XEXAoV8Myt94dtbuBlcTA,5.0,5,100.0
249091,Raymond Arias Construction,Raymond Arias Construction,uJT8OcMOZAQU9Yt1hVKFlQ,4.5,6,100.0
249092,Andros Floor Design,Andros Floor Design,lvdwIdfQFaHfLR2lX5Ri_Q,2.5,27,100.0
249093,A-American Self Storage,A-American Self Storage,Zh09tfHtkRaausaEnVrXzA,4.0,5,100.0
249097,Kait Hamilton - State Farm Insurance Agent,Kait Hamilton - State Farm Insurance Agent,4B86qQhl4mAAUcjUxu4JcA,5.0,27,100.0
249100,Santa Barbara Urban Wine Trail,Santa Barbara Urban Wine Tours,TWLH8nel96VXhKsuZ-R4sQ,5.0,8,90.0
249101,West Marine,West Marine,fLf9hBH3Cm-cg8SO0eI39w,4.0,7,100.0
249106,Inn At East Beach,Inn At East Beach,BvGL0uHI5laa5hKIsnPbNQ,3.5,257,100.0
249113,The Inn at East Beach,Inn At East Beach,BvGL0uHI5laa5hKIsnPbNQ,3.5,257,89.47368421052632
249114,Villa Elegante,Villa Elegante,wN5Vqclm9BRS4tpvt9sEBA,5.0,5,100.0
249115,"Unique Maintenance, Inc.",Unique Maintenance,HbAR5wdVlr3cFD5LvHAQbw,4.0,13,85.71428571428572
249116,Tri-County Produce,Tri-County Produce Co,RtJC7xavgAxOITQyAlGCbQ,4.0,95,92.3076923076923
249118,Movegreen,Movegreen,8cep0_812ftdvVZcU2hv1w,4.5,128,100.0
249120,BlueStar Parking,BlueStar Parking,WQ1srlZUm2LCwM_X3fGhyg,4.0,17,100.0
249123,Santa Barbara Venues,Sears Santa Barbara,m1Z74PzxN8zFQlcfBI0qVg,2.0,51,82.05128205128204
249125,Autohaus,Autohaus,ASZHu03cP_-ozRGpjokCRQ,5.0,14,100.0
249128,K-Nine Solutions,K-Nine Solutions,i38vbr87MsxksCNbGqCW8A,5.0,40,100.0
249133,GOLFTEC Santa Barbara,LF Santa Barbara,6zsdSFG86YXsgWK1wtU-3g,3.0,37,86.48648648648648
249137,Mezza Thyme,Mezza Thyme,hfN0fllM3m2jykAgToRTlQ,5.0,46,100.0
249140,Bobcat Room,Bobcat Room,RzgQioExrGZDkY3vNuziOQ,4.0,27,100.0
249141,Couch Santa Barbara,Couch Santa Barbara,5MZzFu2uZeRIUv1z0SiqNg,4.5,16,100.0
249142,Bella Dolce Bakery,Bella Dolce Bakery,UGADjVkBITKPU7I6sMO1oQ,4.0,9,100.0
249144,Esau's Cafe,Esau's Cafe,kxxexMsFL4xJLIafhXXFlw,4.0,160,100.0
249147,Yogurtland Santa Barbara,Yogurtland Santa Barbara,jLn69WQupjsDKrbPw_nlGQ,4.0,125,100.0
249148,Silver And...,Silver And,AmVtOBHPthh_Kc2QQCi7DA,4.0,33,86.95652173913044
249149,Vans,Vans,lc4QT_0ojlUQsMsWS_imPw,3.5,21,100.0
249154,American Ale,American Ale,XkZwD46WcsAlbpg1inwbLQ,4.0,194,100.0
249155,EOS Lounge,EOS Lounge,zRWhcNF3AVuB3ti7V4t88g,4.5,325,100.0
249157,World Market,World Market,8vMULlBjFJyS_836tOKnVQ,4.0,56,100.0
249159,Foxtail Kitchen & Bar,Foxtail Kitchen & Bar,qVitsouI4aBiYx1_Fjn0Pg,4.0,270,100.0
249160,Rascal's SB Vegan Food,Rascal's Vegan Food,UQZe-qWOpGiyEPsTUko5Rg,4.5,25,92.6829268292683
249162,Wildcat Lounge,Wildcat Lounge,bSfDI69RkUrodsA1QwgnOg,3.5,288,100.0
249163,Barbareno,Barbareño,6HTGlttrzCMsuGBHO1ZGiw,4.5,405,88.88888888888889
249165,Metropolitan Metro 4 Theatre,Metropolitan Metro 4 Theatre,boTwyOpii_MfFwwo6gPp6w,3.0,60,100.0
249167,Gracie Barra Santa Barbara,Santa Barbara Bride,CbMm5x3SvdW6mCgjMYfnIw,4.5,24,80.0
249168,Kyle's Kitchen,Kyle's Kitchen,QFh-h_OZ5Io-mBk32HN28A,4.0,638,100.0
249177,Mezza Thyme,Mezza Thyme,hfN0fllM3m2jykAgToRTlQ,5.0,46,100.0
249179,Goodwill,Goodwill,juvAkjCl8wPfatWeJ_xJAA,3.0,39,100.0
249181,Santa Barbara Decking,Santa Barbara Koi,xChRp1Aqqxnk5H4t-TMW9g,4.5,13,84.21052631578947
249183,Hitchcock + Associates,Hitchcock & Associates,5R1WfGhURsXZBopTTZJ7Qg,5.0,9,95.45454545454545
249184,Lux Nails & Spa,Lux Nails & Spa,8ZfrmfDdeALbwAezMg9VZA,4.0,332,100.0
249186,TLC Nail Lounge,TLC Nail Lounge,yjkRM4Po1sLILI4nHYLaGA,3.5,172,100.0
249187,The May Firm,The May Firm,r5QWnEbB9viXPHvjLXI9Jg,5.0,6,100.0
249190,Santa Barbara Barbers,Santa Barbara Barbers,c6P7VRcWhdJz4bMBZDvsNA,4.0,12,100.0
249191,Billabong,Billabong,BGrGdsH00tzP5mxi1kAcDA,2.5,10,100.0
249192,Velo Pro Cyclery,Velo Pro Cyclery,f5sQmbttj4pSvFSJTApcPA,4.5,49,100.0
249194,Anacapa Auto Body & Paint,Anacapa Auto Body & Paint,4fhN8dEgPxZu9y96PI_Mkg,5.0,52,100.0
249195,Urban Outfitters,Urban Outfitters,rAXWzx3dh8R4goiSwA1-Kg,3.0,25,100.0
249197,Benefit Brow Bar at Macy's,Benefit BrowBar at Macy's,ADBOjeWr20qQLYPFYRQeBw,4.5,32,86.27450980392157
249198,Pops Shoe Repair Santa Barbara,Santa Barbara Shoe Repair,nPFRYPMt9c25BGA4gtO4ug,4.0,62,90.9090909090909
249199,Cut Me Some Slack,Cut Me Some Slack,RYjDeDOx9eBJofu0CbPvXw,5.0,7,100.0
249202,Frame,Frame,lZZLsuZSkLoicyqIE0XUEw,4.5,8,100.0
249204,Dunn-Edwards Paints,Dunn-Edwards Paints,vUMy8Up9sdf0BTWKXycr_A,5.0,5,100.0
249205,Stabiles,Staples,96g0BNIjSAequK5UjTqV9w,3.0,19,80.0
249206,Rusty's Pizza Parlor,Rusty's Pizza Parlor,C-aATB7SbuwMBPN5dgjghQ,3.0,127,100.0
249208,Santa Barbara Dance Center,Santa Barbara Design Center,jQzW5TzidnTC_aU9nGFYHg,4.5,35,86.79245283018868
249209,Bath & Body Works,Bath & Body Works,JBPcRj5_kwvFW07P4r5Ccg,3.5,15,100.0
249215,Tonic Nightclub,Tonic Nightclub,LLmN5AZ3_U2U4nm6sY6j2Q,2.5,208,100.0
249219,Habit Burger & Grill,Habit Burger Grill,-ipZBVF9nWm1vzrvQ3444A,4.0,131,94.73684210526316
249220,The Habit Burger Grill,The Habit Burger Grill,9u79dIXLQzmt9rnOZEnBaQ,4.0,306,100.0
249223,The Shade Store,The Shade Store,S4wbWBuZARsaswLDfByAJQ,4.5,10,100.0
249224,Law Offices of David S. Secrest,Law Offices of David S. Secrest,IyeCnsaU_SAksA1KQm90IA,4.5,10,100.0
249226,workzones Santa Barbara,Santa Barbara Zoo,sjm9TFtN69KrVsgajcL2Pg,4.0,681,80.0
249230,Only In Santa Barbara,Only In Santa Barbara,TRAocWmzFomyOSRLDy_tyg,3.5,6,100.0
249232,Star Rug Cleaners,Star Rug Cleaners,hVFq142aOK_IHh23b-Bg1w,3.0,11,100.0
249233,Taqueria Rincon Alteno,Taqueria Rincon Alteno,ygZyTUWS4dbVL8d6vAiN4A,4.0,68,100.0
249235,ServiceMaster Anytime,ServiceMaster Anytime,q7K3uHKzxQc2HUdqR8mThg,2.0,20,100.0
249236,The Training Room,The Training Room,LuStq56g1xxETv_adQKvpg,4.0,14,100.0
249238,El Rincon Alteno,El Rincon Alteno,WIH1ptTMD7aII_qfeVeaRg,4.5,13,100.0
249241,Pure Joy Catering,Pure Joy Catering,MNdKd7hSxIHKwrFQZpfJFQ,4.5,83,100.0
249242,Renegade Wines,Renegade Wines,2NcOysjkx3eFi3xo8ndAUA,5.0,11,100.0
249246,Old Yacht Club Inn,Old Yacht Club Inn,0-EPTwgl6sDaPSVI39YqmQ,3.5,78,100.0
249248,Pacific Crest Santa Barbara,Pacific Crest Hotel Santa Barbara,bxDk3YLoMOTdmmf_4AN_4g,4.0,128,90.0
249252,East Beach Batting Cages,East Beach Batting Cages,X1AeiWVqWjIqBdjOuUAJuw,4.0,21,100.0
249253,Santa Barbara House,Santa Barbara FisHouse,E7RtIisUoRMcADSebBgNAA,3.5,1140,92.6829268292683
249259,Hazelwood Allied Moving and Storage,Hazelwood Allied Moving and Storage,pI4IEy0NxO4d1hxkhcqbWA,4.5,16,100.0
249262,Bella Vista Designs,Bella Vista Designs,NYowvk8by5WdlQZxGLLvTg,4.5,36,100.0
249266,Tri-County Auto Glass,Tri-County Auto Glass Experts,Uo9aM_xcKocaK5kEPhrTXg,4.5,46,84.0
249268,Museum of Contemporary Art Santa Barbara,Museum of Contemporary Art Santa Barbara,zGjpbVApADyoHCNJbcBh-w,3.5,11,100.0
249270,Mattress Land SleepFit™,Mattress Land SleepFit,e5FOWY-gc2aasMtFjRRHdQ,5.0,11,97.77777777777777
249271,Dalee Car Bath,Dalee Car Bath,DvblBXJOWydtNFVqLmlS4A,4.5,17,100.0
249274,SB Nailbar,SB Nailbar,A0twQKrZlKnc4MGlW6FZQg,3.5,129,100.0
249280,Eureka!,Eureka!,NIQWO-Q_F598XlAvZnFVCA,4.0,961,100.0
249281,Gap,Gap,TteUG63xhW8ORWNzQ1i_1w,2.0,10,100.0
249283,Santa Barbara Mattress,Santa Barbara Mattress,azMFjlYACqGkTm6Vin3rwQ,4.0,31,100.0
249285,Faitell Attractions,Faitell Attractions,jNWePdDkWzwt4oQ5UZulIg,5.0,10,100.0
249287,Sushi Teri,Sushi Tyme,XwnkfMUiyH-OsJXbmbOK5g,3.5,155,80.0
249295,Kitson Santa Barbara,Mission Santa Barbara,2yHl6wl1iFa_Jo_SZcmSuw,4.0,321,87.8048780487805
249298,Dune Coffee Roasters,Dune Coffee Roasters - Anacapa,-kY_HDP7IMvGl-kBIZVU4A,4.0,320,80.0
249299,Miss Behavin',Miss Behavin,ewFBNKZUvPOaMaeWwWfwyA,4.5,26,96.0
249303,Panda Express,Panda Express,ebJav941naDgngDP2EIRHw,2.5,51,100.0
249304,Sweet Creams,Sweet creams,spm1KEE-5jAJVTE0ldpzFA,4.0,6,100.0
249307,PacSun,PacSun,joS3Ph9vtP7HPIAUoUV5Dg,2.0,19,100.0
249309,AT&T Store,AT&T Store,O8w1Emwe1rbou25z9pEwwA,2.5,30,100.0
249310,Victoria's Secret & PINK,Victoria's Secret,jEVF4sl8ytf3lnKyfgnI8A,3.5,33,82.92682926829268
249311,Augie's of Santa Barbara,Audi Santa Barbara,7_xhzt0lODObLZaMUP_XLw,3.0,25,80.95238095238095
249314,CRSVR Santa Barbara,RH Santa Barbara,zv_3f5U_-7v3UJzpgfhzGQ,3.0,23,85.71428571428572
249315,Verizon,Verizon,9coQY05SXPMBGKHcVXWFMw,2.5,83,100.0
249316,M Special Brewing Company - Downtown,M. Special Brewing Company,Vt5gk5h5VlHXLu-cVKzOXw,3.5,24,80.64516129032258
249317,L'Occitane en Provence,L'Occitane en Provence,bp5yAYee_w-tFHzaJtbVkw,5.0,5,100.0
249328,El Zarape Mexican Restaurant,Rosales Mexican Restaurant,c0p9TawJSQHchy5aL8NWgQ,4.5,227,81.4814814814815
249329,Bailey Plumbing,Ace Plumbing,LgWBwcx-pr8DB4uQKOImdQ,5.0,21,81.4814814814815
249330,The Tully,The Tully,PFEC0Z-5rT7l_DR6cySCOQ,4.5,18,100.0
249331,Revolver,Revolver,oJwMmSZKJOnMboZ_z67MZw,4.5,93,100.0
249332,Paesano's Pizzeria,Paesano's Pizzeria,U1lGcthY52-LUPdxhV3qVw,3.5,57,100.0
249333,BoHenry's Cocktail Lounge,BoHenry's Cocktail Lounge,xTYLUPg8Xg-z3cYoPpcJqQ,4.5,28,100.0
249334,Steve Morris' Defensive Driving School,Morris A-Steve Defensive Driving School,fT__zqTg5uT_UiHw5Y6F5g,5.0,7,80.51948051948052
249339,Eagle Paragliding,Eagle Paragliding,nAtJuaVtsug43VKB1hNKWg,4.5,61,100.0
249344,Academy Koei Kan Karate Do,Academy Koei-Kan Karate DO,315ZqS5dEvZbLZq_WpVIYA,5.0,5,84.61538461538461
249358,Subway,Subway,VciWUuWgNshjkRDPHiFCoQ,3.5,8,100.0
249364,One Thousand Steps,One Thousand Steps Beach,A9HKXtFnNprkzGewUV9QZA,4.5,45,85.71428571428572
249365,Thousand Steps Beach,One Thousand Steps Beach,A9HKXtFnNprkzGewUV9QZA,4.5,45,90.9090909090909
249368,Shoreline Park,Shoreline Park,aFQ6VawiwxegQhVmHOVWow,4.5,82,100.0
249370,Boathouse at Hendry's Beach,Boathouse at Hendry's Beach,skY6r8WAkYqpV7_TxNm23w,4.0,2536,100.0
249376,Tony Toro Construction,Tony Toro Construction,Kvzyns3-j46A518BRiOxeA,4.5,7,100.0
249382,West Marine,West Marine,fLf9hBH3Cm-cg8SO0eI39w,4.0,7,100.0
249386,WRT Water Release Therapy,WRT Water Release Therapy® & Watsu®,KckcWNW8KHkB6njrSUFUrw,4.5,7,83.33333333333334
249395,On The Alley,On The Alley,y4x_wAQvUxvTR8iV-JP4Jg,4.0,504,100.0
249396,Sunset Kidd Sailing Cruises and Whale Watching,Sunset Kidd Sailing Cruises and Whale Watching,t08G_MSwHGMBUlCp1I5BUQ,4.5,86,100.0
249398,Paddle Sports Center,Paddle Sports Center,GypA5Nu_0gzL3yDCPiw-Mw,4.5,134,100.0
249402,Santa Barbara Upholstery,Santa Barbara Trolley,kN1Z5QTAPqDgi-GG1sqacA,4.5,71,80.0
249405,Santa Barbara Sea Urchin,Sears Santa Barbara,m1Z74PzxN8zFQlcfBI0qVg,2.0,51,83.72093023255813
249408,Go Go Sushi,Sushi GoGo,EXYbKA1tocvOK_1tXxZXLA,3.5,178,95.23809523809523
249409,Double Dolphin Cruis,Double Dolphin Cruises,ILkHFkSh_1_xccmDECYHTw,4.5,21,95.23809523809523
249410,Sushi Go Go,Sushi GoGo,EXYbKA1tocvOK_1tXxZXLA,3.5,178,95.23809523809523
249411,Santa Barbara Fish Market,Santa Barbara Fish Market,sor6oj-nuslOcSx7di4urA,4.0,327,100.0
249412,Santa Barbara Fish Market,Santa Barbara Fish Market,sor6oj-nuslOcSx7di4urA,4.0,327,100.0
249415,Santa Barbara Harbor,Santa Barbara Harbor,TDXzJrOJTdja-3SIWZu6FQ,4.5,32,100.0
249421,Channel Islands Outfitters,Channel Islands Outfitters,-6L_z3ftD1iepJb0FfJghw,5.0,107,100.0
249422,Harbor Market & Deli,Harbor Market & Deli,n6reYUBVF9buglcojgB0FQ,2.0,6,100.0
249426,I Bike Santa Barbara Wine Country Tours,I Bike Santa Barbara Wine Country Tours,ijU7hEUbD1Nq7KKbi4nyeQ,5.0,79,100.0
249433,Santa Barbara Yacht Club,Santa Barbara Yacht Club,zn9Y2K3_3peB7qC0BEbJvg,4.0,16,100.0
249441,Arroyo Burro Beach,Arroyo Burro Beach,zNlJxBcmLPooXY9N2iH_6w,4.5,251,100.0
249447,FM YOUTH Santa Barbara,U-Haul of Santa Barbara,VqXqBWHiiVJ9ysfQ3kDbLg,2.0,59,80.0
249451,Montecito Pet Shop,Montecito Pet Shop,YiOWSsOJi-2OValwv9qitw,4.0,37,100.0
249452,The Little Things Bakery,The Little Things Bakery,u9oG6CVhS9dJR5ZHS5q23A,4.5,127,100.0
249453,Douglas Family Preserve,Douglas Family Preserve,3fPvGGLaH29WkXXcOPJ_NQ,5.0,157,100.0
249454,Subway,Subway,Hqz96v1ymucUKNzIWfEKXw,3.0,5,100.0
249455,Starbucks,Starbucks,KiE0h68HGOO7ZXAqkMBdiw,2.5,35,100.0
249456,Bagel Market Cafe,Bagel Market Cafe,2cRTgUdOx7PNOQ6C0nnnug,3.5,79,100.0
249457,Szechuan Restaurant,Szechuan Restaurant,8RlO6NuhWzXktp-1croq5A,3.5,234,100.0
249458,Vons,Vons,WQnjp_CEYTYKBBKJDME0bQ,2.5,24,100.0
249459,Rite Aid,Rite Aid,_o3AtnA941ClNRa8Rx7c-A,1.5,31,100.0
249462,The Lovin' Spoonful,The Lovin Spoonful,NmexnuLm3zyKxsgwbCe7ug,4.5,67,97.2972972972973
249463,Super Cuca's Taqueria,Super Cuca's Taqueria,jZncFsMQdrq268OHq_Q6uw,4.0,108,100.0
249464,Mesa Produce,Mesa Produce,-6jvfSJGprbfBD2QrS9zQw,5.0,19,100.0
249468,Szechuan Restaurant,Szechuan Restaurant,8RlO6NuhWzXktp-1croq5A,3.5,234,100.0
249469,Shoreline Beach,Shoreline Beach Cafe,Un-UDVOuv1co3TMmGaumxA,4.0,534,85.71428571428572
249471,Leadbetter Beach,Leadbetter Beach,P3zq1bsGCZm3qp4yLkqHnA,4.0,43,100.0
249474,Shoreline Cafe,Shoreline Beach Cafe,Un-UDVOuv1co3TMmGaumxA,4.0,534,82.35294117647058
249478,Leadbetter Beach,Leadbetter Beach,P3zq1bsGCZm3qp4yLkqHnA,4.0,43,100.0
249480,Mesa Bookstore,The Mesa Bookstore,98H6lNXssLWlPbwwqmDq6w,5.0,18,87.5
249481,Cliff Room,The Cliff Room,DbYZpG1O8Qknfk_IqXtHxg,4.0,38,83.33333333333334
249483,Mesa Liquors,Mesa Liquors,RqmKdsCh53VCr50QHybrAQ,1.5,5,100.0
249485,Union Bank,Union Bank,YW9bxMWQ3lUoi64lirtZYg,3.0,5,100.0
249489,Beachside Dental,Beachside Dental,vH616bCXnihp3HuiRkatuQ,4.0,15,100.0
249492,Mesa Fuel Depot and The Point Market,The Point Market at Mesa Fuel Depot,WWoUVlbCdnNT_CQG3S0ZdQ,3.0,28,95.77464788732395
249493,Fuel Depot,Fuel Depot,Vb-9SshcFWWDNcLYgCAtkw,2.5,6,100.0
249494,Vons,Vons,WQnjp_CEYTYKBBKJDME0bQ,2.5,24,100.0
249497,Luce Salon,Luce Salon,RvpM--0mCVEBGiPNTekxlA,4.5,20,100.0
249498,Charming Nails,Charming Nails,piu_XxmLEgW2mZXn0FNyuA,3.0,49,100.0
249499,Brazilian by Brazilian,Brazilian by Brazilian,hNlC7_o3ZzH7HYu8hj51NA,5.0,88,100.0
249500,The Cliff Room,The Cliff Room,DbYZpG1O8Qknfk_IqXtHxg,4.0,38,100.0
249501,Alpha Floral,Alpha Floral,yk00rxP7MCuoVdIyvBddXA,4.5,140,100.0
249502,Sugar,Sugar,YSTaLnxXEvNhby0SEu-5KA,5.0,63,100.0
249503,Mesa Liquor,Mesa Liquors,RqmKdsCh53VCr50QHybrAQ,1.5,5,95.65217391304348
249504,Tanners Cove Mesa,Tanners Cove,dBWuGHqUBv39PbYU2046DQ,3.0,24,82.75862068965517
249505,American Cleaners & Tailoring,American Cleaners & Tailoring,cRRGOd4BxqJofhLgVihEzw,3.0,20,100.0
249507,Rose Cafe,Rose Cafe,eFn-8QlFGdkT_B-bWigtFQ,4.0,115,100.0
249508,Alcazar Tapas Bar,Alcazar Tapas Bar,0cWnURpfrb4MqKSzyVN4SQ,4.0,152,100.0
249510,Divine Hair Studio,Divine Hair Studio,P7GDMZ-OOSZLJ-mTvI_klA,5.0,21,100.0
249514,Wells Fargo ATM,Wells Fargo Bank,mo3qhcagUPSwdqmkd-o-Hg,2.5,14,83.87096774193549
249515,Santa Barbara Dental Implants,Gentle Dental Santa Barbara,cRg8dJQLyrSymyli4WxNXg,2.0,55,82.14285714285714
249517,Ford Chiropractic & Sports Care,Ford Chiropractic & Sports Care,DKfFKVITUKjiBEy_L8PSUA,5.0,5,100.0
249518,Regenerate Health Medical Center,Regenerate Health Medical Center,EUq71cRofICDahJtsHsu3g,4.0,32,100.0
249524,The Point Market,The Point Market,GmOfZHgU9fm75f1nmVZnNA,3.5,7,100.0
249528,Starbucks,Starbucks,KiE0h68HGOO7ZXAqkMBdiw,2.5,35,100.0
249529,McDonald's,McDonald's,jshnKTsnoXLSez5XD1qo7Q,2.5,56,100.0
249531,Taco Bell,Taco Bell,OdRkeCycTpMRow9XUXVNWw,2.0,5,100.0
249532,Mesa Barber Shop,Mesa Barber Shop,cBgNa2PIFy1wSXcduYIiUg,4.0,49,100.0
249533,Rite Aid,Rite Aid,_o3AtnA941ClNRa8Rx7c-A,1.5,31,100.0
249537,Santa Barbara,LF Santa Barbara,6zsdSFG86YXsgWK1wtU-3g,3.0,37,89.65517241379311
249538,Allen & Sons Appliance,Allen & Sons Appliance,7wqr9V8LIb9C_FMjK8vvag,2.5,8,100.0
249540,U.S. Bank Branch,U.S. Bank Branch,P0ToKWFksOpX-wBJuE5kSg,2.5,13,100.0
249542,The Little Things Bakery,The Little Things Bakery,u9oG6CVhS9dJR5ZHS5q23A,4.5,127,100.0
249543,Montecito Pet Shop,Montecito Pet Shop,YiOWSsOJi-2OValwv9qitw,4.0,37,100.0
249547,Chase Bank,Chase Bank,Ff852WLwy5qyk9-9Sx0h8w,2.5,7,100.0
249555,The UPS Store,The UPS Store,sCkN50fE_Pe9gwSnwVwiJA,3.5,37,100.0
249560,Sadie Skin Care,Sadie Skin Care,8YIQYGj7uPaMkWEc1jlhAg,5.0,6,100.0
249569,Khasy,Khasy,9hUfigoq_HVg5Y7k2WSdww,5.0,10,100.0
249572,Energy Tattoo,Energy Tattoo,6swZ2vF-r8TllIuB25eQCQ,4.5,169,100.0
249573,Dolce Vista Salon,Dolce Vista Salon,42L_JP9NxoSsb5p4brndMw,4.5,33,100.0
249574,Sam's To Go,Sam's To Go,-fxH1XplVLVtWg2ZJWwRdA,4.5,87,100.0
249575,The Mesa Laundromat,The Mesa Laundromat,6TlMBR1YqEhe0JUUBFMSrg,3.5,24,100.0
249580,Blenders In The Grass,Blenders In the Grass,dQ6d9H7rnFSOSC_FXbJ_FQ,4.0,50,100.0
249583,Imagine Weddings and Special Events,Imagine Weddings & Special Events,HK814n_8tYF94a5on_M2ZQ,5.0,33,94.11764705882352
249585,Lotus Skin Care And Well Being,Lotus Skin Care and Well Being,7mttjxwRMd72uA0eAZYwyQ,4.0,7,100.0
249591,Douglas Family Preserve,Douglas Family Preserve,3fPvGGLaH29WkXXcOPJ_NQ,5.0,157,100.0
249592,Santa Barbara CornerTap,Santa Barbara Cryotherapy,DBh30kBSyS9CQ2zRn6uUkA,5.0,12,83.33333333333334
249593,Corner Tap,Corner Tap Room,-BdYhP-12elmFV7oB1iv4A,5.0,41,80.0
249595,7-Eleven,7-Eleven,EtGFDdjui_Hww78JU4XoXg,3.0,6,100.0
249606,Meun Fan Thai Cafe,Meun Fan Thai Cafe,jW4a3W9-UkFxpglHvo_Kqg,4.0,195,100.0
249607,P3 Hair Design,P3 Hair Design,OfBNW8dv8DVjzVYk2Keg7A,4.0,8,100.0
249608,CVS Pharmacy,CVS Pharmacy,UDZxN93l5_ggUFeF0EEcYg,3.0,7,100.0
249610,Pulse Fitness Santa Barbara,PULSE Fitness Santa Barbara,eWGUz12uvX7ZCTvEEnzVVQ,4.5,21,100.0
249611,Solace Salon & Spa,Solace Salon & Spa,HncFKqa1_JhqTabbkfYfBg,5.0,20,100.0
249613,Mesa Pizza Co,Mesa Pizza,ZrxlfdFU_qpnIHI2DmoRxA,4.0,176,86.95652173913044
249615,Denny Trevor DDS,"Trevor Denny, DDS",MAikFvAmH-UwqGAu-2PStw,5.0,79,96.96969696969697
249617,Mesa Chiropractic,Mesa Chiropractic,UYv5eH0QVoMot5h-MFkJcw,4.0,11,100.0
249618,Santa Barbara Pet Hospital,Santa Barbara Pet Hospital,mNMYUhCd9RnJVIcJT8lY3g,4.0,17,100.0
249621,Mira Bella Salon & Spa,Mira Bella Salon & Spa,_PxWQoKAfyoNtEaPsqDZrA,3.5,41,100.0
249622,Detox Depot Santa Barbara,Santa Barbara Paint Depot,BLBIC5LcGHNtVrofvol9Bw,3.5,7,84.0
249626,Lighthouse Coffee,Lighthouse Coffee,gsXBNWHWhHv_f9NcwpVajw,4.5,29,100.0
249627,Trevor Denny D.D.S.,"Trevor Denny, DDS",MAikFvAmH-UwqGAu-2PStw,5.0,79,88.88888888888889
249628,Santa Barbara Yoga Collective,Santa Barbara Collective,D5eQp0MHzKNfMVvOCoREWg,4.0,8,90.56603773584906
249630,Lazy Acres Market - Santa Barbara,Lazy Acres Market - Santa Barbara,wJiaLWAxfqDeFsmE2cI8tg,3.5,244,100.0
249634,Outpost Restaurant,Petros Restaurant,3bZADX_g9efvqGXaAY7Kbg,4.0,188,80.0
249640,Santa Barbara Construction,Castle Construction of Santa Barbara,DBzyFxLJG3CCEBm3zshfww,5.0,5,83.87096774193549
249641,Jerry The Plumber Inc,Jerry The Plumber,rZQqiElaeM7JO2rQAXHK2w,4.5,9,89.47368421052632
249643,Douglas Preserve,Douglas Family Preserve,3fPvGGLaH29WkXXcOPJ_NQ,5.0,157,82.05128205128204
249646,Mesa Lane Steps,Mesa Lane Steps,VvmfdtT8lfBAGZF5DjszYw,4.5,42,100.0
249648,La Mesa Park,Alameda Park,--O3ip9NpXTKD4oBS1pY2A,4.5,65,83.33333333333334
249650,Lynch Construction,MAC Construction,dIYGIJtF9PGlrtSF8Os63Q,5.0,20,82.35294117647058
249653,Thousand Steps Beach,One Thousand Steps Beach,A9HKXtFnNprkzGewUV9QZA,4.5,45,90.9090909090909
